INFO:     Started server process [241766]
INFO:     Waiting for application startup.
(trapped) error reading bcrypt version
Traceback (most recent call last):
  File "/opt/automacoes/cliquedf/estoque/venv/lib/python3.12/site-packages/passlib/handlers/bcrypt.py", line 620, in _load_backend_mixin
    version = _bcrypt.__about__.__version__
              ^^^^^^^^^^^^^^^^^
AttributeError: module 'bcrypt' has no attribute '__about__'
ERROR:    Traceback (most recent call last):
  File "/opt/automacoes/cliquedf/estoque/venv/lib/python3.12/site-packages/starlette/routing.py", line 638, in lifespan
    async with self.lifespan_context(app) as maybe_state:
  File "/usr/lib/python3.12/contextlib.py", line 210, in __aenter__
    return await anext(self.gen)
           ^^^^^^^^^^^^^^^^^^^^^
  File "/opt/automacoes/cliquedf/estoque/venv/lib/python3.12/site-packages/fastapi/routing.py", line 216, in merged_lifespan
    async with original_context(app) as maybe_original_state:
  File "/usr/lib/python3.12/contextlib.py", line 210, in __aenter__
    return await anext(self.gen)
           ^^^^^^^^^^^^^^^^^^^^^
  File "/opt/automacoes/cliquedf/estoque/venv/lib/python3.12/site-packages/fastapi/routing.py", line 216, in merged_lifespan
    async with original_context(app) as maybe_original_state:
  File "/usr/lib/python3.12/contextlib.py", line 210, in __aenter__
    return await anext(self.gen)
           ^^^^^^^^^^^^^^^^^^^^^
  File "/opt/automacoes/cliquedf/estoque/venv/lib/python3.12/site-packages/fastapi/routing.py", line 216, in merged_lifespan
    async with original_context(app) as maybe_original_state:
  File "/usr/lib/python3.12/contextlib.py", line 210, in __aenter__
    return await anext(self.gen)
           ^^^^^^^^^^^^^^^^^^^^^
  File "/opt/automacoes/cliquedf/estoque/venv/lib/python3.12/site-packages/fastapi/routing.py", line 216, in merged_lifespan
    async with original_context(app) as maybe_original_state:
  File "/opt/automacoes/cliquedf/estoque/venv/lib/python3.12/site-packages/fastapi/routing.py", line 241, in __aenter__
    await self._router._startup()
  File "/opt/automacoes/cliquedf/estoque/venv/lib/python3.12/site-packages/fastapi/routing.py", line 4886, in _startup
    handler()
  File "/opt/automacoes/cliquedf/estoque/main.py", line 38, in startup
    init_db()
  File "/opt/automacoes/cliquedf/estoque/app/routes/auth.py", line 40, in init_db
    """, ("master", bcrypt.hash("master"),
                    ^^^^^^^^^^^^^^^^^^^^^
  File "/opt/automacoes/cliquedf/estoque/venv/lib/python3.12/site-packages/passlib/utils/handlers.py", line 779, in hash
    self.checksum = self._calc_checksum(secret)
                    ^^^^^^^^^^^^^^^^^^^^^^^^^^^
  File "/opt/automacoes/cliquedf/estoque/venv/lib/python3.12/site-packages/passlib/handlers/bcrypt.py", line 591, in _calc_checksum
    self._stub_requires_backend()
  File "/opt/automacoes/cliquedf/estoque/venv/lib/python3.12/site-packages/passlib/utils/handlers.py", line 2254, in _stub_requires_backend
    cls.set_backend()
  File "/opt/automacoes/cliquedf/estoque/venv/lib/python3.12/site-packages/passlib/utils/handlers.py", line 2163, in set_backend
    return cls.set_backend(name, dryrun=dryrun)
           ^^^^^^^^^^^^^^^^^^^^^^^^^^^^^^^^^^^^
  File "/opt/automacoes/cliquedf/estoque/venv/lib/python3.12/site-packages/passlib/utils/handlers.py", line 2188, in set_backend
    cls._set_backend(name, dryrun)
  File "/opt/automacoes/cliquedf/estoque/venv/lib/python3.12/site-packages/passlib/utils/handlers.py", line 2311, in _set_backend
    super(SubclassBackendMixin, cls)._set_backend(name, dryrun)
  File "/opt/automacoes/cliquedf/estoque/venv/lib/python3.12/site-packages/passlib/utils/handlers.py", line 2224, in _set_backend
    ok = loader(**kwds)
         ^^^^^^^^^^^^^^
  File "/opt/automacoes/cliquedf/estoque/venv/lib/python3.12/site-packages/passlib/handlers/bcrypt.py", line 626, in _load_backend_mixin
    return mixin_cls._finalize_backend_mixin(name, dryrun)
           ^^^^^^^^^^^^^^^^^^^^^^^^^^^^^^^^^^^^^^^^^^^^^^^
  File "/opt/automacoes/cliquedf/estoque/venv/lib/python3.12/site-packages/passlib/handlers/bcrypt.py", line 421, in _finalize_backend_mixin
    if detect_wrap_bug(IDENT_2A):
       ^^^^^^^^^^^^^^^^^^^^^^^^^
  File "/opt/automacoes/cliquedf/estoque/venv/lib/python3.12/site-packages/passlib/handlers/bcrypt.py", line 380, in detect_wrap_bug
    if verify(secret, bug_hash):
       ^^^^^^^^^^^^^^^^^^^^^^^^
  File "/opt/automacoes/cliquedf/estoque/venv/lib/python3.12/site-packages/passlib/utils/handlers.py", line 792, in verify
    return consteq(self._calc_checksum(secret), chk)
                   ^^^^^^^^^^^^^^^^^^^^^^^^^^^
  File "/opt/automacoes/cliquedf/estoque/venv/lib/python3.12/site-packages/passlib/handlers/bcrypt.py", line 655, in _calc_checksum
    hash = _bcrypt.hashpw(secret, config)
           ^^^^^^^^^^^^^^^^^^^^^^^^^^^^^^
ValueError: password cannot be longer than 72 bytes, truncate manually if necessary (e.g. my_password[:72])

ERROR:    Application startup failed. Exiting.
INFO:     Started server process [241769]
INFO:     Waiting for application startup.
(trapped) error reading bcrypt version
Traceback (most recent call last):
  File "/opt/automacoes/cliquedf/estoque/venv/lib/python3.12/site-packages/passlib/handlers/bcrypt.py", line 620, in _load_backend_mixin
    version = _bcrypt.__about__.__version__
              ^^^^^^^^^^^^^^^^^
AttributeError: module 'bcrypt' has no attribute '__about__'
ERROR:    Traceback (most recent call last):
  File "/opt/automacoes/cliquedf/estoque/venv/lib/python3.12/site-packages/starlette/routing.py", line 638, in lifespan
    async with self.lifespan_context(app) as maybe_state:
  File "/usr/lib/python3.12/contextlib.py", line 210, in __aenter__
    return await anext(self.gen)
           ^^^^^^^^^^^^^^^^^^^^^
  File "/opt/automacoes/cliquedf/estoque/venv/lib/python3.12/site-packages/fastapi/routing.py", line 216, in merged_lifespan
    async with original_context(app) as maybe_original_state:
  File "/usr/lib/python3.12/contextlib.py", line 210, in __aenter__
    return await anext(self.gen)
           ^^^^^^^^^^^^^^^^^^^^^
  File "/opt/automacoes/cliquedf/estoque/venv/lib/python3.12/site-packages/fastapi/routing.py", line 216, in merged_lifespan
    async with original_context(app) as maybe_original_state:
  File "/usr/lib/python3.12/contextlib.py", line 210, in __aenter__
    return await anext(self.gen)
           ^^^^^^^^^^^^^^^^^^^^^
  File "/opt/automacoes/cliquedf/estoque/venv/lib/python3.12/site-packages/fastapi/routing.py", line 216, in merged_lifespan
    async with original_context(app) as maybe_original_state:
  File "/usr/lib/python3.12/contextlib.py", line 210, in __aenter__
    return await anext(self.gen)
           ^^^^^^^^^^^^^^^^^^^^^
  File "/opt/automacoes/cliquedf/estoque/venv/lib/python3.12/site-packages/fastapi/routing.py", line 216, in merged_lifespan
    async with original_context(app) as maybe_original_state:
  File "/opt/automacoes/cliquedf/estoque/venv/lib/python3.12/site-packages/fastapi/routing.py", line 241, in __aenter__
    await self._router._startup()
  File "/opt/automacoes/cliquedf/estoque/venv/lib/python3.12/site-packages/fastapi/routing.py", line 4886, in _startup
    handler()
  File "/opt/automacoes/cliquedf/estoque/main.py", line 38, in startup
    init_db()
  File "/opt/automacoes/cliquedf/estoque/app/routes/auth.py", line 40, in init_db
    """, ("master", bcrypt.hash("master"),
                    ^^^^^^^^^^^^^^^^^^^^^
  File "/opt/automacoes/cliquedf/estoque/venv/lib/python3.12/site-packages/passlib/utils/handlers.py", line 779, in hash
    self.checksum = self._calc_checksum(secret)
                    ^^^^^^^^^^^^^^^^^^^^^^^^^^^
  File "/opt/automacoes/cliquedf/estoque/venv/lib/python3.12/site-packages/passlib/handlers/bcrypt.py", line 591, in _calc_checksum
    self._stub_requires_backend()
  File "/opt/automacoes/cliquedf/estoque/venv/lib/python3.12/site-packages/passlib/utils/handlers.py", line 2254, in _stub_requires_backend
    cls.set_backend()
  File "/opt/automacoes/cliquedf/estoque/venv/lib/python3.12/site-packages/passlib/utils/handlers.py", line 2163, in set_backend
    return cls.set_backend(name, dryrun=dryrun)
           ^^^^^^^^^^^^^^^^^^^^^^^^^^^^^^^^^^^^
  File "/opt/automacoes/cliquedf/estoque/venv/lib/python3.12/site-packages/passlib/utils/handlers.py", line 2188, in set_backend
    cls._set_backend(name, dryrun)
  File "/opt/automacoes/cliquedf/estoque/venv/lib/python3.12/site-packages/passlib/utils/handlers.py", line 2311, in _set_backend
    super(SubclassBackendMixin, cls)._set_backend(name, dryrun)
  File "/opt/automacoes/cliquedf/estoque/venv/lib/python3.12/site-packages/passlib/utils/handlers.py", line 2224, in _set_backend
    ok = loader(**kwds)
         ^^^^^^^^^^^^^^
  File "/opt/automacoes/cliquedf/estoque/venv/lib/python3.12/site-packages/passlib/handlers/bcrypt.py", line 626, in _load_backend_mixin
    return mixin_cls._finalize_backend_mixin(name, dryrun)
           ^^^^^^^^^^^^^^^^^^^^^^^^^^^^^^^^^^^^^^^^^^^^^^^
  File "/opt/automacoes/cliquedf/estoque/venv/lib/python3.12/site-packages/passlib/handlers/bcrypt.py", line 421, in _finalize_backend_mixin
    if detect_wrap_bug(IDENT_2A):
       ^^^^^^^^^^^^^^^^^^^^^^^^^
  File "/opt/automacoes/cliquedf/estoque/venv/lib/python3.12/site-packages/passlib/handlers/bcrypt.py", line 380, in detect_wrap_bug
    if verify(secret, bug_hash):
       ^^^^^^^^^^^^^^^^^^^^^^^^
  File "/opt/automacoes/cliquedf/estoque/venv/lib/python3.12/site-packages/passlib/utils/handlers.py", line 792, in verify
    return consteq(self._calc_checksum(secret), chk)
                   ^^^^^^^^^^^^^^^^^^^^^^^^^^^
  File "/opt/automacoes/cliquedf/estoque/venv/lib/python3.12/site-packages/passlib/handlers/bcrypt.py", line 655, in _calc_checksum
    hash = _bcrypt.hashpw(secret, config)
           ^^^^^^^^^^^^^^^^^^^^^^^^^^^^^^
ValueError: password cannot be longer than 72 bytes, truncate manually if necessary (e.g. my_password[:72])

ERROR:    Application startup failed. Exiting.
INFO:     Started server process [241772]
INFO:     Waiting for application startup.
(trapped) error reading bcrypt version
Traceback (most recent call last):
  File "/opt/automacoes/cliquedf/estoque/venv/lib/python3.12/site-packages/passlib/handlers/bcrypt.py", line 620, in _load_backend_mixin
    version = _bcrypt.__about__.__version__
              ^^^^^^^^^^^^^^^^^
AttributeError: module 'bcrypt' has no attribute '__about__'
ERROR:    Traceback (most recent call last):
  File "/opt/automacoes/cliquedf/estoque/venv/lib/python3.12/site-packages/starlette/routing.py", line 638, in lifespan
    async with self.lifespan_context(app) as maybe_state:
  File "/usr/lib/python3.12/contextlib.py", line 210, in __aenter__
    return await anext(self.gen)
           ^^^^^^^^^^^^^^^^^^^^^
  File "/opt/automacoes/cliquedf/estoque/venv/lib/python3.12/site-packages/fastapi/routing.py", line 216, in merged_lifespan
    async with original_context(app) as maybe_original_state:
  File "/usr/lib/python3.12/contextlib.py", line 210, in __aenter__
    return await anext(self.gen)
           ^^^^^^^^^^^^^^^^^^^^^
  File "/opt/automacoes/cliquedf/estoque/venv/lib/python3.12/site-packages/fastapi/routing.py", line 216, in merged_lifespan
    async with original_context(app) as maybe_original_state:
  File "/usr/lib/python3.12/contextlib.py", line 210, in __aenter__
    return await anext(self.gen)
           ^^^^^^^^^^^^^^^^^^^^^
  File "/opt/automacoes/cliquedf/estoque/venv/lib/python3.12/site-packages/fastapi/routing.py", line 216, in merged_lifespan
    async with original_context(app) as maybe_original_state:
  File "/usr/lib/python3.12/contextlib.py", line 210, in __aenter__
    return await anext(self.gen)
           ^^^^^^^^^^^^^^^^^^^^^
  File "/opt/automacoes/cliquedf/estoque/venv/lib/python3.12/site-packages/fastapi/routing.py", line 216, in merged_lifespan
    async with original_context(app) as maybe_original_state:
  File "/opt/automacoes/cliquedf/estoque/venv/lib/python3.12/site-packages/fastapi/routing.py", line 241, in __aenter__
    await self._router._startup()
  File "/opt/automacoes/cliquedf/estoque/venv/lib/python3.12/site-packages/fastapi/routing.py", line 4886, in _startup
    handler()
  File "/opt/automacoes/cliquedf/estoque/main.py", line 38, in startup
    init_db()
  File "/opt/automacoes/cliquedf/estoque/app/routes/auth.py", line 40, in init_db
    """, ("master", bcrypt.hash("master"),
                    ^^^^^^^^^^^^^^^^^^^^^
  File "/opt/automacoes/cliquedf/estoque/venv/lib/python3.12/site-packages/passlib/utils/handlers.py", line 779, in hash
    self.checksum = self._calc_checksum(secret)
                    ^^^^^^^^^^^^^^^^^^^^^^^^^^^
  File "/opt/automacoes/cliquedf/estoque/venv/lib/python3.12/site-packages/passlib/handlers/bcrypt.py", line 591, in _calc_checksum
    self._stub_requires_backend()
  File "/opt/automacoes/cliquedf/estoque/venv/lib/python3.12/site-packages/passlib/utils/handlers.py", line 2254, in _stub_requires_backend
    cls.set_backend()
  File "/opt/automacoes/cliquedf/estoque/venv/lib/python3.12/site-packages/passlib/utils/handlers.py", line 2163, in set_backend
    return cls.set_backend(name, dryrun=dryrun)
           ^^^^^^^^^^^^^^^^^^^^^^^^^^^^^^^^^^^^
  File "/opt/automacoes/cliquedf/estoque/venv/lib/python3.12/site-packages/passlib/utils/handlers.py", line 2188, in set_backend
    cls._set_backend(name, dryrun)
  File "/opt/automacoes/cliquedf/estoque/venv/lib/python3.12/site-packages/passlib/utils/handlers.py", line 2311, in _set_backend
    super(SubclassBackendMixin, cls)._set_backend(name, dryrun)
  File "/opt/automacoes/cliquedf/estoque/venv/lib/python3.12/site-packages/passlib/utils/handlers.py", line 2224, in _set_backend
    ok = loader(**kwds)
         ^^^^^^^^^^^^^^
  File "/opt/automacoes/cliquedf/estoque/venv/lib/python3.12/site-packages/passlib/handlers/bcrypt.py", line 626, in _load_backend_mixin
    return mixin_cls._finalize_backend_mixin(name, dryrun)
           ^^^^^^^^^^^^^^^^^^^^^^^^^^^^^^^^^^^^^^^^^^^^^^^
  File "/opt/automacoes/cliquedf/estoque/venv/lib/python3.12/site-packages/passlib/handlers/bcrypt.py", line 421, in _finalize_backend_mixin
    if detect_wrap_bug(IDENT_2A):
       ^^^^^^^^^^^^^^^^^^^^^^^^^
  File "/opt/automacoes/cliquedf/estoque/venv/lib/python3.12/site-packages/passlib/handlers/bcrypt.py", line 380, in detect_wrap_bug
    if verify(secret, bug_hash):
       ^^^^^^^^^^^^^^^^^^^^^^^^
  File "/opt/automacoes/cliquedf/estoque/venv/lib/python3.12/site-packages/passlib/utils/handlers.py", line 792, in verify
    return consteq(self._calc_checksum(secret), chk)
                   ^^^^^^^^^^^^^^^^^^^^^^^^^^^
  File "/opt/automacoes/cliquedf/estoque/venv/lib/python3.12/site-packages/passlib/handlers/bcrypt.py", line 655, in _calc_checksum
    hash = _bcrypt.hashpw(secret, config)
           ^^^^^^^^^^^^^^^^^^^^^^^^^^^^^^
ValueError: password cannot be longer than 72 bytes, truncate manually if necessary (e.g. my_password[:72])

ERROR:    Application startup failed. Exiting.
INFO:     Started server process [241774]
INFO:     Waiting for application startup.
(trapped) error reading bcrypt version
Traceback (most recent call last):
  File "/opt/automacoes/cliquedf/estoque/venv/lib/python3.12/site-packages/passlib/handlers/bcrypt.py", line 620, in _load_backend_mixin
    version = _bcrypt.__about__.__version__
              ^^^^^^^^^^^^^^^^^
AttributeError: module 'bcrypt' has no attribute '__about__'
ERROR:    Traceback (most recent call last):
  File "/opt/automacoes/cliquedf/estoque/venv/lib/python3.12/site-packages/starlette/routing.py", line 638, in lifespan
    async with self.lifespan_context(app) as maybe_state:
  File "/usr/lib/python3.12/contextlib.py", line 210, in __aenter__
    return await anext(self.gen)
           ^^^^^^^^^^^^^^^^^^^^^
  File "/opt/automacoes/cliquedf/estoque/venv/lib/python3.12/site-packages/fastapi/routing.py", line 216, in merged_lifespan
    async with original_context(app) as maybe_original_state:
  File "/usr/lib/python3.12/contextlib.py", line 210, in __aenter__
    return await anext(self.gen)
           ^^^^^^^^^^^^^^^^^^^^^
  File "/opt/automacoes/cliquedf/estoque/venv/lib/python3.12/site-packages/fastapi/routing.py", line 216, in merged_lifespan
    async with original_context(app) as maybe_original_state:
  File "/usr/lib/python3.12/contextlib.py", line 210, in __aenter__
    return await anext(self.gen)
           ^^^^^^^^^^^^^^^^^^^^^
  File "/opt/automacoes/cliquedf/estoque/venv/lib/python3.12/site-packages/fastapi/routing.py", line 216, in merged_lifespan
    async with original_context(app) as maybe_original_state:
  File "/usr/lib/python3.12/contextlib.py", line 210, in __aenter__
    return await anext(self.gen)
           ^^^^^^^^^^^^^^^^^^^^^
  File "/opt/automacoes/cliquedf/estoque/venv/lib/python3.12/site-packages/fastapi/routing.py", line 216, in merged_lifespan
    async with original_context(app) as maybe_original_state:
  File "/opt/automacoes/cliquedf/estoque/venv/lib/python3.12/site-packages/fastapi/routing.py", line 241, in __aenter__
    await self._router._startup()
  File "/opt/automacoes/cliquedf/estoque/venv/lib/python3.12/site-packages/fastapi/routing.py", line 4886, in _startup
    handler()
  File "/opt/automacoes/cliquedf/estoque/main.py", line 38, in startup
    init_db()
  File "/opt/automacoes/cliquedf/estoque/app/routes/auth.py", line 40, in init_db
    """, ("master", bcrypt.hash("master"),
                    ^^^^^^^^^^^^^^^^^^^^^
  File "/opt/automacoes/cliquedf/estoque/venv/lib/python3.12/site-packages/passlib/utils/handlers.py", line 779, in hash
    self.checksum = self._calc_checksum(secret)
                    ^^^^^^^^^^^^^^^^^^^^^^^^^^^
  File "/opt/automacoes/cliquedf/estoque/venv/lib/python3.12/site-packages/passlib/handlers/bcrypt.py", line 591, in _calc_checksum
    self._stub_requires_backend()
  File "/opt/automacoes/cliquedf/estoque/venv/lib/python3.12/site-packages/passlib/utils/handlers.py", line 2254, in _stub_requires_backend
    cls.set_backend()
  File "/opt/automacoes/cliquedf/estoque/venv/lib/python3.12/site-packages/passlib/utils/handlers.py", line 2163, in set_backend
    return cls.set_backend(name, dryrun=dryrun)
           ^^^^^^^^^^^^^^^^^^^^^^^^^^^^^^^^^^^^
  File "/opt/automacoes/cliquedf/estoque/venv/lib/python3.12/site-packages/passlib/utils/handlers.py", line 2188, in set_backend
    cls._set_backend(name, dryrun)
  File "/opt/automacoes/cliquedf/estoque/venv/lib/python3.12/site-packages/passlib/utils/handlers.py", line 2311, in _set_backend
    super(SubclassBackendMixin, cls)._set_backend(name, dryrun)
  File "/opt/automacoes/cliquedf/estoque/venv/lib/python3.12/site-packages/passlib/utils/handlers.py", line 2224, in _set_backend
    ok = loader(**kwds)
         ^^^^^^^^^^^^^^
  File "/opt/automacoes/cliquedf/estoque/venv/lib/python3.12/site-packages/passlib/handlers/bcrypt.py", line 626, in _load_backend_mixin
    return mixin_cls._finalize_backend_mixin(name, dryrun)
           ^^^^^^^^^^^^^^^^^^^^^^^^^^^^^^^^^^^^^^^^^^^^^^^
  File "/opt/automacoes/cliquedf/estoque/venv/lib/python3.12/site-packages/passlib/handlers/bcrypt.py", line 421, in _finalize_backend_mixin
    if detect_wrap_bug(IDENT_2A):
       ^^^^^^^^^^^^^^^^^^^^^^^^^
  File "/opt/automacoes/cliquedf/estoque/venv/lib/python3.12/site-packages/passlib/handlers/bcrypt.py", line 380, in detect_wrap_bug
    if verify(secret, bug_hash):
       ^^^^^^^^^^^^^^^^^^^^^^^^
  File "/opt/automacoes/cliquedf/estoque/venv/lib/python3.12/site-packages/passlib/utils/handlers.py", line 792, in verify
    return consteq(self._calc_checksum(secret), chk)
                   ^^^^^^^^^^^^^^^^^^^^^^^^^^^
  File "/opt/automacoes/cliquedf/estoque/venv/lib/python3.12/site-packages/passlib/handlers/bcrypt.py", line 655, in _calc_checksum
    hash = _bcrypt.hashpw(secret, config)
           ^^^^^^^^^^^^^^^^^^^^^^^^^^^^^^
ValueError: password cannot be longer than 72 bytes, truncate manually if necessary (e.g. my_password[:72])

ERROR:    Application startup failed. Exiting.
INFO:     Started server process [241778]
INFO:     Waiting for application startup.
(trapped) error reading bcrypt version
Traceback (most recent call last):
  File "/opt/automacoes/cliquedf/estoque/venv/lib/python3.12/site-packages/passlib/handlers/bcrypt.py", line 620, in _load_backend_mixin
    version = _bcrypt.__about__.__version__
              ^^^^^^^^^^^^^^^^^
AttributeError: module 'bcrypt' has no attribute '__about__'
ERROR:    Traceback (most recent call last):
  File "/opt/automacoes/cliquedf/estoque/venv/lib/python3.12/site-packages/starlette/routing.py", line 638, in lifespan
    async with self.lifespan_context(app) as maybe_state:
  File "/usr/lib/python3.12/contextlib.py", line 210, in __aenter__
    return await anext(self.gen)
           ^^^^^^^^^^^^^^^^^^^^^
  File "/opt/automacoes/cliquedf/estoque/venv/lib/python3.12/site-packages/fastapi/routing.py", line 216, in merged_lifespan
    async with original_context(app) as maybe_original_state:
  File "/usr/lib/python3.12/contextlib.py", line 210, in __aenter__
    return await anext(self.gen)
           ^^^^^^^^^^^^^^^^^^^^^
  File "/opt/automacoes/cliquedf/estoque/venv/lib/python3.12/site-packages/fastapi/routing.py", line 216, in merged_lifespan
    async with original_context(app) as maybe_original_state:
  File "/usr/lib/python3.12/contextlib.py", line 210, in __aenter__
    return await anext(self.gen)
           ^^^^^^^^^^^^^^^^^^^^^
  File "/opt/automacoes/cliquedf/estoque/venv/lib/python3.12/site-packages/fastapi/routing.py", line 216, in merged_lifespan
    async with original_context(app) as maybe_original_state:
  File "/usr/lib/python3.12/contextlib.py", line 210, in __aenter__
    return await anext(self.gen)
           ^^^^^^^^^^^^^^^^^^^^^
  File "/opt/automacoes/cliquedf/estoque/venv/lib/python3.12/site-packages/fastapi/routing.py", line 216, in merged_lifespan
    async with original_context(app) as maybe_original_state:
  File "/opt/automacoes/cliquedf/estoque/venv/lib/python3.12/site-packages/fastapi/routing.py", line 241, in __aenter__
    await self._router._startup()
  File "/opt/automacoes/cliquedf/estoque/venv/lib/python3.12/site-packages/fastapi/routing.py", line 4886, in _startup
    handler()
  File "/opt/automacoes/cliquedf/estoque/main.py", line 38, in startup
    init_db()
  File "/opt/automacoes/cliquedf/estoque/app/routes/auth.py", line 40, in init_db
    """, ("master", bcrypt.hash("master"),
                    ^^^^^^^^^^^^^^^^^^^^^
  File "/opt/automacoes/cliquedf/estoque/venv/lib/python3.12/site-packages/passlib/utils/handlers.py", line 779, in hash
    self.checksum = self._calc_checksum(secret)
                    ^^^^^^^^^^^^^^^^^^^^^^^^^^^
  File "/opt/automacoes/cliquedf/estoque/venv/lib/python3.12/site-packages/passlib/handlers/bcrypt.py", line 591, in _calc_checksum
    self._stub_requires_backend()
  File "/opt/automacoes/cliquedf/estoque/venv/lib/python3.12/site-packages/passlib/utils/handlers.py", line 2254, in _stub_requires_backend
    cls.set_backend()
  File "/opt/automacoes/cliquedf/estoque/venv/lib/python3.12/site-packages/passlib/utils/handlers.py", line 2163, in set_backend
    return cls.set_backend(name, dryrun=dryrun)
           ^^^^^^^^^^^^^^^^^^^^^^^^^^^^^^^^^^^^
  File "/opt/automacoes/cliquedf/estoque/venv/lib/python3.12/site-packages/passlib/utils/handlers.py", line 2188, in set_backend
    cls._set_backend(name, dryrun)
  File "/opt/automacoes/cliquedf/estoque/venv/lib/python3.12/site-packages/passlib/utils/handlers.py", line 2311, in _set_backend
    super(SubclassBackendMixin, cls)._set_backend(name, dryrun)
  File "/opt/automacoes/cliquedf/estoque/venv/lib/python3.12/site-packages/passlib/utils/handlers.py", line 2224, in _set_backend
    ok = loader(**kwds)
         ^^^^^^^^^^^^^^
  File "/opt/automacoes/cliquedf/estoque/venv/lib/python3.12/site-packages/passlib/handlers/bcrypt.py", line 626, in _load_backend_mixin
    return mixin_cls._finalize_backend_mixin(name, dryrun)
           ^^^^^^^^^^^^^^^^^^^^^^^^^^^^^^^^^^^^^^^^^^^^^^^
  File "/opt/automacoes/cliquedf/estoque/venv/lib/python3.12/site-packages/passlib/handlers/bcrypt.py", line 421, in _finalize_backend_mixin
    if detect_wrap_bug(IDENT_2A):
       ^^^^^^^^^^^^^^^^^^^^^^^^^
  File "/opt/automacoes/cliquedf/estoque/venv/lib/python3.12/site-packages/passlib/handlers/bcrypt.py", line 380, in detect_wrap_bug
    if verify(secret, bug_hash):
       ^^^^^^^^^^^^^^^^^^^^^^^^
  File "/opt/automacoes/cliquedf/estoque/venv/lib/python3.12/site-packages/passlib/utils/handlers.py", line 792, in verify
    return consteq(self._calc_checksum(secret), chk)
                   ^^^^^^^^^^^^^^^^^^^^^^^^^^^
  File "/opt/automacoes/cliquedf/estoque/venv/lib/python3.12/site-packages/passlib/handlers/bcrypt.py", line 655, in _calc_checksum
    hash = _bcrypt.hashpw(secret, config)
           ^^^^^^^^^^^^^^^^^^^^^^^^^^^^^^
ValueError: password cannot be longer than 72 bytes, truncate manually if necessary (e.g. my_password[:72])

ERROR:    Application startup failed. Exiting.
INFO:     Started server process [241799]
INFO:     Waiting for application startup.
(trapped) error reading bcrypt version
Traceback (most recent call last):
  File "/opt/automacoes/cliquedf/estoque/venv/lib/python3.12/site-packages/passlib/handlers/bcrypt.py", line 620, in _load_backend_mixin
    version = _bcrypt.__about__.__version__
              ^^^^^^^^^^^^^^^^^
AttributeError: module 'bcrypt' has no attribute '__about__'
ERROR:    Traceback (most recent call last):
  File "/opt/automacoes/cliquedf/estoque/venv/lib/python3.12/site-packages/starlette/routing.py", line 638, in lifespan
    async with self.lifespan_context(app) as maybe_state:
  File "/usr/lib/python3.12/contextlib.py", line 210, in __aenter__
    return await anext(self.gen)
           ^^^^^^^^^^^^^^^^^^^^^
  File "/opt/automacoes/cliquedf/estoque/venv/lib/python3.12/site-packages/fastapi/routing.py", line 216, in merged_lifespan
    async with original_context(app) as maybe_original_state:
  File "/usr/lib/python3.12/contextlib.py", line 210, in __aenter__
    return await anext(self.gen)
           ^^^^^^^^^^^^^^^^^^^^^
  File "/opt/automacoes/cliquedf/estoque/venv/lib/python3.12/site-packages/fastapi/routing.py", line 216, in merged_lifespan
    async with original_context(app) as maybe_original_state:
  File "/usr/lib/python3.12/contextlib.py", line 210, in __aenter__
    return await anext(self.gen)
           ^^^^^^^^^^^^^^^^^^^^^
  File "/opt/automacoes/cliquedf/estoque/venv/lib/python3.12/site-packages/fastapi/routing.py", line 216, in merged_lifespan
    async with original_context(app) as maybe_original_state:
  File "/usr/lib/python3.12/contextlib.py", line 210, in __aenter__
    return await anext(self.gen)
           ^^^^^^^^^^^^^^^^^^^^^
  File "/opt/automacoes/cliquedf/estoque/venv/lib/python3.12/site-packages/fastapi/routing.py", line 216, in merged_lifespan
    async with original_context(app) as maybe_original_state:
  File "/opt/automacoes/cliquedf/estoque/venv/lib/python3.12/site-packages/fastapi/routing.py", line 241, in __aenter__
    await self._router._startup()
  File "/opt/automacoes/cliquedf/estoque/venv/lib/python3.12/site-packages/fastapi/routing.py", line 4886, in _startup
    handler()
  File "/opt/automacoes/cliquedf/estoque/main.py", line 38, in startup
    init_db()
  File "/opt/automacoes/cliquedf/estoque/app/routes/auth.py", line 40, in init_db
    """, ("master", bcrypt.hash("master"),
                    ^^^^^^^^^^^^^^^^^^^^^
  File "/opt/automacoes/cliquedf/estoque/venv/lib/python3.12/site-packages/passlib/utils/handlers.py", line 779, in hash
    self.checksum = self._calc_checksum(secret)
                    ^^^^^^^^^^^^^^^^^^^^^^^^^^^
  File "/opt/automacoes/cliquedf/estoque/venv/lib/python3.12/site-packages/passlib/handlers/bcrypt.py", line 591, in _calc_checksum
    self._stub_requires_backend()
  File "/opt/automacoes/cliquedf/estoque/venv/lib/python3.12/site-packages/passlib/utils/handlers.py", line 2254, in _stub_requires_backend
    cls.set_backend()
  File "/opt/automacoes/cliquedf/estoque/venv/lib/python3.12/site-packages/passlib/utils/handlers.py", line 2163, in set_backend
    return cls.set_backend(name, dryrun=dryrun)
           ^^^^^^^^^^^^^^^^^^^^^^^^^^^^^^^^^^^^
  File "/opt/automacoes/cliquedf/estoque/venv/lib/python3.12/site-packages/passlib/utils/handlers.py", line 2188, in set_backend
    cls._set_backend(name, dryrun)
  File "/opt/automacoes/cliquedf/estoque/venv/lib/python3.12/site-packages/passlib/utils/handlers.py", line 2311, in _set_backend
    super(SubclassBackendMixin, cls)._set_backend(name, dryrun)
  File "/opt/automacoes/cliquedf/estoque/venv/lib/python3.12/site-packages/passlib/utils/handlers.py", line 2224, in _set_backend
    ok = loader(**kwds)
         ^^^^^^^^^^^^^^
  File "/opt/automacoes/cliquedf/estoque/venv/lib/python3.12/site-packages/passlib/handlers/bcrypt.py", line 626, in _load_backend_mixin
    return mixin_cls._finalize_backend_mixin(name, dryrun)
           ^^^^^^^^^^^^^^^^^^^^^^^^^^^^^^^^^^^^^^^^^^^^^^^
  File "/opt/automacoes/cliquedf/estoque/venv/lib/python3.12/site-packages/passlib/handlers/bcrypt.py", line 421, in _finalize_backend_mixin
    if detect_wrap_bug(IDENT_2A):
       ^^^^^^^^^^^^^^^^^^^^^^^^^
  File "/opt/automacoes/cliquedf/estoque/venv/lib/python3.12/site-packages/passlib/handlers/bcrypt.py", line 380, in detect_wrap_bug
    if verify(secret, bug_hash):
       ^^^^^^^^^^^^^^^^^^^^^^^^
  File "/opt/automacoes/cliquedf/estoque/venv/lib/python3.12/site-packages/passlib/utils/handlers.py", line 792, in verify
    return consteq(self._calc_checksum(secret), chk)
                   ^^^^^^^^^^^^^^^^^^^^^^^^^^^
  File "/opt/automacoes/cliquedf/estoque/venv/lib/python3.12/site-packages/passlib/handlers/bcrypt.py", line 655, in _calc_checksum
    hash = _bcrypt.hashpw(secret, config)
           ^^^^^^^^^^^^^^^^^^^^^^^^^^^^^^
ValueError: password cannot be longer than 72 bytes, truncate manually if necessary (e.g. my_password[:72])

ERROR:    Application startup failed. Exiting.
INFO:     Started server process [241801]
INFO:     Waiting for application startup.
(trapped) error reading bcrypt version
Traceback (most recent call last):
  File "/opt/automacoes/cliquedf/estoque/venv/lib/python3.12/site-packages/passlib/handlers/bcrypt.py", line 620, in _load_backend_mixin
    version = _bcrypt.__about__.__version__
              ^^^^^^^^^^^^^^^^^
AttributeError: module 'bcrypt' has no attribute '__about__'
ERROR:    Traceback (most recent call last):
  File "/opt/automacoes/cliquedf/estoque/venv/lib/python3.12/site-packages/starlette/routing.py", line 638, in lifespan
    async with self.lifespan_context(app) as maybe_state:
  File "/usr/lib/python3.12/contextlib.py", line 210, in __aenter__
    return await anext(self.gen)
           ^^^^^^^^^^^^^^^^^^^^^
  File "/opt/automacoes/cliquedf/estoque/venv/lib/python3.12/site-packages/fastapi/routing.py", line 216, in merged_lifespan
    async with original_context(app) as maybe_original_state:
  File "/usr/lib/python3.12/contextlib.py", line 210, in __aenter__
    return await anext(self.gen)
           ^^^^^^^^^^^^^^^^^^^^^
  File "/opt/automacoes/cliquedf/estoque/venv/lib/python3.12/site-packages/fastapi/routing.py", line 216, in merged_lifespan
    async with original_context(app) as maybe_original_state:
  File "/usr/lib/python3.12/contextlib.py", line 210, in __aenter__
    return await anext(self.gen)
           ^^^^^^^^^^^^^^^^^^^^^
  File "/opt/automacoes/cliquedf/estoque/venv/lib/python3.12/site-packages/fastapi/routing.py", line 216, in merged_lifespan
    async with original_context(app) as maybe_original_state:
  File "/usr/lib/python3.12/contextlib.py", line 210, in __aenter__
    return await anext(self.gen)
           ^^^^^^^^^^^^^^^^^^^^^
  File "/opt/automacoes/cliquedf/estoque/venv/lib/python3.12/site-packages/fastapi/routing.py", line 216, in merged_lifespan
    async with original_context(app) as maybe_original_state:
  File "/opt/automacoes/cliquedf/estoque/venv/lib/python3.12/site-packages/fastapi/routing.py", line 241, in __aenter__
    await self._router._startup()
  File "/opt/automacoes/cliquedf/estoque/venv/lib/python3.12/site-packages/fastapi/routing.py", line 4886, in _startup
    handler()
  File "/opt/automacoes/cliquedf/estoque/main.py", line 38, in startup
    init_db()
  File "/opt/automacoes/cliquedf/estoque/app/routes/auth.py", line 40, in init_db
    """, ("master", bcrypt.hash("master"),
                    ^^^^^^^^^^^^^^^^^^^^^
  File "/opt/automacoes/cliquedf/estoque/venv/lib/python3.12/site-packages/passlib/utils/handlers.py", line 779, in hash
    self.checksum = self._calc_checksum(secret)
                    ^^^^^^^^^^^^^^^^^^^^^^^^^^^
  File "/opt/automacoes/cliquedf/estoque/venv/lib/python3.12/site-packages/passlib/handlers/bcrypt.py", line 591, in _calc_checksum
    self._stub_requires_backend()
  File "/opt/automacoes/cliquedf/estoque/venv/lib/python3.12/site-packages/passlib/utils/handlers.py", line 2254, in _stub_requires_backend
    cls.set_backend()
  File "/opt/automacoes/cliquedf/estoque/venv/lib/python3.12/site-packages/passlib/utils/handlers.py", line 2163, in set_backend
    return cls.set_backend(name, dryrun=dryrun)
           ^^^^^^^^^^^^^^^^^^^^^^^^^^^^^^^^^^^^
  File "/opt/automacoes/cliquedf/estoque/venv/lib/python3.12/site-packages/passlib/utils/handlers.py", line 2188, in set_backend
    cls._set_backend(name, dryrun)
  File "/opt/automacoes/cliquedf/estoque/venv/lib/python3.12/site-packages/passlib/utils/handlers.py", line 2311, in _set_backend
    super(SubclassBackendMixin, cls)._set_backend(name, dryrun)
  File "/opt/automacoes/cliquedf/estoque/venv/lib/python3.12/site-packages/passlib/utils/handlers.py", line 2224, in _set_backend
    ok = loader(**kwds)
         ^^^^^^^^^^^^^^
  File "/opt/automacoes/cliquedf/estoque/venv/lib/python3.12/site-packages/passlib/handlers/bcrypt.py", line 626, in _load_backend_mixin
    return mixin_cls._finalize_backend_mixin(name, dryrun)
           ^^^^^^^^^^^^^^^^^^^^^^^^^^^^^^^^^^^^^^^^^^^^^^^
  File "/opt/automacoes/cliquedf/estoque/venv/lib/python3.12/site-packages/passlib/handlers/bcrypt.py", line 421, in _finalize_backend_mixin
    if detect_wrap_bug(IDENT_2A):
       ^^^^^^^^^^^^^^^^^^^^^^^^^
  File "/opt/automacoes/cliquedf/estoque/venv/lib/python3.12/site-packages/passlib/handlers/bcrypt.py", line 380, in detect_wrap_bug
    if verify(secret, bug_hash):
       ^^^^^^^^^^^^^^^^^^^^^^^^
  File "/opt/automacoes/cliquedf/estoque/venv/lib/python3.12/site-packages/passlib/utils/handlers.py", line 792, in verify
    return consteq(self._calc_checksum(secret), chk)
                   ^^^^^^^^^^^^^^^^^^^^^^^^^^^
  File "/opt/automacoes/cliquedf/estoque/venv/lib/python3.12/site-packages/passlib/handlers/bcrypt.py", line 655, in _calc_checksum
    hash = _bcrypt.hashpw(secret, config)
           ^^^^^^^^^^^^^^^^^^^^^^^^^^^^^^
ValueError: password cannot be longer than 72 bytes, truncate manually if necessary (e.g. my_password[:72])

ERROR:    Application startup failed. Exiting.
INFO:     Started server process [241803]
INFO:     Waiting for application startup.
(trapped) error reading bcrypt version
Traceback (most recent call last):
  File "/opt/automacoes/cliquedf/estoque/venv/lib/python3.12/site-packages/passlib/handlers/bcrypt.py", line 620, in _load_backend_mixin
    version = _bcrypt.__about__.__version__
              ^^^^^^^^^^^^^^^^^
AttributeError: module 'bcrypt' has no attribute '__about__'
ERROR:    Traceback (most recent call last):
  File "/opt/automacoes/cliquedf/estoque/venv/lib/python3.12/site-packages/starlette/routing.py", line 638, in lifespan
    async with self.lifespan_context(app) as maybe_state:
  File "/usr/lib/python3.12/contextlib.py", line 210, in __aenter__
    return await anext(self.gen)
           ^^^^^^^^^^^^^^^^^^^^^
  File "/opt/automacoes/cliquedf/estoque/venv/lib/python3.12/site-packages/fastapi/routing.py", line 216, in merged_lifespan
    async with original_context(app) as maybe_original_state:
  File "/usr/lib/python3.12/contextlib.py", line 210, in __aenter__
    return await anext(self.gen)
           ^^^^^^^^^^^^^^^^^^^^^
  File "/opt/automacoes/cliquedf/estoque/venv/lib/python3.12/site-packages/fastapi/routing.py", line 216, in merged_lifespan
    async with original_context(app) as maybe_original_state:
  File "/usr/lib/python3.12/contextlib.py", line 210, in __aenter__
    return await anext(self.gen)
           ^^^^^^^^^^^^^^^^^^^^^
  File "/opt/automacoes/cliquedf/estoque/venv/lib/python3.12/site-packages/fastapi/routing.py", line 216, in merged_lifespan
    async with original_context(app) as maybe_original_state:
  File "/usr/lib/python3.12/contextlib.py", line 210, in __aenter__
    return await anext(self.gen)
           ^^^^^^^^^^^^^^^^^^^^^
  File "/opt/automacoes/cliquedf/estoque/venv/lib/python3.12/site-packages/fastapi/routing.py", line 216, in merged_lifespan
    async with original_context(app) as maybe_original_state:
  File "/opt/automacoes/cliquedf/estoque/venv/lib/python3.12/site-packages/fastapi/routing.py", line 241, in __aenter__
    await self._router._startup()
  File "/opt/automacoes/cliquedf/estoque/venv/lib/python3.12/site-packages/fastapi/routing.py", line 4886, in _startup
    handler()
  File "/opt/automacoes/cliquedf/estoque/main.py", line 38, in startup
    init_db()
  File "/opt/automacoes/cliquedf/estoque/app/routes/auth.py", line 40, in init_db
    """, ("master", bcrypt.hash("master"),
                    ^^^^^^^^^^^^^^^^^^^^^
  File "/opt/automacoes/cliquedf/estoque/venv/lib/python3.12/site-packages/passlib/utils/handlers.py", line 779, in hash
    self.checksum = self._calc_checksum(secret)
                    ^^^^^^^^^^^^^^^^^^^^^^^^^^^
  File "/opt/automacoes/cliquedf/estoque/venv/lib/python3.12/site-packages/passlib/handlers/bcrypt.py", line 591, in _calc_checksum
    self._stub_requires_backend()
  File "/opt/automacoes/cliquedf/estoque/venv/lib/python3.12/site-packages/passlib/utils/handlers.py", line 2254, in _stub_requires_backend
    cls.set_backend()
  File "/opt/automacoes/cliquedf/estoque/venv/lib/python3.12/site-packages/passlib/utils/handlers.py", line 2163, in set_backend
    return cls.set_backend(name, dryrun=dryrun)
           ^^^^^^^^^^^^^^^^^^^^^^^^^^^^^^^^^^^^
  File "/opt/automacoes/cliquedf/estoque/venv/lib/python3.12/site-packages/passlib/utils/handlers.py", line 2188, in set_backend
    cls._set_backend(name, dryrun)
  File "/opt/automacoes/cliquedf/estoque/venv/lib/python3.12/site-packages/passlib/utils/handlers.py", line 2311, in _set_backend
    super(SubclassBackendMixin, cls)._set_backend(name, dryrun)
  File "/opt/automacoes/cliquedf/estoque/venv/lib/python3.12/site-packages/passlib/utils/handlers.py", line 2224, in _set_backend
    ok = loader(**kwds)
         ^^^^^^^^^^^^^^
  File "/opt/automacoes/cliquedf/estoque/venv/lib/python3.12/site-packages/passlib/handlers/bcrypt.py", line 626, in _load_backend_mixin
    return mixin_cls._finalize_backend_mixin(name, dryrun)
           ^^^^^^^^^^^^^^^^^^^^^^^^^^^^^^^^^^^^^^^^^^^^^^^
  File "/opt/automacoes/cliquedf/estoque/venv/lib/python3.12/site-packages/passlib/handlers/bcrypt.py", line 421, in _finalize_backend_mixin
    if detect_wrap_bug(IDENT_2A):
       ^^^^^^^^^^^^^^^^^^^^^^^^^
  File "/opt/automacoes/cliquedf/estoque/venv/lib/python3.12/site-packages/passlib/handlers/bcrypt.py", line 380, in detect_wrap_bug
    if verify(secret, bug_hash):
       ^^^^^^^^^^^^^^^^^^^^^^^^
  File "/opt/automacoes/cliquedf/estoque/venv/lib/python3.12/site-packages/passlib/utils/handlers.py", line 792, in verify
    return consteq(self._calc_checksum(secret), chk)
                   ^^^^^^^^^^^^^^^^^^^^^^^^^^^
  File "/opt/automacoes/cliquedf/estoque/venv/lib/python3.12/site-packages/passlib/handlers/bcrypt.py", line 655, in _calc_checksum
    hash = _bcrypt.hashpw(secret, config)
           ^^^^^^^^^^^^^^^^^^^^^^^^^^^^^^
ValueError: password cannot be longer than 72 bytes, truncate manually if necessary (e.g. my_password[:72])

ERROR:    Application startup failed. Exiting.
INFO:     Started server process [241805]
INFO:     Waiting for application startup.
(trapped) error reading bcrypt version
Traceback (most recent call last):
  File "/opt/automacoes/cliquedf/estoque/venv/lib/python3.12/site-packages/passlib/handlers/bcrypt.py", line 620, in _load_backend_mixin
    version = _bcrypt.__about__.__version__
              ^^^^^^^^^^^^^^^^^
AttributeError: module 'bcrypt' has no attribute '__about__'
ERROR:    Traceback (most recent call last):
  File "/opt/automacoes/cliquedf/estoque/venv/lib/python3.12/site-packages/starlette/routing.py", line 638, in lifespan
    async with self.lifespan_context(app) as maybe_state:
  File "/usr/lib/python3.12/contextlib.py", line 210, in __aenter__
    return await anext(self.gen)
           ^^^^^^^^^^^^^^^^^^^^^
  File "/opt/automacoes/cliquedf/estoque/venv/lib/python3.12/site-packages/fastapi/routing.py", line 216, in merged_lifespan
    async with original_context(app) as maybe_original_state:
  File "/usr/lib/python3.12/contextlib.py", line 210, in __aenter__
    return await anext(self.gen)
           ^^^^^^^^^^^^^^^^^^^^^
  File "/opt/automacoes/cliquedf/estoque/venv/lib/python3.12/site-packages/fastapi/routing.py", line 216, in merged_lifespan
    async with original_context(app) as maybe_original_state:
  File "/usr/lib/python3.12/contextlib.py", line 210, in __aenter__
    return await anext(self.gen)
           ^^^^^^^^^^^^^^^^^^^^^
  File "/opt/automacoes/cliquedf/estoque/venv/lib/python3.12/site-packages/fastapi/routing.py", line 216, in merged_lifespan
    async with original_context(app) as maybe_original_state:
  File "/usr/lib/python3.12/contextlib.py", line 210, in __aenter__
    return await anext(self.gen)
           ^^^^^^^^^^^^^^^^^^^^^
  File "/opt/automacoes/cliquedf/estoque/venv/lib/python3.12/site-packages/fastapi/routing.py", line 216, in merged_lifespan
    async with original_context(app) as maybe_original_state:
  File "/opt/automacoes/cliquedf/estoque/venv/lib/python3.12/site-packages/fastapi/routing.py", line 241, in __aenter__
    await self._router._startup()
  File "/opt/automacoes/cliquedf/estoque/venv/lib/python3.12/site-packages/fastapi/routing.py", line 4886, in _startup
    handler()
  File "/opt/automacoes/cliquedf/estoque/main.py", line 38, in startup
    init_db()
  File "/opt/automacoes/cliquedf/estoque/app/routes/auth.py", line 40, in init_db
    """, ("master", bcrypt.hash("master"),
                    ^^^^^^^^^^^^^^^^^^^^^
  File "/opt/automacoes/cliquedf/estoque/venv/lib/python3.12/site-packages/passlib/utils/handlers.py", line 779, in hash
    self.checksum = self._calc_checksum(secret)
                    ^^^^^^^^^^^^^^^^^^^^^^^^^^^
  File "/opt/automacoes/cliquedf/estoque/venv/lib/python3.12/site-packages/passlib/handlers/bcrypt.py", line 591, in _calc_checksum
    self._stub_requires_backend()
  File "/opt/automacoes/cliquedf/estoque/venv/lib/python3.12/site-packages/passlib/utils/handlers.py", line 2254, in _stub_requires_backend
    cls.set_backend()
  File "/opt/automacoes/cliquedf/estoque/venv/lib/python3.12/site-packages/passlib/utils/handlers.py", line 2163, in set_backend
    return cls.set_backend(name, dryrun=dryrun)
           ^^^^^^^^^^^^^^^^^^^^^^^^^^^^^^^^^^^^
  File "/opt/automacoes/cliquedf/estoque/venv/lib/python3.12/site-packages/passlib/utils/handlers.py", line 2188, in set_backend
    cls._set_backend(name, dryrun)
  File "/opt/automacoes/cliquedf/estoque/venv/lib/python3.12/site-packages/passlib/utils/handlers.py", line 2311, in _set_backend
    super(SubclassBackendMixin, cls)._set_backend(name, dryrun)
  File "/opt/automacoes/cliquedf/estoque/venv/lib/python3.12/site-packages/passlib/utils/handlers.py", line 2224, in _set_backend
    ok = loader(**kwds)
         ^^^^^^^^^^^^^^
  File "/opt/automacoes/cliquedf/estoque/venv/lib/python3.12/site-packages/passlib/handlers/bcrypt.py", line 626, in _load_backend_mixin
    return mixin_cls._finalize_backend_mixin(name, dryrun)
           ^^^^^^^^^^^^^^^^^^^^^^^^^^^^^^^^^^^^^^^^^^^^^^^
  File "/opt/automacoes/cliquedf/estoque/venv/lib/python3.12/site-packages/passlib/handlers/bcrypt.py", line 421, in _finalize_backend_mixin
    if detect_wrap_bug(IDENT_2A):
       ^^^^^^^^^^^^^^^^^^^^^^^^^
  File "/opt/automacoes/cliquedf/estoque/venv/lib/python3.12/site-packages/passlib/handlers/bcrypt.py", line 380, in detect_wrap_bug
    if verify(secret, bug_hash):
       ^^^^^^^^^^^^^^^^^^^^^^^^
  File "/opt/automacoes/cliquedf/estoque/venv/lib/python3.12/site-packages/passlib/utils/handlers.py", line 792, in verify
    return consteq(self._calc_checksum(secret), chk)
                   ^^^^^^^^^^^^^^^^^^^^^^^^^^^
  File "/opt/automacoes/cliquedf/estoque/venv/lib/python3.12/site-packages/passlib/handlers/bcrypt.py", line 655, in _calc_checksum
    hash = _bcrypt.hashpw(secret, config)
           ^^^^^^^^^^^^^^^^^^^^^^^^^^^^^^
ValueError: password cannot be longer than 72 bytes, truncate manually if necessary (e.g. my_password[:72])

ERROR:    Application startup failed. Exiting.
INFO:     Started server process [241807]
INFO:     Waiting for application startup.
(trapped) error reading bcrypt version
Traceback (most recent call last):
  File "/opt/automacoes/cliquedf/estoque/venv/lib/python3.12/site-packages/passlib/handlers/bcrypt.py", line 620, in _load_backend_mixin
    version = _bcrypt.__about__.__version__
              ^^^^^^^^^^^^^^^^^
AttributeError: module 'bcrypt' has no attribute '__about__'
ERROR:    Traceback (most recent call last):
  File "/opt/automacoes/cliquedf/estoque/venv/lib/python3.12/site-packages/starlette/routing.py", line 638, in lifespan
    async with self.lifespan_context(app) as maybe_state:
  File "/usr/lib/python3.12/contextlib.py", line 210, in __aenter__
    return await anext(self.gen)
           ^^^^^^^^^^^^^^^^^^^^^
  File "/opt/automacoes/cliquedf/estoque/venv/lib/python3.12/site-packages/fastapi/routing.py", line 216, in merged_lifespan
    async with original_context(app) as maybe_original_state:
  File "/usr/lib/python3.12/contextlib.py", line 210, in __aenter__
    return await anext(self.gen)
           ^^^^^^^^^^^^^^^^^^^^^
  File "/opt/automacoes/cliquedf/estoque/venv/lib/python3.12/site-packages/fastapi/routing.py", line 216, in merged_lifespan
    async with original_context(app) as maybe_original_state:
  File "/usr/lib/python3.12/contextlib.py", line 210, in __aenter__
    return await anext(self.gen)
           ^^^^^^^^^^^^^^^^^^^^^
  File "/opt/automacoes/cliquedf/estoque/venv/lib/python3.12/site-packages/fastapi/routing.py", line 216, in merged_lifespan
    async with original_context(app) as maybe_original_state:
  File "/usr/lib/python3.12/contextlib.py", line 210, in __aenter__
    return await anext(self.gen)
           ^^^^^^^^^^^^^^^^^^^^^
  File "/opt/automacoes/cliquedf/estoque/venv/lib/python3.12/site-packages/fastapi/routing.py", line 216, in merged_lifespan
    async with original_context(app) as maybe_original_state:
  File "/opt/automacoes/cliquedf/estoque/venv/lib/python3.12/site-packages/fastapi/routing.py", line 241, in __aenter__
    await self._router._startup()
  File "/opt/automacoes/cliquedf/estoque/venv/lib/python3.12/site-packages/fastapi/routing.py", line 4886, in _startup
    handler()
  File "/opt/automacoes/cliquedf/estoque/main.py", line 38, in startup
    init_db()
  File "/opt/automacoes/cliquedf/estoque/app/routes/auth.py", line 40, in init_db
    """, ("master", bcrypt.hash("master"),
                    ^^^^^^^^^^^^^^^^^^^^^
  File "/opt/automacoes/cliquedf/estoque/venv/lib/python3.12/site-packages/passlib/utils/handlers.py", line 779, in hash
    self.checksum = self._calc_checksum(secret)
                    ^^^^^^^^^^^^^^^^^^^^^^^^^^^
  File "/opt/automacoes/cliquedf/estoque/venv/lib/python3.12/site-packages/passlib/handlers/bcrypt.py", line 591, in _calc_checksum
    self._stub_requires_backend()
  File "/opt/automacoes/cliquedf/estoque/venv/lib/python3.12/site-packages/passlib/utils/handlers.py", line 2254, in _stub_requires_backend
    cls.set_backend()
  File "/opt/automacoes/cliquedf/estoque/venv/lib/python3.12/site-packages/passlib/utils/handlers.py", line 2163, in set_backend
    return cls.set_backend(name, dryrun=dryrun)
           ^^^^^^^^^^^^^^^^^^^^^^^^^^^^^^^^^^^^
  File "/opt/automacoes/cliquedf/estoque/venv/lib/python3.12/site-packages/passlib/utils/handlers.py", line 2188, in set_backend
    cls._set_backend(name, dryrun)
  File "/opt/automacoes/cliquedf/estoque/venv/lib/python3.12/site-packages/passlib/utils/handlers.py", line 2311, in _set_backend
    super(SubclassBackendMixin, cls)._set_backend(name, dryrun)
  File "/opt/automacoes/cliquedf/estoque/venv/lib/python3.12/site-packages/passlib/utils/handlers.py", line 2224, in _set_backend
    ok = loader(**kwds)
         ^^^^^^^^^^^^^^
  File "/opt/automacoes/cliquedf/estoque/venv/lib/python3.12/site-packages/passlib/handlers/bcrypt.py", line 626, in _load_backend_mixin
    return mixin_cls._finalize_backend_mixin(name, dryrun)
           ^^^^^^^^^^^^^^^^^^^^^^^^^^^^^^^^^^^^^^^^^^^^^^^
  File "/opt/automacoes/cliquedf/estoque/venv/lib/python3.12/site-packages/passlib/handlers/bcrypt.py", line 421, in _finalize_backend_mixin
    if detect_wrap_bug(IDENT_2A):
       ^^^^^^^^^^^^^^^^^^^^^^^^^
  File "/opt/automacoes/cliquedf/estoque/venv/lib/python3.12/site-packages/passlib/handlers/bcrypt.py", line 380, in detect_wrap_bug
    if verify(secret, bug_hash):
       ^^^^^^^^^^^^^^^^^^^^^^^^
  File "/opt/automacoes/cliquedf/estoque/venv/lib/python3.12/site-packages/passlib/utils/handlers.py", line 792, in verify
    return consteq(self._calc_checksum(secret), chk)
                   ^^^^^^^^^^^^^^^^^^^^^^^^^^^
  File "/opt/automacoes/cliquedf/estoque/venv/lib/python3.12/site-packages/passlib/handlers/bcrypt.py", line 655, in _calc_checksum
    hash = _bcrypt.hashpw(secret, config)
           ^^^^^^^^^^^^^^^^^^^^^^^^^^^^^^
ValueError: password cannot be longer than 72 bytes, truncate manually if necessary (e.g. my_password[:72])

ERROR:    Application startup failed. Exiting.
INFO:     Started server process [241809]
INFO:     Waiting for application startup.
(trapped) error reading bcrypt version
Traceback (most recent call last):
  File "/opt/automacoes/cliquedf/estoque/venv/lib/python3.12/site-packages/passlib/handlers/bcrypt.py", line 620, in _load_backend_mixin
    version = _bcrypt.__about__.__version__
              ^^^^^^^^^^^^^^^^^
AttributeError: module 'bcrypt' has no attribute '__about__'
ERROR:    Traceback (most recent call last):
  File "/opt/automacoes/cliquedf/estoque/venv/lib/python3.12/site-packages/starlette/routing.py", line 638, in lifespan
    async with self.lifespan_context(app) as maybe_state:
  File "/usr/lib/python3.12/contextlib.py", line 210, in __aenter__
    return await anext(self.gen)
           ^^^^^^^^^^^^^^^^^^^^^
  File "/opt/automacoes/cliquedf/estoque/venv/lib/python3.12/site-packages/fastapi/routing.py", line 216, in merged_lifespan
    async with original_context(app) as maybe_original_state:
  File "/usr/lib/python3.12/contextlib.py", line 210, in __aenter__
    return await anext(self.gen)
           ^^^^^^^^^^^^^^^^^^^^^
  File "/opt/automacoes/cliquedf/estoque/venv/lib/python3.12/site-packages/fastapi/routing.py", line 216, in merged_lifespan
    async with original_context(app) as maybe_original_state:
  File "/usr/lib/python3.12/contextlib.py", line 210, in __aenter__
    return await anext(self.gen)
           ^^^^^^^^^^^^^^^^^^^^^
  File "/opt/automacoes/cliquedf/estoque/venv/lib/python3.12/site-packages/fastapi/routing.py", line 216, in merged_lifespan
    async with original_context(app) as maybe_original_state:
  File "/usr/lib/python3.12/contextlib.py", line 210, in __aenter__
    return await anext(self.gen)
           ^^^^^^^^^^^^^^^^^^^^^
  File "/opt/automacoes/cliquedf/estoque/venv/lib/python3.12/site-packages/fastapi/routing.py", line 216, in merged_lifespan
    async with original_context(app) as maybe_original_state:
  File "/opt/automacoes/cliquedf/estoque/venv/lib/python3.12/site-packages/fastapi/routing.py", line 241, in __aenter__
    await self._router._startup()
  File "/opt/automacoes/cliquedf/estoque/venv/lib/python3.12/site-packages/fastapi/routing.py", line 4886, in _startup
    handler()
  File "/opt/automacoes/cliquedf/estoque/main.py", line 38, in startup
    init_db()
  File "/opt/automacoes/cliquedf/estoque/app/routes/auth.py", line 40, in init_db
    """, ("master", bcrypt.hash("master"),
                    ^^^^^^^^^^^^^^^^^^^^^
  File "/opt/automacoes/cliquedf/estoque/venv/lib/python3.12/site-packages/passlib/utils/handlers.py", line 779, in hash
    self.checksum = self._calc_checksum(secret)
                    ^^^^^^^^^^^^^^^^^^^^^^^^^^^
  File "/opt/automacoes/cliquedf/estoque/venv/lib/python3.12/site-packages/passlib/handlers/bcrypt.py", line 591, in _calc_checksum
    self._stub_requires_backend()
  File "/opt/automacoes/cliquedf/estoque/venv/lib/python3.12/site-packages/passlib/utils/handlers.py", line 2254, in _stub_requires_backend
    cls.set_backend()
  File "/opt/automacoes/cliquedf/estoque/venv/lib/python3.12/site-packages/passlib/utils/handlers.py", line 2163, in set_backend
    return cls.set_backend(name, dryrun=dryrun)
           ^^^^^^^^^^^^^^^^^^^^^^^^^^^^^^^^^^^^
  File "/opt/automacoes/cliquedf/estoque/venv/lib/python3.12/site-packages/passlib/utils/handlers.py", line 2188, in set_backend
    cls._set_backend(name, dryrun)
  File "/opt/automacoes/cliquedf/estoque/venv/lib/python3.12/site-packages/passlib/utils/handlers.py", line 2311, in _set_backend
    super(SubclassBackendMixin, cls)._set_backend(name, dryrun)
  File "/opt/automacoes/cliquedf/estoque/venv/lib/python3.12/site-packages/passlib/utils/handlers.py", line 2224, in _set_backend
    ok = loader(**kwds)
         ^^^^^^^^^^^^^^
  File "/opt/automacoes/cliquedf/estoque/venv/lib/python3.12/site-packages/passlib/handlers/bcrypt.py", line 626, in _load_backend_mixin
    return mixin_cls._finalize_backend_mixin(name, dryrun)
           ^^^^^^^^^^^^^^^^^^^^^^^^^^^^^^^^^^^^^^^^^^^^^^^
  File "/opt/automacoes/cliquedf/estoque/venv/lib/python3.12/site-packages/passlib/handlers/bcrypt.py", line 421, in _finalize_backend_mixin
    if detect_wrap_bug(IDENT_2A):
       ^^^^^^^^^^^^^^^^^^^^^^^^^
  File "/opt/automacoes/cliquedf/estoque/venv/lib/python3.12/site-packages/passlib/handlers/bcrypt.py", line 380, in detect_wrap_bug
    if verify(secret, bug_hash):
       ^^^^^^^^^^^^^^^^^^^^^^^^
  File "/opt/automacoes/cliquedf/estoque/venv/lib/python3.12/site-packages/passlib/utils/handlers.py", line 792, in verify
    return consteq(self._calc_checksum(secret), chk)
                   ^^^^^^^^^^^^^^^^^^^^^^^^^^^
  File "/opt/automacoes/cliquedf/estoque/venv/lib/python3.12/site-packages/passlib/handlers/bcrypt.py", line 655, in _calc_checksum
    hash = _bcrypt.hashpw(secret, config)
           ^^^^^^^^^^^^^^^^^^^^^^^^^^^^^^
ValueError: password cannot be longer than 72 bytes, truncate manually if necessary (e.g. my_password[:72])

ERROR:    Application startup failed. Exiting.
INFO:     Started server process [241811]
INFO:     Waiting for application startup.
(trapped) error reading bcrypt version
Traceback (most recent call last):
  File "/opt/automacoes/cliquedf/estoque/venv/lib/python3.12/site-packages/passlib/handlers/bcrypt.py", line 620, in _load_backend_mixin
    version = _bcrypt.__about__.__version__
              ^^^^^^^^^^^^^^^^^
AttributeError: module 'bcrypt' has no attribute '__about__'
ERROR:    Traceback (most recent call last):
  File "/opt/automacoes/cliquedf/estoque/venv/lib/python3.12/site-packages/starlette/routing.py", line 638, in lifespan
    async with self.lifespan_context(app) as maybe_state:
  File "/usr/lib/python3.12/contextlib.py", line 210, in __aenter__
    return await anext(self.gen)
           ^^^^^^^^^^^^^^^^^^^^^
  File "/opt/automacoes/cliquedf/estoque/venv/lib/python3.12/site-packages/fastapi/routing.py", line 216, in merged_lifespan
    async with original_context(app) as maybe_original_state:
  File "/usr/lib/python3.12/contextlib.py", line 210, in __aenter__
    return await anext(self.gen)
           ^^^^^^^^^^^^^^^^^^^^^
  File "/opt/automacoes/cliquedf/estoque/venv/lib/python3.12/site-packages/fastapi/routing.py", line 216, in merged_lifespan
    async with original_context(app) as maybe_original_state:
  File "/usr/lib/python3.12/contextlib.py", line 210, in __aenter__
    return await anext(self.gen)
           ^^^^^^^^^^^^^^^^^^^^^
  File "/opt/automacoes/cliquedf/estoque/venv/lib/python3.12/site-packages/fastapi/routing.py", line 216, in merged_lifespan
    async with original_context(app) as maybe_original_state:
  File "/usr/lib/python3.12/contextlib.py", line 210, in __aenter__
    return await anext(self.gen)
           ^^^^^^^^^^^^^^^^^^^^^
  File "/opt/automacoes/cliquedf/estoque/venv/lib/python3.12/site-packages/fastapi/routing.py", line 216, in merged_lifespan
    async with original_context(app) as maybe_original_state:
  File "/opt/automacoes/cliquedf/estoque/venv/lib/python3.12/site-packages/fastapi/routing.py", line 241, in __aenter__
    await self._router._startup()
  File "/opt/automacoes/cliquedf/estoque/venv/lib/python3.12/site-packages/fastapi/routing.py", line 4886, in _startup
    handler()
  File "/opt/automacoes/cliquedf/estoque/main.py", line 38, in startup
    init_db()
  File "/opt/automacoes/cliquedf/estoque/app/routes/auth.py", line 40, in init_db
    """, ("master", bcrypt.hash("master"),
                    ^^^^^^^^^^^^^^^^^^^^^
  File "/opt/automacoes/cliquedf/estoque/venv/lib/python3.12/site-packages/passlib/utils/handlers.py", line 779, in hash
    self.checksum = self._calc_checksum(secret)
                    ^^^^^^^^^^^^^^^^^^^^^^^^^^^
  File "/opt/automacoes/cliquedf/estoque/venv/lib/python3.12/site-packages/passlib/handlers/bcrypt.py", line 591, in _calc_checksum
    self._stub_requires_backend()
  File "/opt/automacoes/cliquedf/estoque/venv/lib/python3.12/site-packages/passlib/utils/handlers.py", line 2254, in _stub_requires_backend
    cls.set_backend()
  File "/opt/automacoes/cliquedf/estoque/venv/lib/python3.12/site-packages/passlib/utils/handlers.py", line 2163, in set_backend
    return cls.set_backend(name, dryrun=dryrun)
           ^^^^^^^^^^^^^^^^^^^^^^^^^^^^^^^^^^^^
  File "/opt/automacoes/cliquedf/estoque/venv/lib/python3.12/site-packages/passlib/utils/handlers.py", line 2188, in set_backend
    cls._set_backend(name, dryrun)
  File "/opt/automacoes/cliquedf/estoque/venv/lib/python3.12/site-packages/passlib/utils/handlers.py", line 2311, in _set_backend
    super(SubclassBackendMixin, cls)._set_backend(name, dryrun)
  File "/opt/automacoes/cliquedf/estoque/venv/lib/python3.12/site-packages/passlib/utils/handlers.py", line 2224, in _set_backend
    ok = loader(**kwds)
         ^^^^^^^^^^^^^^
  File "/opt/automacoes/cliquedf/estoque/venv/lib/python3.12/site-packages/passlib/handlers/bcrypt.py", line 626, in _load_backend_mixin
    return mixin_cls._finalize_backend_mixin(name, dryrun)
           ^^^^^^^^^^^^^^^^^^^^^^^^^^^^^^^^^^^^^^^^^^^^^^^
  File "/opt/automacoes/cliquedf/estoque/venv/lib/python3.12/site-packages/passlib/handlers/bcrypt.py", line 421, in _finalize_backend_mixin
    if detect_wrap_bug(IDENT_2A):
       ^^^^^^^^^^^^^^^^^^^^^^^^^
  File "/opt/automacoes/cliquedf/estoque/venv/lib/python3.12/site-packages/passlib/handlers/bcrypt.py", line 380, in detect_wrap_bug
    if verify(secret, bug_hash):
       ^^^^^^^^^^^^^^^^^^^^^^^^
  File "/opt/automacoes/cliquedf/estoque/venv/lib/python3.12/site-packages/passlib/utils/handlers.py", line 792, in verify
    return consteq(self._calc_checksum(secret), chk)
                   ^^^^^^^^^^^^^^^^^^^^^^^^^^^
  File "/opt/automacoes/cliquedf/estoque/venv/lib/python3.12/site-packages/passlib/handlers/bcrypt.py", line 655, in _calc_checksum
    hash = _bcrypt.hashpw(secret, config)
           ^^^^^^^^^^^^^^^^^^^^^^^^^^^^^^
ValueError: password cannot be longer than 72 bytes, truncate manually if necessary (e.g. my_password[:72])

ERROR:    Application startup failed. Exiting.
INFO:     Started server process [241813]
INFO:     Waiting for application startup.
(trapped) error reading bcrypt version
Traceback (most recent call last):
  File "/opt/automacoes/cliquedf/estoque/venv/lib/python3.12/site-packages/passlib/handlers/bcrypt.py", line 620, in _load_backend_mixin
    version = _bcrypt.__about__.__version__
              ^^^^^^^^^^^^^^^^^
AttributeError: module 'bcrypt' has no attribute '__about__'
ERROR:    Traceback (most recent call last):
  File "/opt/automacoes/cliquedf/estoque/venv/lib/python3.12/site-packages/starlette/routing.py", line 638, in lifespan
    async with self.lifespan_context(app) as maybe_state:
  File "/usr/lib/python3.12/contextlib.py", line 210, in __aenter__
    return await anext(self.gen)
           ^^^^^^^^^^^^^^^^^^^^^
  File "/opt/automacoes/cliquedf/estoque/venv/lib/python3.12/site-packages/fastapi/routing.py", line 216, in merged_lifespan
    async with original_context(app) as maybe_original_state:
  File "/usr/lib/python3.12/contextlib.py", line 210, in __aenter__
    return await anext(self.gen)
           ^^^^^^^^^^^^^^^^^^^^^
  File "/opt/automacoes/cliquedf/estoque/venv/lib/python3.12/site-packages/fastapi/routing.py", line 216, in merged_lifespan
    async with original_context(app) as maybe_original_state:
  File "/usr/lib/python3.12/contextlib.py", line 210, in __aenter__
    return await anext(self.gen)
           ^^^^^^^^^^^^^^^^^^^^^
  File "/opt/automacoes/cliquedf/estoque/venv/lib/python3.12/site-packages/fastapi/routing.py", line 216, in merged_lifespan
    async with original_context(app) as maybe_original_state:
  File "/usr/lib/python3.12/contextlib.py", line 210, in __aenter__
    return await anext(self.gen)
           ^^^^^^^^^^^^^^^^^^^^^
  File "/opt/automacoes/cliquedf/estoque/venv/lib/python3.12/site-packages/fastapi/routing.py", line 216, in merged_lifespan
    async with original_context(app) as maybe_original_state:
  File "/opt/automacoes/cliquedf/estoque/venv/lib/python3.12/site-packages/fastapi/routing.py", line 241, in __aenter__
    await self._router._startup()
  File "/opt/automacoes/cliquedf/estoque/venv/lib/python3.12/site-packages/fastapi/routing.py", line 4886, in _startup
    handler()
  File "/opt/automacoes/cliquedf/estoque/main.py", line 38, in startup
    init_db()
  File "/opt/automacoes/cliquedf/estoque/app/routes/auth.py", line 40, in init_db
    """, ("master", bcrypt.hash("master"),
                    ^^^^^^^^^^^^^^^^^^^^^
  File "/opt/automacoes/cliquedf/estoque/venv/lib/python3.12/site-packages/passlib/utils/handlers.py", line 779, in hash
    self.checksum = self._calc_checksum(secret)
                    ^^^^^^^^^^^^^^^^^^^^^^^^^^^
  File "/opt/automacoes/cliquedf/estoque/venv/lib/python3.12/site-packages/passlib/handlers/bcrypt.py", line 591, in _calc_checksum
    self._stub_requires_backend()
  File "/opt/automacoes/cliquedf/estoque/venv/lib/python3.12/site-packages/passlib/utils/handlers.py", line 2254, in _stub_requires_backend
    cls.set_backend()
  File "/opt/automacoes/cliquedf/estoque/venv/lib/python3.12/site-packages/passlib/utils/handlers.py", line 2163, in set_backend
    return cls.set_backend(name, dryrun=dryrun)
           ^^^^^^^^^^^^^^^^^^^^^^^^^^^^^^^^^^^^
  File "/opt/automacoes/cliquedf/estoque/venv/lib/python3.12/site-packages/passlib/utils/handlers.py", line 2188, in set_backend
    cls._set_backend(name, dryrun)
  File "/opt/automacoes/cliquedf/estoque/venv/lib/python3.12/site-packages/passlib/utils/handlers.py", line 2311, in _set_backend
    super(SubclassBackendMixin, cls)._set_backend(name, dryrun)
  File "/opt/automacoes/cliquedf/estoque/venv/lib/python3.12/site-packages/passlib/utils/handlers.py", line 2224, in _set_backend
    ok = loader(**kwds)
         ^^^^^^^^^^^^^^
  File "/opt/automacoes/cliquedf/estoque/venv/lib/python3.12/site-packages/passlib/handlers/bcrypt.py", line 626, in _load_backend_mixin
    return mixin_cls._finalize_backend_mixin(name, dryrun)
           ^^^^^^^^^^^^^^^^^^^^^^^^^^^^^^^^^^^^^^^^^^^^^^^
  File "/opt/automacoes/cliquedf/estoque/venv/lib/python3.12/site-packages/passlib/handlers/bcrypt.py", line 421, in _finalize_backend_mixin
    if detect_wrap_bug(IDENT_2A):
       ^^^^^^^^^^^^^^^^^^^^^^^^^
  File "/opt/automacoes/cliquedf/estoque/venv/lib/python3.12/site-packages/passlib/handlers/bcrypt.py", line 380, in detect_wrap_bug
    if verify(secret, bug_hash):
       ^^^^^^^^^^^^^^^^^^^^^^^^
  File "/opt/automacoes/cliquedf/estoque/venv/lib/python3.12/site-packages/passlib/utils/handlers.py", line 792, in verify
    return consteq(self._calc_checksum(secret), chk)
                   ^^^^^^^^^^^^^^^^^^^^^^^^^^^
  File "/opt/automacoes/cliquedf/estoque/venv/lib/python3.12/site-packages/passlib/handlers/bcrypt.py", line 655, in _calc_checksum
    hash = _bcrypt.hashpw(secret, config)
           ^^^^^^^^^^^^^^^^^^^^^^^^^^^^^^
ValueError: password cannot be longer than 72 bytes, truncate manually if necessary (e.g. my_password[:72])

ERROR:    Application startup failed. Exiting.
INFO:     Started server process [241815]
INFO:     Waiting for application startup.
(trapped) error reading bcrypt version
Traceback (most recent call last):
  File "/opt/automacoes/cliquedf/estoque/venv/lib/python3.12/site-packages/passlib/handlers/bcrypt.py", line 620, in _load_backend_mixin
    version = _bcrypt.__about__.__version__
              ^^^^^^^^^^^^^^^^^
AttributeError: module 'bcrypt' has no attribute '__about__'
ERROR:    Traceback (most recent call last):
  File "/opt/automacoes/cliquedf/estoque/venv/lib/python3.12/site-packages/starlette/routing.py", line 638, in lifespan
    async with self.lifespan_context(app) as maybe_state:
  File "/usr/lib/python3.12/contextlib.py", line 210, in __aenter__
    return await anext(self.gen)
           ^^^^^^^^^^^^^^^^^^^^^
  File "/opt/automacoes/cliquedf/estoque/venv/lib/python3.12/site-packages/fastapi/routing.py", line 216, in merged_lifespan
    async with original_context(app) as maybe_original_state:
  File "/usr/lib/python3.12/contextlib.py", line 210, in __aenter__
    return await anext(self.gen)
           ^^^^^^^^^^^^^^^^^^^^^
  File "/opt/automacoes/cliquedf/estoque/venv/lib/python3.12/site-packages/fastapi/routing.py", line 216, in merged_lifespan
    async with original_context(app) as maybe_original_state:
  File "/usr/lib/python3.12/contextlib.py", line 210, in __aenter__
    return await anext(self.gen)
           ^^^^^^^^^^^^^^^^^^^^^
  File "/opt/automacoes/cliquedf/estoque/venv/lib/python3.12/site-packages/fastapi/routing.py", line 216, in merged_lifespan
    async with original_context(app) as maybe_original_state:
  File "/usr/lib/python3.12/contextlib.py", line 210, in __aenter__
    return await anext(self.gen)
           ^^^^^^^^^^^^^^^^^^^^^
  File "/opt/automacoes/cliquedf/estoque/venv/lib/python3.12/site-packages/fastapi/routing.py", line 216, in merged_lifespan
    async with original_context(app) as maybe_original_state:
  File "/opt/automacoes/cliquedf/estoque/venv/lib/python3.12/site-packages/fastapi/routing.py", line 241, in __aenter__
    await self._router._startup()
  File "/opt/automacoes/cliquedf/estoque/venv/lib/python3.12/site-packages/fastapi/routing.py", line 4886, in _startup
    handler()
  File "/opt/automacoes/cliquedf/estoque/main.py", line 38, in startup
    init_db()
  File "/opt/automacoes/cliquedf/estoque/app/routes/auth.py", line 40, in init_db
    """, ("master", bcrypt.hash("master"),
                    ^^^^^^^^^^^^^^^^^^^^^
  File "/opt/automacoes/cliquedf/estoque/venv/lib/python3.12/site-packages/passlib/utils/handlers.py", line 779, in hash
    self.checksum = self._calc_checksum(secret)
                    ^^^^^^^^^^^^^^^^^^^^^^^^^^^
  File "/opt/automacoes/cliquedf/estoque/venv/lib/python3.12/site-packages/passlib/handlers/bcrypt.py", line 591, in _calc_checksum
    self._stub_requires_backend()
  File "/opt/automacoes/cliquedf/estoque/venv/lib/python3.12/site-packages/passlib/utils/handlers.py", line 2254, in _stub_requires_backend
    cls.set_backend()
  File "/opt/automacoes/cliquedf/estoque/venv/lib/python3.12/site-packages/passlib/utils/handlers.py", line 2163, in set_backend
    return cls.set_backend(name, dryrun=dryrun)
           ^^^^^^^^^^^^^^^^^^^^^^^^^^^^^^^^^^^^
  File "/opt/automacoes/cliquedf/estoque/venv/lib/python3.12/site-packages/passlib/utils/handlers.py", line 2188, in set_backend
    cls._set_backend(name, dryrun)
  File "/opt/automacoes/cliquedf/estoque/venv/lib/python3.12/site-packages/passlib/utils/handlers.py", line 2311, in _set_backend
    super(SubclassBackendMixin, cls)._set_backend(name, dryrun)
  File "/opt/automacoes/cliquedf/estoque/venv/lib/python3.12/site-packages/passlib/utils/handlers.py", line 2224, in _set_backend
    ok = loader(**kwds)
         ^^^^^^^^^^^^^^
  File "/opt/automacoes/cliquedf/estoque/venv/lib/python3.12/site-packages/passlib/handlers/bcrypt.py", line 626, in _load_backend_mixin
    return mixin_cls._finalize_backend_mixin(name, dryrun)
           ^^^^^^^^^^^^^^^^^^^^^^^^^^^^^^^^^^^^^^^^^^^^^^^
  File "/opt/automacoes/cliquedf/estoque/venv/lib/python3.12/site-packages/passlib/handlers/bcrypt.py", line 421, in _finalize_backend_mixin
    if detect_wrap_bug(IDENT_2A):
       ^^^^^^^^^^^^^^^^^^^^^^^^^
  File "/opt/automacoes/cliquedf/estoque/venv/lib/python3.12/site-packages/passlib/handlers/bcrypt.py", line 380, in detect_wrap_bug
    if verify(secret, bug_hash):
       ^^^^^^^^^^^^^^^^^^^^^^^^
  File "/opt/automacoes/cliquedf/estoque/venv/lib/python3.12/site-packages/passlib/utils/handlers.py", line 792, in verify
    return consteq(self._calc_checksum(secret), chk)
                   ^^^^^^^^^^^^^^^^^^^^^^^^^^^
  File "/opt/automacoes/cliquedf/estoque/venv/lib/python3.12/site-packages/passlib/handlers/bcrypt.py", line 655, in _calc_checksum
    hash = _bcrypt.hashpw(secret, config)
           ^^^^^^^^^^^^^^^^^^^^^^^^^^^^^^
ValueError: password cannot be longer than 72 bytes, truncate manually if necessary (e.g. my_password[:72])

ERROR:    Application startup failed. Exiting.
INFO:     Started server process [241817]
INFO:     Waiting for application startup.
(trapped) error reading bcrypt version
Traceback (most recent call last):
  File "/opt/automacoes/cliquedf/estoque/venv/lib/python3.12/site-packages/passlib/handlers/bcrypt.py", line 620, in _load_backend_mixin
    version = _bcrypt.__about__.__version__
              ^^^^^^^^^^^^^^^^^
AttributeError: module 'bcrypt' has no attribute '__about__'
ERROR:    Traceback (most recent call last):
  File "/opt/automacoes/cliquedf/estoque/venv/lib/python3.12/site-packages/starlette/routing.py", line 638, in lifespan
    async with self.lifespan_context(app) as maybe_state:
  File "/usr/lib/python3.12/contextlib.py", line 210, in __aenter__
    return await anext(self.gen)
           ^^^^^^^^^^^^^^^^^^^^^
  File "/opt/automacoes/cliquedf/estoque/venv/lib/python3.12/site-packages/fastapi/routing.py", line 216, in merged_lifespan
    async with original_context(app) as maybe_original_state:
  File "/usr/lib/python3.12/contextlib.py", line 210, in __aenter__
    return await anext(self.gen)
           ^^^^^^^^^^^^^^^^^^^^^
  File "/opt/automacoes/cliquedf/estoque/venv/lib/python3.12/site-packages/fastapi/routing.py", line 216, in merged_lifespan
    async with original_context(app) as maybe_original_state:
  File "/usr/lib/python3.12/contextlib.py", line 210, in __aenter__
    return await anext(self.gen)
           ^^^^^^^^^^^^^^^^^^^^^
  File "/opt/automacoes/cliquedf/estoque/venv/lib/python3.12/site-packages/fastapi/routing.py", line 216, in merged_lifespan
    async with original_context(app) as maybe_original_state:
  File "/usr/lib/python3.12/contextlib.py", line 210, in __aenter__
    return await anext(self.gen)
           ^^^^^^^^^^^^^^^^^^^^^
  File "/opt/automacoes/cliquedf/estoque/venv/lib/python3.12/site-packages/fastapi/routing.py", line 216, in merged_lifespan
    async with original_context(app) as maybe_original_state:
  File "/opt/automacoes/cliquedf/estoque/venv/lib/python3.12/site-packages/fastapi/routing.py", line 241, in __aenter__
    await self._router._startup()
  File "/opt/automacoes/cliquedf/estoque/venv/lib/python3.12/site-packages/fastapi/routing.py", line 4886, in _startup
    handler()
  File "/opt/automacoes/cliquedf/estoque/main.py", line 38, in startup
    init_db()
  File "/opt/automacoes/cliquedf/estoque/app/routes/auth.py", line 40, in init_db
    """, ("master", bcrypt.hash("master"),
                    ^^^^^^^^^^^^^^^^^^^^^
  File "/opt/automacoes/cliquedf/estoque/venv/lib/python3.12/site-packages/passlib/utils/handlers.py", line 779, in hash
    self.checksum = self._calc_checksum(secret)
                    ^^^^^^^^^^^^^^^^^^^^^^^^^^^
  File "/opt/automacoes/cliquedf/estoque/venv/lib/python3.12/site-packages/passlib/handlers/bcrypt.py", line 591, in _calc_checksum
    self._stub_requires_backend()
  File "/opt/automacoes/cliquedf/estoque/venv/lib/python3.12/site-packages/passlib/utils/handlers.py", line 2254, in _stub_requires_backend
    cls.set_backend()
  File "/opt/automacoes/cliquedf/estoque/venv/lib/python3.12/site-packages/passlib/utils/handlers.py", line 2163, in set_backend
    return cls.set_backend(name, dryrun=dryrun)
           ^^^^^^^^^^^^^^^^^^^^^^^^^^^^^^^^^^^^
  File "/opt/automacoes/cliquedf/estoque/venv/lib/python3.12/site-packages/passlib/utils/handlers.py", line 2188, in set_backend
    cls._set_backend(name, dryrun)
  File "/opt/automacoes/cliquedf/estoque/venv/lib/python3.12/site-packages/passlib/utils/handlers.py", line 2311, in _set_backend
    super(SubclassBackendMixin, cls)._set_backend(name, dryrun)
  File "/opt/automacoes/cliquedf/estoque/venv/lib/python3.12/site-packages/passlib/utils/handlers.py", line 2224, in _set_backend
    ok = loader(**kwds)
         ^^^^^^^^^^^^^^
  File "/opt/automacoes/cliquedf/estoque/venv/lib/python3.12/site-packages/passlib/handlers/bcrypt.py", line 626, in _load_backend_mixin
    return mixin_cls._finalize_backend_mixin(name, dryrun)
           ^^^^^^^^^^^^^^^^^^^^^^^^^^^^^^^^^^^^^^^^^^^^^^^
  File "/opt/automacoes/cliquedf/estoque/venv/lib/python3.12/site-packages/passlib/handlers/bcrypt.py", line 421, in _finalize_backend_mixin
    if detect_wrap_bug(IDENT_2A):
       ^^^^^^^^^^^^^^^^^^^^^^^^^
  File "/opt/automacoes/cliquedf/estoque/venv/lib/python3.12/site-packages/passlib/handlers/bcrypt.py", line 380, in detect_wrap_bug
    if verify(secret, bug_hash):
       ^^^^^^^^^^^^^^^^^^^^^^^^
  File "/opt/automacoes/cliquedf/estoque/venv/lib/python3.12/site-packages/passlib/utils/handlers.py", line 792, in verify
    return consteq(self._calc_checksum(secret), chk)
                   ^^^^^^^^^^^^^^^^^^^^^^^^^^^
  File "/opt/automacoes/cliquedf/estoque/venv/lib/python3.12/site-packages/passlib/handlers/bcrypt.py", line 655, in _calc_checksum
    hash = _bcrypt.hashpw(secret, config)
           ^^^^^^^^^^^^^^^^^^^^^^^^^^^^^^
ValueError: password cannot be longer than 72 bytes, truncate manually if necessary (e.g. my_password[:72])

ERROR:    Application startup failed. Exiting.
INFO:     Started server process [241822]
INFO:     Waiting for application startup.
(trapped) error reading bcrypt version
Traceback (most recent call last):
  File "/opt/automacoes/cliquedf/estoque/venv/lib/python3.12/site-packages/passlib/handlers/bcrypt.py", line 620, in _load_backend_mixin
    version = _bcrypt.__about__.__version__
              ^^^^^^^^^^^^^^^^^
AttributeError: module 'bcrypt' has no attribute '__about__'
ERROR:    Traceback (most recent call last):
  File "/opt/automacoes/cliquedf/estoque/venv/lib/python3.12/site-packages/starlette/routing.py", line 638, in lifespan
    async with self.lifespan_context(app) as maybe_state:
  File "/usr/lib/python3.12/contextlib.py", line 210, in __aenter__
    return await anext(self.gen)
           ^^^^^^^^^^^^^^^^^^^^^
  File "/opt/automacoes/cliquedf/estoque/venv/lib/python3.12/site-packages/fastapi/routing.py", line 216, in merged_lifespan
    async with original_context(app) as maybe_original_state:
  File "/usr/lib/python3.12/contextlib.py", line 210, in __aenter__
    return await anext(self.gen)
           ^^^^^^^^^^^^^^^^^^^^^
  File "/opt/automacoes/cliquedf/estoque/venv/lib/python3.12/site-packages/fastapi/routing.py", line 216, in merged_lifespan
    async with original_context(app) as maybe_original_state:
  File "/usr/lib/python3.12/contextlib.py", line 210, in __aenter__
    return await anext(self.gen)
           ^^^^^^^^^^^^^^^^^^^^^
  File "/opt/automacoes/cliquedf/estoque/venv/lib/python3.12/site-packages/fastapi/routing.py", line 216, in merged_lifespan
    async with original_context(app) as maybe_original_state:
  File "/usr/lib/python3.12/contextlib.py", line 210, in __aenter__
    return await anext(self.gen)
           ^^^^^^^^^^^^^^^^^^^^^
  File "/opt/automacoes/cliquedf/estoque/venv/lib/python3.12/site-packages/fastapi/routing.py", line 216, in merged_lifespan
    async with original_context(app) as maybe_original_state:
  File "/opt/automacoes/cliquedf/estoque/venv/lib/python3.12/site-packages/fastapi/routing.py", line 241, in __aenter__
    await self._router._startup()
  File "/opt/automacoes/cliquedf/estoque/venv/lib/python3.12/site-packages/fastapi/routing.py", line 4886, in _startup
    handler()
  File "/opt/automacoes/cliquedf/estoque/main.py", line 38, in startup
    init_db()
  File "/opt/automacoes/cliquedf/estoque/app/routes/auth.py", line 40, in init_db
    """, ("master", bcrypt.hash("master"),
                    ^^^^^^^^^^^^^^^^^^^^^
  File "/opt/automacoes/cliquedf/estoque/venv/lib/python3.12/site-packages/passlib/utils/handlers.py", line 779, in hash
    self.checksum = self._calc_checksum(secret)
                    ^^^^^^^^^^^^^^^^^^^^^^^^^^^
  File "/opt/automacoes/cliquedf/estoque/venv/lib/python3.12/site-packages/passlib/handlers/bcrypt.py", line 591, in _calc_checksum
    self._stub_requires_backend()
  File "/opt/automacoes/cliquedf/estoque/venv/lib/python3.12/site-packages/passlib/utils/handlers.py", line 2254, in _stub_requires_backend
    cls.set_backend()
  File "/opt/automacoes/cliquedf/estoque/venv/lib/python3.12/site-packages/passlib/utils/handlers.py", line 2163, in set_backend
    return cls.set_backend(name, dryrun=dryrun)
           ^^^^^^^^^^^^^^^^^^^^^^^^^^^^^^^^^^^^
  File "/opt/automacoes/cliquedf/estoque/venv/lib/python3.12/site-packages/passlib/utils/handlers.py", line 2188, in set_backend
    cls._set_backend(name, dryrun)
  File "/opt/automacoes/cliquedf/estoque/venv/lib/python3.12/site-packages/passlib/utils/handlers.py", line 2311, in _set_backend
    super(SubclassBackendMixin, cls)._set_backend(name, dryrun)
  File "/opt/automacoes/cliquedf/estoque/venv/lib/python3.12/site-packages/passlib/utils/handlers.py", line 2224, in _set_backend
    ok = loader(**kwds)
         ^^^^^^^^^^^^^^
  File "/opt/automacoes/cliquedf/estoque/venv/lib/python3.12/site-packages/passlib/handlers/bcrypt.py", line 626, in _load_backend_mixin
    return mixin_cls._finalize_backend_mixin(name, dryrun)
           ^^^^^^^^^^^^^^^^^^^^^^^^^^^^^^^^^^^^^^^^^^^^^^^
  File "/opt/automacoes/cliquedf/estoque/venv/lib/python3.12/site-packages/passlib/handlers/bcrypt.py", line 421, in _finalize_backend_mixin
    if detect_wrap_bug(IDENT_2A):
       ^^^^^^^^^^^^^^^^^^^^^^^^^
  File "/opt/automacoes/cliquedf/estoque/venv/lib/python3.12/site-packages/passlib/handlers/bcrypt.py", line 380, in detect_wrap_bug
    if verify(secret, bug_hash):
       ^^^^^^^^^^^^^^^^^^^^^^^^
  File "/opt/automacoes/cliquedf/estoque/venv/lib/python3.12/site-packages/passlib/utils/handlers.py", line 792, in verify
    return consteq(self._calc_checksum(secret), chk)
                   ^^^^^^^^^^^^^^^^^^^^^^^^^^^
  File "/opt/automacoes/cliquedf/estoque/venv/lib/python3.12/site-packages/passlib/handlers/bcrypt.py", line 655, in _calc_checksum
    hash = _bcrypt.hashpw(secret, config)
           ^^^^^^^^^^^^^^^^^^^^^^^^^^^^^^
ValueError: password cannot be longer than 72 bytes, truncate manually if necessary (e.g. my_password[:72])

ERROR:    Application startup failed. Exiting.
INFO:     Started server process [241824]
INFO:     Waiting for application startup.
(trapped) error reading bcrypt version
Traceback (most recent call last):
  File "/opt/automacoes/cliquedf/estoque/venv/lib/python3.12/site-packages/passlib/handlers/bcrypt.py", line 620, in _load_backend_mixin
    version = _bcrypt.__about__.__version__
              ^^^^^^^^^^^^^^^^^
AttributeError: module 'bcrypt' has no attribute '__about__'
ERROR:    Traceback (most recent call last):
  File "/opt/automacoes/cliquedf/estoque/venv/lib/python3.12/site-packages/starlette/routing.py", line 638, in lifespan
    async with self.lifespan_context(app) as maybe_state:
  File "/usr/lib/python3.12/contextlib.py", line 210, in __aenter__
    return await anext(self.gen)
           ^^^^^^^^^^^^^^^^^^^^^
  File "/opt/automacoes/cliquedf/estoque/venv/lib/python3.12/site-packages/fastapi/routing.py", line 216, in merged_lifespan
    async with original_context(app) as maybe_original_state:
  File "/usr/lib/python3.12/contextlib.py", line 210, in __aenter__
    return await anext(self.gen)
           ^^^^^^^^^^^^^^^^^^^^^
  File "/opt/automacoes/cliquedf/estoque/venv/lib/python3.12/site-packages/fastapi/routing.py", line 216, in merged_lifespan
    async with original_context(app) as maybe_original_state:
  File "/usr/lib/python3.12/contextlib.py", line 210, in __aenter__
    return await anext(self.gen)
           ^^^^^^^^^^^^^^^^^^^^^
  File "/opt/automacoes/cliquedf/estoque/venv/lib/python3.12/site-packages/fastapi/routing.py", line 216, in merged_lifespan
    async with original_context(app) as maybe_original_state:
  File "/usr/lib/python3.12/contextlib.py", line 210, in __aenter__
    return await anext(self.gen)
           ^^^^^^^^^^^^^^^^^^^^^
  File "/opt/automacoes/cliquedf/estoque/venv/lib/python3.12/site-packages/fastapi/routing.py", line 216, in merged_lifespan
    async with original_context(app) as maybe_original_state:
  File "/opt/automacoes/cliquedf/estoque/venv/lib/python3.12/site-packages/fastapi/routing.py", line 241, in __aenter__
    await self._router._startup()
  File "/opt/automacoes/cliquedf/estoque/venv/lib/python3.12/site-packages/fastapi/routing.py", line 4886, in _startup
    handler()
  File "/opt/automacoes/cliquedf/estoque/main.py", line 38, in startup
    init_db()
  File "/opt/automacoes/cliquedf/estoque/app/routes/auth.py", line 40, in init_db
    """, ("master", bcrypt.hash("master"),
                    ^^^^^^^^^^^^^^^^^^^^^
  File "/opt/automacoes/cliquedf/estoque/venv/lib/python3.12/site-packages/passlib/utils/handlers.py", line 779, in hash
    self.checksum = self._calc_checksum(secret)
                    ^^^^^^^^^^^^^^^^^^^^^^^^^^^
  File "/opt/automacoes/cliquedf/estoque/venv/lib/python3.12/site-packages/passlib/handlers/bcrypt.py", line 591, in _calc_checksum
    self._stub_requires_backend()
  File "/opt/automacoes/cliquedf/estoque/venv/lib/python3.12/site-packages/passlib/utils/handlers.py", line 2254, in _stub_requires_backend
    cls.set_backend()
  File "/opt/automacoes/cliquedf/estoque/venv/lib/python3.12/site-packages/passlib/utils/handlers.py", line 2163, in set_backend
    return cls.set_backend(name, dryrun=dryrun)
           ^^^^^^^^^^^^^^^^^^^^^^^^^^^^^^^^^^^^
  File "/opt/automacoes/cliquedf/estoque/venv/lib/python3.12/site-packages/passlib/utils/handlers.py", line 2188, in set_backend
    cls._set_backend(name, dryrun)
  File "/opt/automacoes/cliquedf/estoque/venv/lib/python3.12/site-packages/passlib/utils/handlers.py", line 2311, in _set_backend
    super(SubclassBackendMixin, cls)._set_backend(name, dryrun)
  File "/opt/automacoes/cliquedf/estoque/venv/lib/python3.12/site-packages/passlib/utils/handlers.py", line 2224, in _set_backend
    ok = loader(**kwds)
         ^^^^^^^^^^^^^^
  File "/opt/automacoes/cliquedf/estoque/venv/lib/python3.12/site-packages/passlib/handlers/bcrypt.py", line 626, in _load_backend_mixin
    return mixin_cls._finalize_backend_mixin(name, dryrun)
           ^^^^^^^^^^^^^^^^^^^^^^^^^^^^^^^^^^^^^^^^^^^^^^^
  File "/opt/automacoes/cliquedf/estoque/venv/lib/python3.12/site-packages/passlib/handlers/bcrypt.py", line 421, in _finalize_backend_mixin
    if detect_wrap_bug(IDENT_2A):
       ^^^^^^^^^^^^^^^^^^^^^^^^^
  File "/opt/automacoes/cliquedf/estoque/venv/lib/python3.12/site-packages/passlib/handlers/bcrypt.py", line 380, in detect_wrap_bug
    if verify(secret, bug_hash):
       ^^^^^^^^^^^^^^^^^^^^^^^^
  File "/opt/automacoes/cliquedf/estoque/venv/lib/python3.12/site-packages/passlib/utils/handlers.py", line 792, in verify
    return consteq(self._calc_checksum(secret), chk)
                   ^^^^^^^^^^^^^^^^^^^^^^^^^^^
  File "/opt/automacoes/cliquedf/estoque/venv/lib/python3.12/site-packages/passlib/handlers/bcrypt.py", line 655, in _calc_checksum
    hash = _bcrypt.hashpw(secret, config)
           ^^^^^^^^^^^^^^^^^^^^^^^^^^^^^^
ValueError: password cannot be longer than 72 bytes, truncate manually if necessary (e.g. my_password[:72])

ERROR:    Application startup failed. Exiting.
INFO:     Started server process [241828]
INFO:     Waiting for application startup.
(trapped) error reading bcrypt version
Traceback (most recent call last):
  File "/opt/automacoes/cliquedf/estoque/venv/lib/python3.12/site-packages/passlib/handlers/bcrypt.py", line 620, in _load_backend_mixin
    version = _bcrypt.__about__.__version__
              ^^^^^^^^^^^^^^^^^
AttributeError: module 'bcrypt' has no attribute '__about__'
ERROR:    Traceback (most recent call last):
  File "/opt/automacoes/cliquedf/estoque/venv/lib/python3.12/site-packages/starlette/routing.py", line 638, in lifespan
    async with self.lifespan_context(app) as maybe_state:
  File "/usr/lib/python3.12/contextlib.py", line 210, in __aenter__
    return await anext(self.gen)
           ^^^^^^^^^^^^^^^^^^^^^
  File "/opt/automacoes/cliquedf/estoque/venv/lib/python3.12/site-packages/fastapi/routing.py", line 216, in merged_lifespan
    async with original_context(app) as maybe_original_state:
  File "/usr/lib/python3.12/contextlib.py", line 210, in __aenter__
    return await anext(self.gen)
           ^^^^^^^^^^^^^^^^^^^^^
  File "/opt/automacoes/cliquedf/estoque/venv/lib/python3.12/site-packages/fastapi/routing.py", line 216, in merged_lifespan
    async with original_context(app) as maybe_original_state:
  File "/usr/lib/python3.12/contextlib.py", line 210, in __aenter__
    return await anext(self.gen)
           ^^^^^^^^^^^^^^^^^^^^^
  File "/opt/automacoes/cliquedf/estoque/venv/lib/python3.12/site-packages/fastapi/routing.py", line 216, in merged_lifespan
    async with original_context(app) as maybe_original_state:
  File "/usr/lib/python3.12/contextlib.py", line 210, in __aenter__
    return await anext(self.gen)
           ^^^^^^^^^^^^^^^^^^^^^
  File "/opt/automacoes/cliquedf/estoque/venv/lib/python3.12/site-packages/fastapi/routing.py", line 216, in merged_lifespan
    async with original_context(app) as maybe_original_state:
  File "/opt/automacoes/cliquedf/estoque/venv/lib/python3.12/site-packages/fastapi/routing.py", line 241, in __aenter__
    await self._router._startup()
  File "/opt/automacoes/cliquedf/estoque/venv/lib/python3.12/site-packages/fastapi/routing.py", line 4886, in _startup
    handler()
  File "/opt/automacoes/cliquedf/estoque/main.py", line 38, in startup
    init_db()
  File "/opt/automacoes/cliquedf/estoque/app/routes/auth.py", line 40, in init_db
    """, ("master", bcrypt.hash("master"),
                    ^^^^^^^^^^^^^^^^^^^^^
  File "/opt/automacoes/cliquedf/estoque/venv/lib/python3.12/site-packages/passlib/utils/handlers.py", line 779, in hash
    self.checksum = self._calc_checksum(secret)
                    ^^^^^^^^^^^^^^^^^^^^^^^^^^^
  File "/opt/automacoes/cliquedf/estoque/venv/lib/python3.12/site-packages/passlib/handlers/bcrypt.py", line 591, in _calc_checksum
    self._stub_requires_backend()
  File "/opt/automacoes/cliquedf/estoque/venv/lib/python3.12/site-packages/passlib/utils/handlers.py", line 2254, in _stub_requires_backend
    cls.set_backend()
  File "/opt/automacoes/cliquedf/estoque/venv/lib/python3.12/site-packages/passlib/utils/handlers.py", line 2163, in set_backend
    return cls.set_backend(name, dryrun=dryrun)
           ^^^^^^^^^^^^^^^^^^^^^^^^^^^^^^^^^^^^
  File "/opt/automacoes/cliquedf/estoque/venv/lib/python3.12/site-packages/passlib/utils/handlers.py", line 2188, in set_backend
    cls._set_backend(name, dryrun)
  File "/opt/automacoes/cliquedf/estoque/venv/lib/python3.12/site-packages/passlib/utils/handlers.py", line 2311, in _set_backend
    super(SubclassBackendMixin, cls)._set_backend(name, dryrun)
  File "/opt/automacoes/cliquedf/estoque/venv/lib/python3.12/site-packages/passlib/utils/handlers.py", line 2224, in _set_backend
    ok = loader(**kwds)
         ^^^^^^^^^^^^^^
  File "/opt/automacoes/cliquedf/estoque/venv/lib/python3.12/site-packages/passlib/handlers/bcrypt.py", line 626, in _load_backend_mixin
    return mixin_cls._finalize_backend_mixin(name, dryrun)
           ^^^^^^^^^^^^^^^^^^^^^^^^^^^^^^^^^^^^^^^^^^^^^^^
  File "/opt/automacoes/cliquedf/estoque/venv/lib/python3.12/site-packages/passlib/handlers/bcrypt.py", line 421, in _finalize_backend_mixin
    if detect_wrap_bug(IDENT_2A):
       ^^^^^^^^^^^^^^^^^^^^^^^^^
  File "/opt/automacoes/cliquedf/estoque/venv/lib/python3.12/site-packages/passlib/handlers/bcrypt.py", line 380, in detect_wrap_bug
    if verify(secret, bug_hash):
       ^^^^^^^^^^^^^^^^^^^^^^^^
  File "/opt/automacoes/cliquedf/estoque/venv/lib/python3.12/site-packages/passlib/utils/handlers.py", line 792, in verify
    return consteq(self._calc_checksum(secret), chk)
                   ^^^^^^^^^^^^^^^^^^^^^^^^^^^
  File "/opt/automacoes/cliquedf/estoque/venv/lib/python3.12/site-packages/passlib/handlers/bcrypt.py", line 655, in _calc_checksum
    hash = _bcrypt.hashpw(secret, config)
           ^^^^^^^^^^^^^^^^^^^^^^^^^^^^^^
ValueError: password cannot be longer than 72 bytes, truncate manually if necessary (e.g. my_password[:72])

ERROR:    Application startup failed. Exiting.
INFO:     Started server process [241830]
INFO:     Waiting for application startup.
(trapped) error reading bcrypt version
Traceback (most recent call last):
  File "/opt/automacoes/cliquedf/estoque/venv/lib/python3.12/site-packages/passlib/handlers/bcrypt.py", line 620, in _load_backend_mixin
    version = _bcrypt.__about__.__version__
              ^^^^^^^^^^^^^^^^^
AttributeError: module 'bcrypt' has no attribute '__about__'
ERROR:    Traceback (most recent call last):
  File "/opt/automacoes/cliquedf/estoque/venv/lib/python3.12/site-packages/starlette/routing.py", line 638, in lifespan
    async with self.lifespan_context(app) as maybe_state:
  File "/usr/lib/python3.12/contextlib.py", line 210, in __aenter__
    return await anext(self.gen)
           ^^^^^^^^^^^^^^^^^^^^^
  File "/opt/automacoes/cliquedf/estoque/venv/lib/python3.12/site-packages/fastapi/routing.py", line 216, in merged_lifespan
    async with original_context(app) as maybe_original_state:
  File "/usr/lib/python3.12/contextlib.py", line 210, in __aenter__
    return await anext(self.gen)
           ^^^^^^^^^^^^^^^^^^^^^
  File "/opt/automacoes/cliquedf/estoque/venv/lib/python3.12/site-packages/fastapi/routing.py", line 216, in merged_lifespan
    async with original_context(app) as maybe_original_state:
  File "/usr/lib/python3.12/contextlib.py", line 210, in __aenter__
    return await anext(self.gen)
           ^^^^^^^^^^^^^^^^^^^^^
  File "/opt/automacoes/cliquedf/estoque/venv/lib/python3.12/site-packages/fastapi/routing.py", line 216, in merged_lifespan
    async with original_context(app) as maybe_original_state:
  File "/usr/lib/python3.12/contextlib.py", line 210, in __aenter__
    return await anext(self.gen)
           ^^^^^^^^^^^^^^^^^^^^^
  File "/opt/automacoes/cliquedf/estoque/venv/lib/python3.12/site-packages/fastapi/routing.py", line 216, in merged_lifespan
    async with original_context(app) as maybe_original_state:
  File "/opt/automacoes/cliquedf/estoque/venv/lib/python3.12/site-packages/fastapi/routing.py", line 241, in __aenter__
    await self._router._startup()
  File "/opt/automacoes/cliquedf/estoque/venv/lib/python3.12/site-packages/fastapi/routing.py", line 4886, in _startup
    handler()
  File "/opt/automacoes/cliquedf/estoque/main.py", line 38, in startup
    init_db()
  File "/opt/automacoes/cliquedf/estoque/app/routes/auth.py", line 40, in init_db
    """, ("master", bcrypt.hash("master"),
                    ^^^^^^^^^^^^^^^^^^^^^
  File "/opt/automacoes/cliquedf/estoque/venv/lib/python3.12/site-packages/passlib/utils/handlers.py", line 779, in hash
    self.checksum = self._calc_checksum(secret)
                    ^^^^^^^^^^^^^^^^^^^^^^^^^^^
  File "/opt/automacoes/cliquedf/estoque/venv/lib/python3.12/site-packages/passlib/handlers/bcrypt.py", line 591, in _calc_checksum
    self._stub_requires_backend()
  File "/opt/automacoes/cliquedf/estoque/venv/lib/python3.12/site-packages/passlib/utils/handlers.py", line 2254, in _stub_requires_backend
    cls.set_backend()
  File "/opt/automacoes/cliquedf/estoque/venv/lib/python3.12/site-packages/passlib/utils/handlers.py", line 2163, in set_backend
    return cls.set_backend(name, dryrun=dryrun)
           ^^^^^^^^^^^^^^^^^^^^^^^^^^^^^^^^^^^^
  File "/opt/automacoes/cliquedf/estoque/venv/lib/python3.12/site-packages/passlib/utils/handlers.py", line 2188, in set_backend
    cls._set_backend(name, dryrun)
  File "/opt/automacoes/cliquedf/estoque/venv/lib/python3.12/site-packages/passlib/utils/handlers.py", line 2311, in _set_backend
    super(SubclassBackendMixin, cls)._set_backend(name, dryrun)
  File "/opt/automacoes/cliquedf/estoque/venv/lib/python3.12/site-packages/passlib/utils/handlers.py", line 2224, in _set_backend
    ok = loader(**kwds)
         ^^^^^^^^^^^^^^
  File "/opt/automacoes/cliquedf/estoque/venv/lib/python3.12/site-packages/passlib/handlers/bcrypt.py", line 626, in _load_backend_mixin
    return mixin_cls._finalize_backend_mixin(name, dryrun)
           ^^^^^^^^^^^^^^^^^^^^^^^^^^^^^^^^^^^^^^^^^^^^^^^
  File "/opt/automacoes/cliquedf/estoque/venv/lib/python3.12/site-packages/passlib/handlers/bcrypt.py", line 421, in _finalize_backend_mixin
    if detect_wrap_bug(IDENT_2A):
       ^^^^^^^^^^^^^^^^^^^^^^^^^
  File "/opt/automacoes/cliquedf/estoque/venv/lib/python3.12/site-packages/passlib/handlers/bcrypt.py", line 380, in detect_wrap_bug
    if verify(secret, bug_hash):
       ^^^^^^^^^^^^^^^^^^^^^^^^
  File "/opt/automacoes/cliquedf/estoque/venv/lib/python3.12/site-packages/passlib/utils/handlers.py", line 792, in verify
    return consteq(self._calc_checksum(secret), chk)
                   ^^^^^^^^^^^^^^^^^^^^^^^^^^^
  File "/opt/automacoes/cliquedf/estoque/venv/lib/python3.12/site-packages/passlib/handlers/bcrypt.py", line 655, in _calc_checksum
    hash = _bcrypt.hashpw(secret, config)
           ^^^^^^^^^^^^^^^^^^^^^^^^^^^^^^
ValueError: password cannot be longer than 72 bytes, truncate manually if necessary (e.g. my_password[:72])

ERROR:    Application startup failed. Exiting.
INFO:     Started server process [241832]
INFO:     Waiting for application startup.
(trapped) error reading bcrypt version
Traceback (most recent call last):
  File "/opt/automacoes/cliquedf/estoque/venv/lib/python3.12/site-packages/passlib/handlers/bcrypt.py", line 620, in _load_backend_mixin
    version = _bcrypt.__about__.__version__
              ^^^^^^^^^^^^^^^^^
AttributeError: module 'bcrypt' has no attribute '__about__'
ERROR:    Traceback (most recent call last):
  File "/opt/automacoes/cliquedf/estoque/venv/lib/python3.12/site-packages/starlette/routing.py", line 638, in lifespan
    async with self.lifespan_context(app) as maybe_state:
  File "/usr/lib/python3.12/contextlib.py", line 210, in __aenter__
    return await anext(self.gen)
           ^^^^^^^^^^^^^^^^^^^^^
  File "/opt/automacoes/cliquedf/estoque/venv/lib/python3.12/site-packages/fastapi/routing.py", line 216, in merged_lifespan
    async with original_context(app) as maybe_original_state:
  File "/usr/lib/python3.12/contextlib.py", line 210, in __aenter__
    return await anext(self.gen)
           ^^^^^^^^^^^^^^^^^^^^^
  File "/opt/automacoes/cliquedf/estoque/venv/lib/python3.12/site-packages/fastapi/routing.py", line 216, in merged_lifespan
    async with original_context(app) as maybe_original_state:
  File "/usr/lib/python3.12/contextlib.py", line 210, in __aenter__
    return await anext(self.gen)
           ^^^^^^^^^^^^^^^^^^^^^
  File "/opt/automacoes/cliquedf/estoque/venv/lib/python3.12/site-packages/fastapi/routing.py", line 216, in merged_lifespan
    async with original_context(app) as maybe_original_state:
  File "/usr/lib/python3.12/contextlib.py", line 210, in __aenter__
    return await anext(self.gen)
           ^^^^^^^^^^^^^^^^^^^^^
  File "/opt/automacoes/cliquedf/estoque/venv/lib/python3.12/site-packages/fastapi/routing.py", line 216, in merged_lifespan
    async with original_context(app) as maybe_original_state:
  File "/opt/automacoes/cliquedf/estoque/venv/lib/python3.12/site-packages/fastapi/routing.py", line 241, in __aenter__
    await self._router._startup()
  File "/opt/automacoes/cliquedf/estoque/venv/lib/python3.12/site-packages/fastapi/routing.py", line 4886, in _startup
    handler()
  File "/opt/automacoes/cliquedf/estoque/main.py", line 38, in startup
    init_db()
  File "/opt/automacoes/cliquedf/estoque/app/routes/auth.py", line 40, in init_db
    """, ("master", bcrypt.hash("master"),
                    ^^^^^^^^^^^^^^^^^^^^^
  File "/opt/automacoes/cliquedf/estoque/venv/lib/python3.12/site-packages/passlib/utils/handlers.py", line 779, in hash
    self.checksum = self._calc_checksum(secret)
                    ^^^^^^^^^^^^^^^^^^^^^^^^^^^
  File "/opt/automacoes/cliquedf/estoque/venv/lib/python3.12/site-packages/passlib/handlers/bcrypt.py", line 591, in _calc_checksum
    self._stub_requires_backend()
  File "/opt/automacoes/cliquedf/estoque/venv/lib/python3.12/site-packages/passlib/utils/handlers.py", line 2254, in _stub_requires_backend
    cls.set_backend()
  File "/opt/automacoes/cliquedf/estoque/venv/lib/python3.12/site-packages/passlib/utils/handlers.py", line 2163, in set_backend
    return cls.set_backend(name, dryrun=dryrun)
           ^^^^^^^^^^^^^^^^^^^^^^^^^^^^^^^^^^^^
  File "/opt/automacoes/cliquedf/estoque/venv/lib/python3.12/site-packages/passlib/utils/handlers.py", line 2188, in set_backend
    cls._set_backend(name, dryrun)
  File "/opt/automacoes/cliquedf/estoque/venv/lib/python3.12/site-packages/passlib/utils/handlers.py", line 2311, in _set_backend
    super(SubclassBackendMixin, cls)._set_backend(name, dryrun)
  File "/opt/automacoes/cliquedf/estoque/venv/lib/python3.12/site-packages/passlib/utils/handlers.py", line 2224, in _set_backend
    ok = loader(**kwds)
         ^^^^^^^^^^^^^^
  File "/opt/automacoes/cliquedf/estoque/venv/lib/python3.12/site-packages/passlib/handlers/bcrypt.py", line 626, in _load_backend_mixin
    return mixin_cls._finalize_backend_mixin(name, dryrun)
           ^^^^^^^^^^^^^^^^^^^^^^^^^^^^^^^^^^^^^^^^^^^^^^^
  File "/opt/automacoes/cliquedf/estoque/venv/lib/python3.12/site-packages/passlib/handlers/bcrypt.py", line 421, in _finalize_backend_mixin
    if detect_wrap_bug(IDENT_2A):
       ^^^^^^^^^^^^^^^^^^^^^^^^^
  File "/opt/automacoes/cliquedf/estoque/venv/lib/python3.12/site-packages/passlib/handlers/bcrypt.py", line 380, in detect_wrap_bug
    if verify(secret, bug_hash):
       ^^^^^^^^^^^^^^^^^^^^^^^^
  File "/opt/automacoes/cliquedf/estoque/venv/lib/python3.12/site-packages/passlib/utils/handlers.py", line 792, in verify
    return consteq(self._calc_checksum(secret), chk)
                   ^^^^^^^^^^^^^^^^^^^^^^^^^^^
  File "/opt/automacoes/cliquedf/estoque/venv/lib/python3.12/site-packages/passlib/handlers/bcrypt.py", line 655, in _calc_checksum
    hash = _bcrypt.hashpw(secret, config)
           ^^^^^^^^^^^^^^^^^^^^^^^^^^^^^^
ValueError: password cannot be longer than 72 bytes, truncate manually if necessary (e.g. my_password[:72])

ERROR:    Application startup failed. Exiting.
INFO:     Started server process [241834]
INFO:     Waiting for application startup.
(trapped) error reading bcrypt version
Traceback (most recent call last):
  File "/opt/automacoes/cliquedf/estoque/venv/lib/python3.12/site-packages/passlib/handlers/bcrypt.py", line 620, in _load_backend_mixin
    version = _bcrypt.__about__.__version__
              ^^^^^^^^^^^^^^^^^
AttributeError: module 'bcrypt' has no attribute '__about__'
ERROR:    Traceback (most recent call last):
  File "/opt/automacoes/cliquedf/estoque/venv/lib/python3.12/site-packages/starlette/routing.py", line 638, in lifespan
    async with self.lifespan_context(app) as maybe_state:
  File "/usr/lib/python3.12/contextlib.py", line 210, in __aenter__
    return await anext(self.gen)
           ^^^^^^^^^^^^^^^^^^^^^
  File "/opt/automacoes/cliquedf/estoque/venv/lib/python3.12/site-packages/fastapi/routing.py", line 216, in merged_lifespan
    async with original_context(app) as maybe_original_state:
  File "/usr/lib/python3.12/contextlib.py", line 210, in __aenter__
    return await anext(self.gen)
           ^^^^^^^^^^^^^^^^^^^^^
  File "/opt/automacoes/cliquedf/estoque/venv/lib/python3.12/site-packages/fastapi/routing.py", line 216, in merged_lifespan
    async with original_context(app) as maybe_original_state:
  File "/usr/lib/python3.12/contextlib.py", line 210, in __aenter__
    return await anext(self.gen)
           ^^^^^^^^^^^^^^^^^^^^^
  File "/opt/automacoes/cliquedf/estoque/venv/lib/python3.12/site-packages/fastapi/routing.py", line 216, in merged_lifespan
    async with original_context(app) as maybe_original_state:
  File "/usr/lib/python3.12/contextlib.py", line 210, in __aenter__
    return await anext(self.gen)
           ^^^^^^^^^^^^^^^^^^^^^
  File "/opt/automacoes/cliquedf/estoque/venv/lib/python3.12/site-packages/fastapi/routing.py", line 216, in merged_lifespan
    async with original_context(app) as maybe_original_state:
  File "/opt/automacoes/cliquedf/estoque/venv/lib/python3.12/site-packages/fastapi/routing.py", line 241, in __aenter__
    await self._router._startup()
  File "/opt/automacoes/cliquedf/estoque/venv/lib/python3.12/site-packages/fastapi/routing.py", line 4886, in _startup
    handler()
  File "/opt/automacoes/cliquedf/estoque/main.py", line 38, in startup
    init_db()
  File "/opt/automacoes/cliquedf/estoque/app/routes/auth.py", line 40, in init_db
    """, ("master", bcrypt.hash("master"),
                    ^^^^^^^^^^^^^^^^^^^^^
  File "/opt/automacoes/cliquedf/estoque/venv/lib/python3.12/site-packages/passlib/utils/handlers.py", line 779, in hash
    self.checksum = self._calc_checksum(secret)
                    ^^^^^^^^^^^^^^^^^^^^^^^^^^^
  File "/opt/automacoes/cliquedf/estoque/venv/lib/python3.12/site-packages/passlib/handlers/bcrypt.py", line 591, in _calc_checksum
    self._stub_requires_backend()
  File "/opt/automacoes/cliquedf/estoque/venv/lib/python3.12/site-packages/passlib/utils/handlers.py", line 2254, in _stub_requires_backend
    cls.set_backend()
  File "/opt/automacoes/cliquedf/estoque/venv/lib/python3.12/site-packages/passlib/utils/handlers.py", line 2163, in set_backend
    return cls.set_backend(name, dryrun=dryrun)
           ^^^^^^^^^^^^^^^^^^^^^^^^^^^^^^^^^^^^
  File "/opt/automacoes/cliquedf/estoque/venv/lib/python3.12/site-packages/passlib/utils/handlers.py", line 2188, in set_backend
    cls._set_backend(name, dryrun)
  File "/opt/automacoes/cliquedf/estoque/venv/lib/python3.12/site-packages/passlib/utils/handlers.py", line 2311, in _set_backend
    super(SubclassBackendMixin, cls)._set_backend(name, dryrun)
  File "/opt/automacoes/cliquedf/estoque/venv/lib/python3.12/site-packages/passlib/utils/handlers.py", line 2224, in _set_backend
    ok = loader(**kwds)
         ^^^^^^^^^^^^^^
  File "/opt/automacoes/cliquedf/estoque/venv/lib/python3.12/site-packages/passlib/handlers/bcrypt.py", line 626, in _load_backend_mixin
    return mixin_cls._finalize_backend_mixin(name, dryrun)
           ^^^^^^^^^^^^^^^^^^^^^^^^^^^^^^^^^^^^^^^^^^^^^^^
  File "/opt/automacoes/cliquedf/estoque/venv/lib/python3.12/site-packages/passlib/handlers/bcrypt.py", line 421, in _finalize_backend_mixin
    if detect_wrap_bug(IDENT_2A):
       ^^^^^^^^^^^^^^^^^^^^^^^^^
  File "/opt/automacoes/cliquedf/estoque/venv/lib/python3.12/site-packages/passlib/handlers/bcrypt.py", line 380, in detect_wrap_bug
    if verify(secret, bug_hash):
       ^^^^^^^^^^^^^^^^^^^^^^^^
  File "/opt/automacoes/cliquedf/estoque/venv/lib/python3.12/site-packages/passlib/utils/handlers.py", line 792, in verify
    return consteq(self._calc_checksum(secret), chk)
                   ^^^^^^^^^^^^^^^^^^^^^^^^^^^
  File "/opt/automacoes/cliquedf/estoque/venv/lib/python3.12/site-packages/passlib/handlers/bcrypt.py", line 655, in _calc_checksum
    hash = _bcrypt.hashpw(secret, config)
           ^^^^^^^^^^^^^^^^^^^^^^^^^^^^^^
ValueError: password cannot be longer than 72 bytes, truncate manually if necessary (e.g. my_password[:72])

ERROR:    Application startup failed. Exiting.
INFO:     Started server process [241836]
INFO:     Waiting for application startup.
(trapped) error reading bcrypt version
Traceback (most recent call last):
  File "/opt/automacoes/cliquedf/estoque/venv/lib/python3.12/site-packages/passlib/handlers/bcrypt.py", line 620, in _load_backend_mixin
    version = _bcrypt.__about__.__version__
              ^^^^^^^^^^^^^^^^^
AttributeError: module 'bcrypt' has no attribute '__about__'
ERROR:    Traceback (most recent call last):
  File "/opt/automacoes/cliquedf/estoque/venv/lib/python3.12/site-packages/starlette/routing.py", line 638, in lifespan
    async with self.lifespan_context(app) as maybe_state:
  File "/usr/lib/python3.12/contextlib.py", line 210, in __aenter__
    return await anext(self.gen)
           ^^^^^^^^^^^^^^^^^^^^^
  File "/opt/automacoes/cliquedf/estoque/venv/lib/python3.12/site-packages/fastapi/routing.py", line 216, in merged_lifespan
    async with original_context(app) as maybe_original_state:
  File "/usr/lib/python3.12/contextlib.py", line 210, in __aenter__
    return await anext(self.gen)
           ^^^^^^^^^^^^^^^^^^^^^
  File "/opt/automacoes/cliquedf/estoque/venv/lib/python3.12/site-packages/fastapi/routing.py", line 216, in merged_lifespan
    async with original_context(app) as maybe_original_state:
  File "/usr/lib/python3.12/contextlib.py", line 210, in __aenter__
    return await anext(self.gen)
           ^^^^^^^^^^^^^^^^^^^^^
  File "/opt/automacoes/cliquedf/estoque/venv/lib/python3.12/site-packages/fastapi/routing.py", line 216, in merged_lifespan
    async with original_context(app) as maybe_original_state:
  File "/usr/lib/python3.12/contextlib.py", line 210, in __aenter__
    return await anext(self.gen)
           ^^^^^^^^^^^^^^^^^^^^^
  File "/opt/automacoes/cliquedf/estoque/venv/lib/python3.12/site-packages/fastapi/routing.py", line 216, in merged_lifespan
    async with original_context(app) as maybe_original_state:
  File "/opt/automacoes/cliquedf/estoque/venv/lib/python3.12/site-packages/fastapi/routing.py", line 241, in __aenter__
    await self._router._startup()
  File "/opt/automacoes/cliquedf/estoque/venv/lib/python3.12/site-packages/fastapi/routing.py", line 4886, in _startup
    handler()
  File "/opt/automacoes/cliquedf/estoque/main.py", line 38, in startup
    init_db()
  File "/opt/automacoes/cliquedf/estoque/app/routes/auth.py", line 40, in init_db
    """, ("master", bcrypt.hash("master"),
                    ^^^^^^^^^^^^^^^^^^^^^
  File "/opt/automacoes/cliquedf/estoque/venv/lib/python3.12/site-packages/passlib/utils/handlers.py", line 779, in hash
    self.checksum = self._calc_checksum(secret)
                    ^^^^^^^^^^^^^^^^^^^^^^^^^^^
  File "/opt/automacoes/cliquedf/estoque/venv/lib/python3.12/site-packages/passlib/handlers/bcrypt.py", line 591, in _calc_checksum
    self._stub_requires_backend()
  File "/opt/automacoes/cliquedf/estoque/venv/lib/python3.12/site-packages/passlib/utils/handlers.py", line 2254, in _stub_requires_backend
    cls.set_backend()
  File "/opt/automacoes/cliquedf/estoque/venv/lib/python3.12/site-packages/passlib/utils/handlers.py", line 2163, in set_backend
    return cls.set_backend(name, dryrun=dryrun)
           ^^^^^^^^^^^^^^^^^^^^^^^^^^^^^^^^^^^^
  File "/opt/automacoes/cliquedf/estoque/venv/lib/python3.12/site-packages/passlib/utils/handlers.py", line 2188, in set_backend
    cls._set_backend(name, dryrun)
  File "/opt/automacoes/cliquedf/estoque/venv/lib/python3.12/site-packages/passlib/utils/handlers.py", line 2311, in _set_backend
    super(SubclassBackendMixin, cls)._set_backend(name, dryrun)
  File "/opt/automacoes/cliquedf/estoque/venv/lib/python3.12/site-packages/passlib/utils/handlers.py", line 2224, in _set_backend
    ok = loader(**kwds)
         ^^^^^^^^^^^^^^
  File "/opt/automacoes/cliquedf/estoque/venv/lib/python3.12/site-packages/passlib/handlers/bcrypt.py", line 626, in _load_backend_mixin
    return mixin_cls._finalize_backend_mixin(name, dryrun)
           ^^^^^^^^^^^^^^^^^^^^^^^^^^^^^^^^^^^^^^^^^^^^^^^
  File "/opt/automacoes/cliquedf/estoque/venv/lib/python3.12/site-packages/passlib/handlers/bcrypt.py", line 421, in _finalize_backend_mixin
    if detect_wrap_bug(IDENT_2A):
       ^^^^^^^^^^^^^^^^^^^^^^^^^
  File "/opt/automacoes/cliquedf/estoque/venv/lib/python3.12/site-packages/passlib/handlers/bcrypt.py", line 380, in detect_wrap_bug
    if verify(secret, bug_hash):
       ^^^^^^^^^^^^^^^^^^^^^^^^
  File "/opt/automacoes/cliquedf/estoque/venv/lib/python3.12/site-packages/passlib/utils/handlers.py", line 792, in verify
    return consteq(self._calc_checksum(secret), chk)
                   ^^^^^^^^^^^^^^^^^^^^^^^^^^^
  File "/opt/automacoes/cliquedf/estoque/venv/lib/python3.12/site-packages/passlib/handlers/bcrypt.py", line 655, in _calc_checksum
    hash = _bcrypt.hashpw(secret, config)
           ^^^^^^^^^^^^^^^^^^^^^^^^^^^^^^
ValueError: password cannot be longer than 72 bytes, truncate manually if necessary (e.g. my_password[:72])

ERROR:    Application startup failed. Exiting.
INFO:     Started server process [241838]
INFO:     Waiting for application startup.
(trapped) error reading bcrypt version
Traceback (most recent call last):
  File "/opt/automacoes/cliquedf/estoque/venv/lib/python3.12/site-packages/passlib/handlers/bcrypt.py", line 620, in _load_backend_mixin
    version = _bcrypt.__about__.__version__
              ^^^^^^^^^^^^^^^^^
AttributeError: module 'bcrypt' has no attribute '__about__'
ERROR:    Traceback (most recent call last):
  File "/opt/automacoes/cliquedf/estoque/venv/lib/python3.12/site-packages/starlette/routing.py", line 638, in lifespan
    async with self.lifespan_context(app) as maybe_state:
  File "/usr/lib/python3.12/contextlib.py", line 210, in __aenter__
    return await anext(self.gen)
           ^^^^^^^^^^^^^^^^^^^^^
  File "/opt/automacoes/cliquedf/estoque/venv/lib/python3.12/site-packages/fastapi/routing.py", line 216, in merged_lifespan
    async with original_context(app) as maybe_original_state:
  File "/usr/lib/python3.12/contextlib.py", line 210, in __aenter__
    return await anext(self.gen)
           ^^^^^^^^^^^^^^^^^^^^^
  File "/opt/automacoes/cliquedf/estoque/venv/lib/python3.12/site-packages/fastapi/routing.py", line 216, in merged_lifespan
    async with original_context(app) as maybe_original_state:
  File "/usr/lib/python3.12/contextlib.py", line 210, in __aenter__
    return await anext(self.gen)
           ^^^^^^^^^^^^^^^^^^^^^
  File "/opt/automacoes/cliquedf/estoque/venv/lib/python3.12/site-packages/fastapi/routing.py", line 216, in merged_lifespan
    async with original_context(app) as maybe_original_state:
  File "/usr/lib/python3.12/contextlib.py", line 210, in __aenter__
    return await anext(self.gen)
           ^^^^^^^^^^^^^^^^^^^^^
  File "/opt/automacoes/cliquedf/estoque/venv/lib/python3.12/site-packages/fastapi/routing.py", line 216, in merged_lifespan
    async with original_context(app) as maybe_original_state:
  File "/opt/automacoes/cliquedf/estoque/venv/lib/python3.12/site-packages/fastapi/routing.py", line 241, in __aenter__
    await self._router._startup()
  File "/opt/automacoes/cliquedf/estoque/venv/lib/python3.12/site-packages/fastapi/routing.py", line 4886, in _startup
    handler()
  File "/opt/automacoes/cliquedf/estoque/main.py", line 38, in startup
    init_db()
  File "/opt/automacoes/cliquedf/estoque/app/routes/auth.py", line 40, in init_db
    """, ("master", bcrypt.hash("master"),
                    ^^^^^^^^^^^^^^^^^^^^^
  File "/opt/automacoes/cliquedf/estoque/venv/lib/python3.12/site-packages/passlib/utils/handlers.py", line 779, in hash
    self.checksum = self._calc_checksum(secret)
                    ^^^^^^^^^^^^^^^^^^^^^^^^^^^
  File "/opt/automacoes/cliquedf/estoque/venv/lib/python3.12/site-packages/passlib/handlers/bcrypt.py", line 591, in _calc_checksum
    self._stub_requires_backend()
  File "/opt/automacoes/cliquedf/estoque/venv/lib/python3.12/site-packages/passlib/utils/handlers.py", line 2254, in _stub_requires_backend
    cls.set_backend()
  File "/opt/automacoes/cliquedf/estoque/venv/lib/python3.12/site-packages/passlib/utils/handlers.py", line 2163, in set_backend
    return cls.set_backend(name, dryrun=dryrun)
           ^^^^^^^^^^^^^^^^^^^^^^^^^^^^^^^^^^^^
  File "/opt/automacoes/cliquedf/estoque/venv/lib/python3.12/site-packages/passlib/utils/handlers.py", line 2188, in set_backend
    cls._set_backend(name, dryrun)
  File "/opt/automacoes/cliquedf/estoque/venv/lib/python3.12/site-packages/passlib/utils/handlers.py", line 2311, in _set_backend
    super(SubclassBackendMixin, cls)._set_backend(name, dryrun)
  File "/opt/automacoes/cliquedf/estoque/venv/lib/python3.12/site-packages/passlib/utils/handlers.py", line 2224, in _set_backend
    ok = loader(**kwds)
         ^^^^^^^^^^^^^^
  File "/opt/automacoes/cliquedf/estoque/venv/lib/python3.12/site-packages/passlib/handlers/bcrypt.py", line 626, in _load_backend_mixin
    return mixin_cls._finalize_backend_mixin(name, dryrun)
           ^^^^^^^^^^^^^^^^^^^^^^^^^^^^^^^^^^^^^^^^^^^^^^^
  File "/opt/automacoes/cliquedf/estoque/venv/lib/python3.12/site-packages/passlib/handlers/bcrypt.py", line 421, in _finalize_backend_mixin
    if detect_wrap_bug(IDENT_2A):
       ^^^^^^^^^^^^^^^^^^^^^^^^^
  File "/opt/automacoes/cliquedf/estoque/venv/lib/python3.12/site-packages/passlib/handlers/bcrypt.py", line 380, in detect_wrap_bug
    if verify(secret, bug_hash):
       ^^^^^^^^^^^^^^^^^^^^^^^^
  File "/opt/automacoes/cliquedf/estoque/venv/lib/python3.12/site-packages/passlib/utils/handlers.py", line 792, in verify
    return consteq(self._calc_checksum(secret), chk)
                   ^^^^^^^^^^^^^^^^^^^^^^^^^^^
  File "/opt/automacoes/cliquedf/estoque/venv/lib/python3.12/site-packages/passlib/handlers/bcrypt.py", line 655, in _calc_checksum
    hash = _bcrypt.hashpw(secret, config)
           ^^^^^^^^^^^^^^^^^^^^^^^^^^^^^^
ValueError: password cannot be longer than 72 bytes, truncate manually if necessary (e.g. my_password[:72])

ERROR:    Application startup failed. Exiting.
INFO:     Started server process [241840]
INFO:     Waiting for application startup.
(trapped) error reading bcrypt version
Traceback (most recent call last):
  File "/opt/automacoes/cliquedf/estoque/venv/lib/python3.12/site-packages/passlib/handlers/bcrypt.py", line 620, in _load_backend_mixin
    version = _bcrypt.__about__.__version__
              ^^^^^^^^^^^^^^^^^
AttributeError: module 'bcrypt' has no attribute '__about__'
ERROR:    Traceback (most recent call last):
  File "/opt/automacoes/cliquedf/estoque/venv/lib/python3.12/site-packages/starlette/routing.py", line 638, in lifespan
    async with self.lifespan_context(app) as maybe_state:
  File "/usr/lib/python3.12/contextlib.py", line 210, in __aenter__
    return await anext(self.gen)
           ^^^^^^^^^^^^^^^^^^^^^
  File "/opt/automacoes/cliquedf/estoque/venv/lib/python3.12/site-packages/fastapi/routing.py", line 216, in merged_lifespan
    async with original_context(app) as maybe_original_state:
  File "/usr/lib/python3.12/contextlib.py", line 210, in __aenter__
    return await anext(self.gen)
           ^^^^^^^^^^^^^^^^^^^^^
  File "/opt/automacoes/cliquedf/estoque/venv/lib/python3.12/site-packages/fastapi/routing.py", line 216, in merged_lifespan
    async with original_context(app) as maybe_original_state:
  File "/usr/lib/python3.12/contextlib.py", line 210, in __aenter__
    return await anext(self.gen)
           ^^^^^^^^^^^^^^^^^^^^^
  File "/opt/automacoes/cliquedf/estoque/venv/lib/python3.12/site-packages/fastapi/routing.py", line 216, in merged_lifespan
    async with original_context(app) as maybe_original_state:
  File "/usr/lib/python3.12/contextlib.py", line 210, in __aenter__
    return await anext(self.gen)
           ^^^^^^^^^^^^^^^^^^^^^
  File "/opt/automacoes/cliquedf/estoque/venv/lib/python3.12/site-packages/fastapi/routing.py", line 216, in merged_lifespan
    async with original_context(app) as maybe_original_state:
  File "/opt/automacoes/cliquedf/estoque/venv/lib/python3.12/site-packages/fastapi/routing.py", line 241, in __aenter__
    await self._router._startup()
  File "/opt/automacoes/cliquedf/estoque/venv/lib/python3.12/site-packages/fastapi/routing.py", line 4886, in _startup
    handler()
  File "/opt/automacoes/cliquedf/estoque/main.py", line 38, in startup
    init_db()
  File "/opt/automacoes/cliquedf/estoque/app/routes/auth.py", line 40, in init_db
    """, ("master", bcrypt.hash("master"),
                    ^^^^^^^^^^^^^^^^^^^^^
  File "/opt/automacoes/cliquedf/estoque/venv/lib/python3.12/site-packages/passlib/utils/handlers.py", line 779, in hash
    self.checksum = self._calc_checksum(secret)
                    ^^^^^^^^^^^^^^^^^^^^^^^^^^^
  File "/opt/automacoes/cliquedf/estoque/venv/lib/python3.12/site-packages/passlib/handlers/bcrypt.py", line 591, in _calc_checksum
    self._stub_requires_backend()
  File "/opt/automacoes/cliquedf/estoque/venv/lib/python3.12/site-packages/passlib/utils/handlers.py", line 2254, in _stub_requires_backend
    cls.set_backend()
  File "/opt/automacoes/cliquedf/estoque/venv/lib/python3.12/site-packages/passlib/utils/handlers.py", line 2163, in set_backend
    return cls.set_backend(name, dryrun=dryrun)
           ^^^^^^^^^^^^^^^^^^^^^^^^^^^^^^^^^^^^
  File "/opt/automacoes/cliquedf/estoque/venv/lib/python3.12/site-packages/passlib/utils/handlers.py", line 2188, in set_backend
    cls._set_backend(name, dryrun)
  File "/opt/automacoes/cliquedf/estoque/venv/lib/python3.12/site-packages/passlib/utils/handlers.py", line 2311, in _set_backend
    super(SubclassBackendMixin, cls)._set_backend(name, dryrun)
  File "/opt/automacoes/cliquedf/estoque/venv/lib/python3.12/site-packages/passlib/utils/handlers.py", line 2224, in _set_backend
    ok = loader(**kwds)
         ^^^^^^^^^^^^^^
  File "/opt/automacoes/cliquedf/estoque/venv/lib/python3.12/site-packages/passlib/handlers/bcrypt.py", line 626, in _load_backend_mixin
    return mixin_cls._finalize_backend_mixin(name, dryrun)
           ^^^^^^^^^^^^^^^^^^^^^^^^^^^^^^^^^^^^^^^^^^^^^^^
  File "/opt/automacoes/cliquedf/estoque/venv/lib/python3.12/site-packages/passlib/handlers/bcrypt.py", line 421, in _finalize_backend_mixin
    if detect_wrap_bug(IDENT_2A):
       ^^^^^^^^^^^^^^^^^^^^^^^^^
  File "/opt/automacoes/cliquedf/estoque/venv/lib/python3.12/site-packages/passlib/handlers/bcrypt.py", line 380, in detect_wrap_bug
    if verify(secret, bug_hash):
       ^^^^^^^^^^^^^^^^^^^^^^^^
  File "/opt/automacoes/cliquedf/estoque/venv/lib/python3.12/site-packages/passlib/utils/handlers.py", line 792, in verify
    return consteq(self._calc_checksum(secret), chk)
                   ^^^^^^^^^^^^^^^^^^^^^^^^^^^
  File "/opt/automacoes/cliquedf/estoque/venv/lib/python3.12/site-packages/passlib/handlers/bcrypt.py", line 655, in _calc_checksum
    hash = _bcrypt.hashpw(secret, config)
           ^^^^^^^^^^^^^^^^^^^^^^^^^^^^^^
ValueError: password cannot be longer than 72 bytes, truncate manually if necessary (e.g. my_password[:72])

ERROR:    Application startup failed. Exiting.
INFO:     Started server process [241842]
INFO:     Waiting for application startup.
(trapped) error reading bcrypt version
Traceback (most recent call last):
  File "/opt/automacoes/cliquedf/estoque/venv/lib/python3.12/site-packages/passlib/handlers/bcrypt.py", line 620, in _load_backend_mixin
    version = _bcrypt.__about__.__version__
              ^^^^^^^^^^^^^^^^^
AttributeError: module 'bcrypt' has no attribute '__about__'
ERROR:    Traceback (most recent call last):
  File "/opt/automacoes/cliquedf/estoque/venv/lib/python3.12/site-packages/starlette/routing.py", line 638, in lifespan
    async with self.lifespan_context(app) as maybe_state:
  File "/usr/lib/python3.12/contextlib.py", line 210, in __aenter__
    return await anext(self.gen)
           ^^^^^^^^^^^^^^^^^^^^^
  File "/opt/automacoes/cliquedf/estoque/venv/lib/python3.12/site-packages/fastapi/routing.py", line 216, in merged_lifespan
    async with original_context(app) as maybe_original_state:
  File "/usr/lib/python3.12/contextlib.py", line 210, in __aenter__
    return await anext(self.gen)
           ^^^^^^^^^^^^^^^^^^^^^
  File "/opt/automacoes/cliquedf/estoque/venv/lib/python3.12/site-packages/fastapi/routing.py", line 216, in merged_lifespan
    async with original_context(app) as maybe_original_state:
  File "/usr/lib/python3.12/contextlib.py", line 210, in __aenter__
    return await anext(self.gen)
           ^^^^^^^^^^^^^^^^^^^^^
  File "/opt/automacoes/cliquedf/estoque/venv/lib/python3.12/site-packages/fastapi/routing.py", line 216, in merged_lifespan
    async with original_context(app) as maybe_original_state:
  File "/usr/lib/python3.12/contextlib.py", line 210, in __aenter__
    return await anext(self.gen)
           ^^^^^^^^^^^^^^^^^^^^^
  File "/opt/automacoes/cliquedf/estoque/venv/lib/python3.12/site-packages/fastapi/routing.py", line 216, in merged_lifespan
    async with original_context(app) as maybe_original_state:
  File "/opt/automacoes/cliquedf/estoque/venv/lib/python3.12/site-packages/fastapi/routing.py", line 241, in __aenter__
    await self._router._startup()
  File "/opt/automacoes/cliquedf/estoque/venv/lib/python3.12/site-packages/fastapi/routing.py", line 4886, in _startup
    handler()
  File "/opt/automacoes/cliquedf/estoque/main.py", line 38, in startup
    init_db()
  File "/opt/automacoes/cliquedf/estoque/app/routes/auth.py", line 40, in init_db
    """, ("master", bcrypt.hash("master"),
                    ^^^^^^^^^^^^^^^^^^^^^
  File "/opt/automacoes/cliquedf/estoque/venv/lib/python3.12/site-packages/passlib/utils/handlers.py", line 779, in hash
    self.checksum = self._calc_checksum(secret)
                    ^^^^^^^^^^^^^^^^^^^^^^^^^^^
  File "/opt/automacoes/cliquedf/estoque/venv/lib/python3.12/site-packages/passlib/handlers/bcrypt.py", line 591, in _calc_checksum
    self._stub_requires_backend()
  File "/opt/automacoes/cliquedf/estoque/venv/lib/python3.12/site-packages/passlib/utils/handlers.py", line 2254, in _stub_requires_backend
    cls.set_backend()
  File "/opt/automacoes/cliquedf/estoque/venv/lib/python3.12/site-packages/passlib/utils/handlers.py", line 2163, in set_backend
    return cls.set_backend(name, dryrun=dryrun)
           ^^^^^^^^^^^^^^^^^^^^^^^^^^^^^^^^^^^^
  File "/opt/automacoes/cliquedf/estoque/venv/lib/python3.12/site-packages/passlib/utils/handlers.py", line 2188, in set_backend
    cls._set_backend(name, dryrun)
  File "/opt/automacoes/cliquedf/estoque/venv/lib/python3.12/site-packages/passlib/utils/handlers.py", line 2311, in _set_backend
    super(SubclassBackendMixin, cls)._set_backend(name, dryrun)
  File "/opt/automacoes/cliquedf/estoque/venv/lib/python3.12/site-packages/passlib/utils/handlers.py", line 2224, in _set_backend
    ok = loader(**kwds)
         ^^^^^^^^^^^^^^
  File "/opt/automacoes/cliquedf/estoque/venv/lib/python3.12/site-packages/passlib/handlers/bcrypt.py", line 626, in _load_backend_mixin
    return mixin_cls._finalize_backend_mixin(name, dryrun)
           ^^^^^^^^^^^^^^^^^^^^^^^^^^^^^^^^^^^^^^^^^^^^^^^
  File "/opt/automacoes/cliquedf/estoque/venv/lib/python3.12/site-packages/passlib/handlers/bcrypt.py", line 421, in _finalize_backend_mixin
    if detect_wrap_bug(IDENT_2A):
       ^^^^^^^^^^^^^^^^^^^^^^^^^
  File "/opt/automacoes/cliquedf/estoque/venv/lib/python3.12/site-packages/passlib/handlers/bcrypt.py", line 380, in detect_wrap_bug
    if verify(secret, bug_hash):
       ^^^^^^^^^^^^^^^^^^^^^^^^
  File "/opt/automacoes/cliquedf/estoque/venv/lib/python3.12/site-packages/passlib/utils/handlers.py", line 792, in verify
    return consteq(self._calc_checksum(secret), chk)
                   ^^^^^^^^^^^^^^^^^^^^^^^^^^^
  File "/opt/automacoes/cliquedf/estoque/venv/lib/python3.12/site-packages/passlib/handlers/bcrypt.py", line 655, in _calc_checksum
    hash = _bcrypt.hashpw(secret, config)
           ^^^^^^^^^^^^^^^^^^^^^^^^^^^^^^
ValueError: password cannot be longer than 72 bytes, truncate manually if necessary (e.g. my_password[:72])

ERROR:    Application startup failed. Exiting.
INFO:     Started server process [241903]
INFO:     Waiting for application startup.
(trapped) error reading bcrypt version
Traceback (most recent call last):
  File "/opt/automacoes/cliquedf/estoque/venv/lib/python3.12/site-packages/passlib/handlers/bcrypt.py", line 620, in _load_backend_mixin
    version = _bcrypt.__about__.__version__
              ^^^^^^^^^^^^^^^^^
AttributeError: module 'bcrypt' has no attribute '__about__'
ERROR:    Traceback (most recent call last):
  File "/opt/automacoes/cliquedf/estoque/venv/lib/python3.12/site-packages/starlette/routing.py", line 638, in lifespan
    async with self.lifespan_context(app) as maybe_state:
  File "/usr/lib/python3.12/contextlib.py", line 210, in __aenter__
    return await anext(self.gen)
           ^^^^^^^^^^^^^^^^^^^^^
  File "/opt/automacoes/cliquedf/estoque/venv/lib/python3.12/site-packages/fastapi/routing.py", line 216, in merged_lifespan
    async with original_context(app) as maybe_original_state:
  File "/usr/lib/python3.12/contextlib.py", line 210, in __aenter__
    return await anext(self.gen)
           ^^^^^^^^^^^^^^^^^^^^^
  File "/opt/automacoes/cliquedf/estoque/venv/lib/python3.12/site-packages/fastapi/routing.py", line 216, in merged_lifespan
    async with original_context(app) as maybe_original_state:
  File "/usr/lib/python3.12/contextlib.py", line 210, in __aenter__
    return await anext(self.gen)
           ^^^^^^^^^^^^^^^^^^^^^
  File "/opt/automacoes/cliquedf/estoque/venv/lib/python3.12/site-packages/fastapi/routing.py", line 216, in merged_lifespan
    async with original_context(app) as maybe_original_state:
  File "/usr/lib/python3.12/contextlib.py", line 210, in __aenter__
    return await anext(self.gen)
           ^^^^^^^^^^^^^^^^^^^^^
  File "/opt/automacoes/cliquedf/estoque/venv/lib/python3.12/site-packages/fastapi/routing.py", line 216, in merged_lifespan
    async with original_context(app) as maybe_original_state:
  File "/opt/automacoes/cliquedf/estoque/venv/lib/python3.12/site-packages/fastapi/routing.py", line 241, in __aenter__
    await self._router._startup()
  File "/opt/automacoes/cliquedf/estoque/venv/lib/python3.12/site-packages/fastapi/routing.py", line 4886, in _startup
    handler()
  File "/opt/automacoes/cliquedf/estoque/main.py", line 38, in startup
    init_db()
  File "/opt/automacoes/cliquedf/estoque/app/routes/auth.py", line 40, in init_db
    """, ("master", bcrypt.hash("master"),
                    ^^^^^^^^^^^^^^^^^^^^^
  File "/opt/automacoes/cliquedf/estoque/venv/lib/python3.12/site-packages/passlib/utils/handlers.py", line 779, in hash
    self.checksum = self._calc_checksum(secret)
                    ^^^^^^^^^^^^^^^^^^^^^^^^^^^
  File "/opt/automacoes/cliquedf/estoque/venv/lib/python3.12/site-packages/passlib/handlers/bcrypt.py", line 591, in _calc_checksum
    self._stub_requires_backend()
  File "/opt/automacoes/cliquedf/estoque/venv/lib/python3.12/site-packages/passlib/utils/handlers.py", line 2254, in _stub_requires_backend
    cls.set_backend()
  File "/opt/automacoes/cliquedf/estoque/venv/lib/python3.12/site-packages/passlib/utils/handlers.py", line 2163, in set_backend
    return cls.set_backend(name, dryrun=dryrun)
           ^^^^^^^^^^^^^^^^^^^^^^^^^^^^^^^^^^^^
  File "/opt/automacoes/cliquedf/estoque/venv/lib/python3.12/site-packages/passlib/utils/handlers.py", line 2188, in set_backend
    cls._set_backend(name, dryrun)
  File "/opt/automacoes/cliquedf/estoque/venv/lib/python3.12/site-packages/passlib/utils/handlers.py", line 2311, in _set_backend
    super(SubclassBackendMixin, cls)._set_backend(name, dryrun)
  File "/opt/automacoes/cliquedf/estoque/venv/lib/python3.12/site-packages/passlib/utils/handlers.py", line 2224, in _set_backend
    ok = loader(**kwds)
         ^^^^^^^^^^^^^^
  File "/opt/automacoes/cliquedf/estoque/venv/lib/python3.12/site-packages/passlib/handlers/bcrypt.py", line 626, in _load_backend_mixin
    return mixin_cls._finalize_backend_mixin(name, dryrun)
           ^^^^^^^^^^^^^^^^^^^^^^^^^^^^^^^^^^^^^^^^^^^^^^^
  File "/opt/automacoes/cliquedf/estoque/venv/lib/python3.12/site-packages/passlib/handlers/bcrypt.py", line 421, in _finalize_backend_mixin
    if detect_wrap_bug(IDENT_2A):
       ^^^^^^^^^^^^^^^^^^^^^^^^^
  File "/opt/automacoes/cliquedf/estoque/venv/lib/python3.12/site-packages/passlib/handlers/bcrypt.py", line 380, in detect_wrap_bug
    if verify(secret, bug_hash):
       ^^^^^^^^^^^^^^^^^^^^^^^^
  File "/opt/automacoes/cliquedf/estoque/venv/lib/python3.12/site-packages/passlib/utils/handlers.py", line 792, in verify
    return consteq(self._calc_checksum(secret), chk)
                   ^^^^^^^^^^^^^^^^^^^^^^^^^^^
  File "/opt/automacoes/cliquedf/estoque/venv/lib/python3.12/site-packages/passlib/handlers/bcrypt.py", line 655, in _calc_checksum
    hash = _bcrypt.hashpw(secret, config)
           ^^^^^^^^^^^^^^^^^^^^^^^^^^^^^^
ValueError: password cannot be longer than 72 bytes, truncate manually if necessary (e.g. my_password[:72])

ERROR:    Application startup failed. Exiting.
INFO:     Started server process [242012]
INFO:     Waiting for application startup.
(trapped) error reading bcrypt version
Traceback (most recent call last):
  File "/opt/automacoes/cliquedf/estoque/venv/lib/python3.12/site-packages/passlib/handlers/bcrypt.py", line 620, in _load_backend_mixin
    version = _bcrypt.__about__.__version__
              ^^^^^^^^^^^^^^^^^
AttributeError: module 'bcrypt' has no attribute '__about__'
ERROR:    Traceback (most recent call last):
  File "/opt/automacoes/cliquedf/estoque/venv/lib/python3.12/site-packages/starlette/routing.py", line 638, in lifespan
    async with self.lifespan_context(app) as maybe_state:
  File "/usr/lib/python3.12/contextlib.py", line 210, in __aenter__
    return await anext(self.gen)
           ^^^^^^^^^^^^^^^^^^^^^
  File "/opt/automacoes/cliquedf/estoque/venv/lib/python3.12/site-packages/fastapi/routing.py", line 216, in merged_lifespan
    async with original_context(app) as maybe_original_state:
  File "/usr/lib/python3.12/contextlib.py", line 210, in __aenter__
    return await anext(self.gen)
           ^^^^^^^^^^^^^^^^^^^^^
  File "/opt/automacoes/cliquedf/estoque/venv/lib/python3.12/site-packages/fastapi/routing.py", line 216, in merged_lifespan
    async with original_context(app) as maybe_original_state:
  File "/usr/lib/python3.12/contextlib.py", line 210, in __aenter__
    return await anext(self.gen)
           ^^^^^^^^^^^^^^^^^^^^^
  File "/opt/automacoes/cliquedf/estoque/venv/lib/python3.12/site-packages/fastapi/routing.py", line 216, in merged_lifespan
    async with original_context(app) as maybe_original_state:
  File "/usr/lib/python3.12/contextlib.py", line 210, in __aenter__
    return await anext(self.gen)
           ^^^^^^^^^^^^^^^^^^^^^
  File "/opt/automacoes/cliquedf/estoque/venv/lib/python3.12/site-packages/fastapi/routing.py", line 216, in merged_lifespan
    async with original_context(app) as maybe_original_state:
  File "/opt/automacoes/cliquedf/estoque/venv/lib/python3.12/site-packages/fastapi/routing.py", line 241, in __aenter__
    await self._router._startup()
  File "/opt/automacoes/cliquedf/estoque/venv/lib/python3.12/site-packages/fastapi/routing.py", line 4886, in _startup
    handler()
  File "/opt/automacoes/cliquedf/estoque/main.py", line 38, in startup
    init_db()
  File "/opt/automacoes/cliquedf/estoque/app/routes/auth.py", line 40, in init_db
    """, ("master", bcrypt.hash("master"),
                    ^^^^^^^^^^^^^^^^^^^^^
  File "/opt/automacoes/cliquedf/estoque/venv/lib/python3.12/site-packages/passlib/utils/handlers.py", line 779, in hash
    self.checksum = self._calc_checksum(secret)
                    ^^^^^^^^^^^^^^^^^^^^^^^^^^^
  File "/opt/automacoes/cliquedf/estoque/venv/lib/python3.12/site-packages/passlib/handlers/bcrypt.py", line 591, in _calc_checksum
    self._stub_requires_backend()
  File "/opt/automacoes/cliquedf/estoque/venv/lib/python3.12/site-packages/passlib/utils/handlers.py", line 2254, in _stub_requires_backend
    cls.set_backend()
  File "/opt/automacoes/cliquedf/estoque/venv/lib/python3.12/site-packages/passlib/utils/handlers.py", line 2163, in set_backend
    return cls.set_backend(name, dryrun=dryrun)
           ^^^^^^^^^^^^^^^^^^^^^^^^^^^^^^^^^^^^
  File "/opt/automacoes/cliquedf/estoque/venv/lib/python3.12/site-packages/passlib/utils/handlers.py", line 2188, in set_backend
    cls._set_backend(name, dryrun)
  File "/opt/automacoes/cliquedf/estoque/venv/lib/python3.12/site-packages/passlib/utils/handlers.py", line 2311, in _set_backend
    super(SubclassBackendMixin, cls)._set_backend(name, dryrun)
  File "/opt/automacoes/cliquedf/estoque/venv/lib/python3.12/site-packages/passlib/utils/handlers.py", line 2224, in _set_backend
    ok = loader(**kwds)
         ^^^^^^^^^^^^^^
  File "/opt/automacoes/cliquedf/estoque/venv/lib/python3.12/site-packages/passlib/handlers/bcrypt.py", line 626, in _load_backend_mixin
    return mixin_cls._finalize_backend_mixin(name, dryrun)
           ^^^^^^^^^^^^^^^^^^^^^^^^^^^^^^^^^^^^^^^^^^^^^^^
  File "/opt/automacoes/cliquedf/estoque/venv/lib/python3.12/site-packages/passlib/handlers/bcrypt.py", line 421, in _finalize_backend_mixin
    if detect_wrap_bug(IDENT_2A):
       ^^^^^^^^^^^^^^^^^^^^^^^^^
  File "/opt/automacoes/cliquedf/estoque/venv/lib/python3.12/site-packages/passlib/handlers/bcrypt.py", line 380, in detect_wrap_bug
    if verify(secret, bug_hash):
       ^^^^^^^^^^^^^^^^^^^^^^^^
  File "/opt/automacoes/cliquedf/estoque/venv/lib/python3.12/site-packages/passlib/utils/handlers.py", line 792, in verify
    return consteq(self._calc_checksum(secret), chk)
                   ^^^^^^^^^^^^^^^^^^^^^^^^^^^
  File "/opt/automacoes/cliquedf/estoque/venv/lib/python3.12/site-packages/passlib/handlers/bcrypt.py", line 655, in _calc_checksum
    hash = _bcrypt.hashpw(secret, config)
           ^^^^^^^^^^^^^^^^^^^^^^^^^^^^^^
ValueError: password cannot be longer than 72 bytes, truncate manually if necessary (e.g. my_password[:72])

ERROR:    Application startup failed. Exiting.
INFO:     Started server process [242014]
INFO:     Waiting for application startup.
(trapped) error reading bcrypt version
Traceback (most recent call last):
  File "/opt/automacoes/cliquedf/estoque/venv/lib/python3.12/site-packages/passlib/handlers/bcrypt.py", line 620, in _load_backend_mixin
    version = _bcrypt.__about__.__version__
              ^^^^^^^^^^^^^^^^^
AttributeError: module 'bcrypt' has no attribute '__about__'
ERROR:    Traceback (most recent call last):
  File "/opt/automacoes/cliquedf/estoque/venv/lib/python3.12/site-packages/starlette/routing.py", line 638, in lifespan
    async with self.lifespan_context(app) as maybe_state:
  File "/usr/lib/python3.12/contextlib.py", line 210, in __aenter__
    return await anext(self.gen)
           ^^^^^^^^^^^^^^^^^^^^^
  File "/opt/automacoes/cliquedf/estoque/venv/lib/python3.12/site-packages/fastapi/routing.py", line 216, in merged_lifespan
    async with original_context(app) as maybe_original_state:
  File "/usr/lib/python3.12/contextlib.py", line 210, in __aenter__
    return await anext(self.gen)
           ^^^^^^^^^^^^^^^^^^^^^
  File "/opt/automacoes/cliquedf/estoque/venv/lib/python3.12/site-packages/fastapi/routing.py", line 216, in merged_lifespan
    async with original_context(app) as maybe_original_state:
  File "/usr/lib/python3.12/contextlib.py", line 210, in __aenter__
    return await anext(self.gen)
           ^^^^^^^^^^^^^^^^^^^^^
  File "/opt/automacoes/cliquedf/estoque/venv/lib/python3.12/site-packages/fastapi/routing.py", line 216, in merged_lifespan
    async with original_context(app) as maybe_original_state:
  File "/usr/lib/python3.12/contextlib.py", line 210, in __aenter__
    return await anext(self.gen)
           ^^^^^^^^^^^^^^^^^^^^^
  File "/opt/automacoes/cliquedf/estoque/venv/lib/python3.12/site-packages/fastapi/routing.py", line 216, in merged_lifespan
    async with original_context(app) as maybe_original_state:
  File "/opt/automacoes/cliquedf/estoque/venv/lib/python3.12/site-packages/fastapi/routing.py", line 241, in __aenter__
    await self._router._startup()
  File "/opt/automacoes/cliquedf/estoque/venv/lib/python3.12/site-packages/fastapi/routing.py", line 4886, in _startup
    handler()
  File "/opt/automacoes/cliquedf/estoque/main.py", line 38, in startup
    init_db()
  File "/opt/automacoes/cliquedf/estoque/app/routes/auth.py", line 40, in init_db
    """, ("master", bcrypt.hash("master"),
                    ^^^^^^^^^^^^^^^^^^^^^
  File "/opt/automacoes/cliquedf/estoque/venv/lib/python3.12/site-packages/passlib/utils/handlers.py", line 779, in hash
    self.checksum = self._calc_checksum(secret)
                    ^^^^^^^^^^^^^^^^^^^^^^^^^^^
  File "/opt/automacoes/cliquedf/estoque/venv/lib/python3.12/site-packages/passlib/handlers/bcrypt.py", line 591, in _calc_checksum
    self._stub_requires_backend()
  File "/opt/automacoes/cliquedf/estoque/venv/lib/python3.12/site-packages/passlib/utils/handlers.py", line 2254, in _stub_requires_backend
    cls.set_backend()
  File "/opt/automacoes/cliquedf/estoque/venv/lib/python3.12/site-packages/passlib/utils/handlers.py", line 2163, in set_backend
    return cls.set_backend(name, dryrun=dryrun)
           ^^^^^^^^^^^^^^^^^^^^^^^^^^^^^^^^^^^^
  File "/opt/automacoes/cliquedf/estoque/venv/lib/python3.12/site-packages/passlib/utils/handlers.py", line 2188, in set_backend
    cls._set_backend(name, dryrun)
  File "/opt/automacoes/cliquedf/estoque/venv/lib/python3.12/site-packages/passlib/utils/handlers.py", line 2311, in _set_backend
    super(SubclassBackendMixin, cls)._set_backend(name, dryrun)
  File "/opt/automacoes/cliquedf/estoque/venv/lib/python3.12/site-packages/passlib/utils/handlers.py", line 2224, in _set_backend
    ok = loader(**kwds)
         ^^^^^^^^^^^^^^
  File "/opt/automacoes/cliquedf/estoque/venv/lib/python3.12/site-packages/passlib/handlers/bcrypt.py", line 626, in _load_backend_mixin
    return mixin_cls._finalize_backend_mixin(name, dryrun)
           ^^^^^^^^^^^^^^^^^^^^^^^^^^^^^^^^^^^^^^^^^^^^^^^
  File "/opt/automacoes/cliquedf/estoque/venv/lib/python3.12/site-packages/passlib/handlers/bcrypt.py", line 421, in _finalize_backend_mixin
    if detect_wrap_bug(IDENT_2A):
       ^^^^^^^^^^^^^^^^^^^^^^^^^
  File "/opt/automacoes/cliquedf/estoque/venv/lib/python3.12/site-packages/passlib/handlers/bcrypt.py", line 380, in detect_wrap_bug
    if verify(secret, bug_hash):
       ^^^^^^^^^^^^^^^^^^^^^^^^
  File "/opt/automacoes/cliquedf/estoque/venv/lib/python3.12/site-packages/passlib/utils/handlers.py", line 792, in verify
    return consteq(self._calc_checksum(secret), chk)
                   ^^^^^^^^^^^^^^^^^^^^^^^^^^^
  File "/opt/automacoes/cliquedf/estoque/venv/lib/python3.12/site-packages/passlib/handlers/bcrypt.py", line 655, in _calc_checksum
    hash = _bcrypt.hashpw(secret, config)
           ^^^^^^^^^^^^^^^^^^^^^^^^^^^^^^
ValueError: password cannot be longer than 72 bytes, truncate manually if necessary (e.g. my_password[:72])

ERROR:    Application startup failed. Exiting.
INFO:     Started server process [242019]
INFO:     Waiting for application startup.
(trapped) error reading bcrypt version
Traceback (most recent call last):
  File "/opt/automacoes/cliquedf/estoque/venv/lib/python3.12/site-packages/passlib/handlers/bcrypt.py", line 620, in _load_backend_mixin
    version = _bcrypt.__about__.__version__
              ^^^^^^^^^^^^^^^^^
AttributeError: module 'bcrypt' has no attribute '__about__'
ERROR:    Traceback (most recent call last):
  File "/opt/automacoes/cliquedf/estoque/venv/lib/python3.12/site-packages/starlette/routing.py", line 638, in lifespan
    async with self.lifespan_context(app) as maybe_state:
  File "/usr/lib/python3.12/contextlib.py", line 210, in __aenter__
    return await anext(self.gen)
           ^^^^^^^^^^^^^^^^^^^^^
  File "/opt/automacoes/cliquedf/estoque/venv/lib/python3.12/site-packages/fastapi/routing.py", line 216, in merged_lifespan
    async with original_context(app) as maybe_original_state:
  File "/usr/lib/python3.12/contextlib.py", line 210, in __aenter__
    return await anext(self.gen)
           ^^^^^^^^^^^^^^^^^^^^^
  File "/opt/automacoes/cliquedf/estoque/venv/lib/python3.12/site-packages/fastapi/routing.py", line 216, in merged_lifespan
    async with original_context(app) as maybe_original_state:
  File "/usr/lib/python3.12/contextlib.py", line 210, in __aenter__
    return await anext(self.gen)
           ^^^^^^^^^^^^^^^^^^^^^
  File "/opt/automacoes/cliquedf/estoque/venv/lib/python3.12/site-packages/fastapi/routing.py", line 216, in merged_lifespan
    async with original_context(app) as maybe_original_state:
  File "/usr/lib/python3.12/contextlib.py", line 210, in __aenter__
    return await anext(self.gen)
           ^^^^^^^^^^^^^^^^^^^^^
  File "/opt/automacoes/cliquedf/estoque/venv/lib/python3.12/site-packages/fastapi/routing.py", line 216, in merged_lifespan
    async with original_context(app) as maybe_original_state:
  File "/opt/automacoes/cliquedf/estoque/venv/lib/python3.12/site-packages/fastapi/routing.py", line 241, in __aenter__
    await self._router._startup()
  File "/opt/automacoes/cliquedf/estoque/venv/lib/python3.12/site-packages/fastapi/routing.py", line 4886, in _startup
    handler()
  File "/opt/automacoes/cliquedf/estoque/main.py", line 38, in startup
    init_db()
  File "/opt/automacoes/cliquedf/estoque/app/routes/auth.py", line 40, in init_db
    """, ("master", bcrypt.hash("master"),
                    ^^^^^^^^^^^^^^^^^^^^^
  File "/opt/automacoes/cliquedf/estoque/venv/lib/python3.12/site-packages/passlib/utils/handlers.py", line 779, in hash
    self.checksum = self._calc_checksum(secret)
                    ^^^^^^^^^^^^^^^^^^^^^^^^^^^
  File "/opt/automacoes/cliquedf/estoque/venv/lib/python3.12/site-packages/passlib/handlers/bcrypt.py", line 591, in _calc_checksum
    self._stub_requires_backend()
  File "/opt/automacoes/cliquedf/estoque/venv/lib/python3.12/site-packages/passlib/utils/handlers.py", line 2254, in _stub_requires_backend
    cls.set_backend()
  File "/opt/automacoes/cliquedf/estoque/venv/lib/python3.12/site-packages/passlib/utils/handlers.py", line 2163, in set_backend
    return cls.set_backend(name, dryrun=dryrun)
           ^^^^^^^^^^^^^^^^^^^^^^^^^^^^^^^^^^^^
  File "/opt/automacoes/cliquedf/estoque/venv/lib/python3.12/site-packages/passlib/utils/handlers.py", line 2188, in set_backend
    cls._set_backend(name, dryrun)
  File "/opt/automacoes/cliquedf/estoque/venv/lib/python3.12/site-packages/passlib/utils/handlers.py", line 2311, in _set_backend
    super(SubclassBackendMixin, cls)._set_backend(name, dryrun)
  File "/opt/automacoes/cliquedf/estoque/venv/lib/python3.12/site-packages/passlib/utils/handlers.py", line 2224, in _set_backend
    ok = loader(**kwds)
         ^^^^^^^^^^^^^^
  File "/opt/automacoes/cliquedf/estoque/venv/lib/python3.12/site-packages/passlib/handlers/bcrypt.py", line 626, in _load_backend_mixin
    return mixin_cls._finalize_backend_mixin(name, dryrun)
           ^^^^^^^^^^^^^^^^^^^^^^^^^^^^^^^^^^^^^^^^^^^^^^^
  File "/opt/automacoes/cliquedf/estoque/venv/lib/python3.12/site-packages/passlib/handlers/bcrypt.py", line 421, in _finalize_backend_mixin
    if detect_wrap_bug(IDENT_2A):
       ^^^^^^^^^^^^^^^^^^^^^^^^^
  File "/opt/automacoes/cliquedf/estoque/venv/lib/python3.12/site-packages/passlib/handlers/bcrypt.py", line 380, in detect_wrap_bug
    if verify(secret, bug_hash):
       ^^^^^^^^^^^^^^^^^^^^^^^^
  File "/opt/automacoes/cliquedf/estoque/venv/lib/python3.12/site-packages/passlib/utils/handlers.py", line 792, in verify
    return consteq(self._calc_checksum(secret), chk)
                   ^^^^^^^^^^^^^^^^^^^^^^^^^^^
  File "/opt/automacoes/cliquedf/estoque/venv/lib/python3.12/site-packages/passlib/handlers/bcrypt.py", line 655, in _calc_checksum
    hash = _bcrypt.hashpw(secret, config)
           ^^^^^^^^^^^^^^^^^^^^^^^^^^^^^^
ValueError: password cannot be longer than 72 bytes, truncate manually if necessary (e.g. my_password[:72])

ERROR:    Application startup failed. Exiting.
INFO:     Started server process [242021]
INFO:     Waiting for application startup.
(trapped) error reading bcrypt version
Traceback (most recent call last):
  File "/opt/automacoes/cliquedf/estoque/venv/lib/python3.12/site-packages/passlib/handlers/bcrypt.py", line 620, in _load_backend_mixin
    version = _bcrypt.__about__.__version__
              ^^^^^^^^^^^^^^^^^
AttributeError: module 'bcrypt' has no attribute '__about__'
ERROR:    Traceback (most recent call last):
  File "/opt/automacoes/cliquedf/estoque/venv/lib/python3.12/site-packages/starlette/routing.py", line 638, in lifespan
    async with self.lifespan_context(app) as maybe_state:
  File "/usr/lib/python3.12/contextlib.py", line 210, in __aenter__
    return await anext(self.gen)
           ^^^^^^^^^^^^^^^^^^^^^
  File "/opt/automacoes/cliquedf/estoque/venv/lib/python3.12/site-packages/fastapi/routing.py", line 216, in merged_lifespan
    async with original_context(app) as maybe_original_state:
  File "/usr/lib/python3.12/contextlib.py", line 210, in __aenter__
    return await anext(self.gen)
           ^^^^^^^^^^^^^^^^^^^^^
  File "/opt/automacoes/cliquedf/estoque/venv/lib/python3.12/site-packages/fastapi/routing.py", line 216, in merged_lifespan
    async with original_context(app) as maybe_original_state:
  File "/usr/lib/python3.12/contextlib.py", line 210, in __aenter__
    return await anext(self.gen)
           ^^^^^^^^^^^^^^^^^^^^^
  File "/opt/automacoes/cliquedf/estoque/venv/lib/python3.12/site-packages/fastapi/routing.py", line 216, in merged_lifespan
    async with original_context(app) as maybe_original_state:
  File "/usr/lib/python3.12/contextlib.py", line 210, in __aenter__
    return await anext(self.gen)
           ^^^^^^^^^^^^^^^^^^^^^
  File "/opt/automacoes/cliquedf/estoque/venv/lib/python3.12/site-packages/fastapi/routing.py", line 216, in merged_lifespan
    async with original_context(app) as maybe_original_state:
  File "/opt/automacoes/cliquedf/estoque/venv/lib/python3.12/site-packages/fastapi/routing.py", line 241, in __aenter__
    await self._router._startup()
  File "/opt/automacoes/cliquedf/estoque/venv/lib/python3.12/site-packages/fastapi/routing.py", line 4886, in _startup
    handler()
  File "/opt/automacoes/cliquedf/estoque/main.py", line 38, in startup
    init_db()
  File "/opt/automacoes/cliquedf/estoque/app/routes/auth.py", line 40, in init_db
    """, ("master", bcrypt.hash("master"),
                    ^^^^^^^^^^^^^^^^^^^^^
  File "/opt/automacoes/cliquedf/estoque/venv/lib/python3.12/site-packages/passlib/utils/handlers.py", line 779, in hash
    self.checksum = self._calc_checksum(secret)
                    ^^^^^^^^^^^^^^^^^^^^^^^^^^^
  File "/opt/automacoes/cliquedf/estoque/venv/lib/python3.12/site-packages/passlib/handlers/bcrypt.py", line 591, in _calc_checksum
    self._stub_requires_backend()
  File "/opt/automacoes/cliquedf/estoque/venv/lib/python3.12/site-packages/passlib/utils/handlers.py", line 2254, in _stub_requires_backend
    cls.set_backend()
  File "/opt/automacoes/cliquedf/estoque/venv/lib/python3.12/site-packages/passlib/utils/handlers.py", line 2163, in set_backend
    return cls.set_backend(name, dryrun=dryrun)
           ^^^^^^^^^^^^^^^^^^^^^^^^^^^^^^^^^^^^
  File "/opt/automacoes/cliquedf/estoque/venv/lib/python3.12/site-packages/passlib/utils/handlers.py", line 2188, in set_backend
    cls._set_backend(name, dryrun)
  File "/opt/automacoes/cliquedf/estoque/venv/lib/python3.12/site-packages/passlib/utils/handlers.py", line 2311, in _set_backend
    super(SubclassBackendMixin, cls)._set_backend(name, dryrun)
  File "/opt/automacoes/cliquedf/estoque/venv/lib/python3.12/site-packages/passlib/utils/handlers.py", line 2224, in _set_backend
    ok = loader(**kwds)
         ^^^^^^^^^^^^^^
  File "/opt/automacoes/cliquedf/estoque/venv/lib/python3.12/site-packages/passlib/handlers/bcrypt.py", line 626, in _load_backend_mixin
    return mixin_cls._finalize_backend_mixin(name, dryrun)
           ^^^^^^^^^^^^^^^^^^^^^^^^^^^^^^^^^^^^^^^^^^^^^^^
  File "/opt/automacoes/cliquedf/estoque/venv/lib/python3.12/site-packages/passlib/handlers/bcrypt.py", line 421, in _finalize_backend_mixin
    if detect_wrap_bug(IDENT_2A):
       ^^^^^^^^^^^^^^^^^^^^^^^^^
  File "/opt/automacoes/cliquedf/estoque/venv/lib/python3.12/site-packages/passlib/handlers/bcrypt.py", line 380, in detect_wrap_bug
    if verify(secret, bug_hash):
       ^^^^^^^^^^^^^^^^^^^^^^^^
  File "/opt/automacoes/cliquedf/estoque/venv/lib/python3.12/site-packages/passlib/utils/handlers.py", line 792, in verify
    return consteq(self._calc_checksum(secret), chk)
                   ^^^^^^^^^^^^^^^^^^^^^^^^^^^
  File "/opt/automacoes/cliquedf/estoque/venv/lib/python3.12/site-packages/passlib/handlers/bcrypt.py", line 655, in _calc_checksum
    hash = _bcrypt.hashpw(secret, config)
           ^^^^^^^^^^^^^^^^^^^^^^^^^^^^^^
ValueError: password cannot be longer than 72 bytes, truncate manually if necessary (e.g. my_password[:72])

ERROR:    Application startup failed. Exiting.
INFO:     Started server process [242023]
INFO:     Waiting for application startup.
(trapped) error reading bcrypt version
Traceback (most recent call last):
  File "/opt/automacoes/cliquedf/estoque/venv/lib/python3.12/site-packages/passlib/handlers/bcrypt.py", line 620, in _load_backend_mixin
    version = _bcrypt.__about__.__version__
              ^^^^^^^^^^^^^^^^^
AttributeError: module 'bcrypt' has no attribute '__about__'
ERROR:    Traceback (most recent call last):
  File "/opt/automacoes/cliquedf/estoque/venv/lib/python3.12/site-packages/starlette/routing.py", line 638, in lifespan
    async with self.lifespan_context(app) as maybe_state:
  File "/usr/lib/python3.12/contextlib.py", line 210, in __aenter__
    return await anext(self.gen)
           ^^^^^^^^^^^^^^^^^^^^^
  File "/opt/automacoes/cliquedf/estoque/venv/lib/python3.12/site-packages/fastapi/routing.py", line 216, in merged_lifespan
    async with original_context(app) as maybe_original_state:
  File "/usr/lib/python3.12/contextlib.py", line 210, in __aenter__
    return await anext(self.gen)
           ^^^^^^^^^^^^^^^^^^^^^
  File "/opt/automacoes/cliquedf/estoque/venv/lib/python3.12/site-packages/fastapi/routing.py", line 216, in merged_lifespan
    async with original_context(app) as maybe_original_state:
  File "/usr/lib/python3.12/contextlib.py", line 210, in __aenter__
    return await anext(self.gen)
           ^^^^^^^^^^^^^^^^^^^^^
  File "/opt/automacoes/cliquedf/estoque/venv/lib/python3.12/site-packages/fastapi/routing.py", line 216, in merged_lifespan
    async with original_context(app) as maybe_original_state:
  File "/usr/lib/python3.12/contextlib.py", line 210, in __aenter__
    return await anext(self.gen)
           ^^^^^^^^^^^^^^^^^^^^^
  File "/opt/automacoes/cliquedf/estoque/venv/lib/python3.12/site-packages/fastapi/routing.py", line 216, in merged_lifespan
    async with original_context(app) as maybe_original_state:
  File "/opt/automacoes/cliquedf/estoque/venv/lib/python3.12/site-packages/fastapi/routing.py", line 241, in __aenter__
    await self._router._startup()
  File "/opt/automacoes/cliquedf/estoque/venv/lib/python3.12/site-packages/fastapi/routing.py", line 4886, in _startup
    handler()
  File "/opt/automacoes/cliquedf/estoque/main.py", line 38, in startup
    init_db()
  File "/opt/automacoes/cliquedf/estoque/app/routes/auth.py", line 40, in init_db
    """, ("master", bcrypt.hash("master"),
                    ^^^^^^^^^^^^^^^^^^^^^
  File "/opt/automacoes/cliquedf/estoque/venv/lib/python3.12/site-packages/passlib/utils/handlers.py", line 779, in hash
    self.checksum = self._calc_checksum(secret)
                    ^^^^^^^^^^^^^^^^^^^^^^^^^^^
  File "/opt/automacoes/cliquedf/estoque/venv/lib/python3.12/site-packages/passlib/handlers/bcrypt.py", line 591, in _calc_checksum
    self._stub_requires_backend()
  File "/opt/automacoes/cliquedf/estoque/venv/lib/python3.12/site-packages/passlib/utils/handlers.py", line 2254, in _stub_requires_backend
    cls.set_backend()
  File "/opt/automacoes/cliquedf/estoque/venv/lib/python3.12/site-packages/passlib/utils/handlers.py", line 2163, in set_backend
    return cls.set_backend(name, dryrun=dryrun)
           ^^^^^^^^^^^^^^^^^^^^^^^^^^^^^^^^^^^^
  File "/opt/automacoes/cliquedf/estoque/venv/lib/python3.12/site-packages/passlib/utils/handlers.py", line 2188, in set_backend
    cls._set_backend(name, dryrun)
  File "/opt/automacoes/cliquedf/estoque/venv/lib/python3.12/site-packages/passlib/utils/handlers.py", line 2311, in _set_backend
    super(SubclassBackendMixin, cls)._set_backend(name, dryrun)
  File "/opt/automacoes/cliquedf/estoque/venv/lib/python3.12/site-packages/passlib/utils/handlers.py", line 2224, in _set_backend
    ok = loader(**kwds)
         ^^^^^^^^^^^^^^
  File "/opt/automacoes/cliquedf/estoque/venv/lib/python3.12/site-packages/passlib/handlers/bcrypt.py", line 626, in _load_backend_mixin
    return mixin_cls._finalize_backend_mixin(name, dryrun)
           ^^^^^^^^^^^^^^^^^^^^^^^^^^^^^^^^^^^^^^^^^^^^^^^
  File "/opt/automacoes/cliquedf/estoque/venv/lib/python3.12/site-packages/passlib/handlers/bcrypt.py", line 421, in _finalize_backend_mixin
    if detect_wrap_bug(IDENT_2A):
       ^^^^^^^^^^^^^^^^^^^^^^^^^
  File "/opt/automacoes/cliquedf/estoque/venv/lib/python3.12/site-packages/passlib/handlers/bcrypt.py", line 380, in detect_wrap_bug
    if verify(secret, bug_hash):
       ^^^^^^^^^^^^^^^^^^^^^^^^
  File "/opt/automacoes/cliquedf/estoque/venv/lib/python3.12/site-packages/passlib/utils/handlers.py", line 792, in verify
    return consteq(self._calc_checksum(secret), chk)
                   ^^^^^^^^^^^^^^^^^^^^^^^^^^^
  File "/opt/automacoes/cliquedf/estoque/venv/lib/python3.12/site-packages/passlib/handlers/bcrypt.py", line 655, in _calc_checksum
    hash = _bcrypt.hashpw(secret, config)
           ^^^^^^^^^^^^^^^^^^^^^^^^^^^^^^
ValueError: password cannot be longer than 72 bytes, truncate manually if necessary (e.g. my_password[:72])

ERROR:    Application startup failed. Exiting.
INFO:     Started server process [242026]
INFO:     Waiting for application startup.
(trapped) error reading bcrypt version
Traceback (most recent call last):
  File "/opt/automacoes/cliquedf/estoque/venv/lib/python3.12/site-packages/passlib/handlers/bcrypt.py", line 620, in _load_backend_mixin
    version = _bcrypt.__about__.__version__
              ^^^^^^^^^^^^^^^^^
AttributeError: module 'bcrypt' has no attribute '__about__'
ERROR:    Traceback (most recent call last):
  File "/opt/automacoes/cliquedf/estoque/venv/lib/python3.12/site-packages/starlette/routing.py", line 638, in lifespan
    async with self.lifespan_context(app) as maybe_state:
  File "/usr/lib/python3.12/contextlib.py", line 210, in __aenter__
    return await anext(self.gen)
           ^^^^^^^^^^^^^^^^^^^^^
  File "/opt/automacoes/cliquedf/estoque/venv/lib/python3.12/site-packages/fastapi/routing.py", line 216, in merged_lifespan
    async with original_context(app) as maybe_original_state:
  File "/usr/lib/python3.12/contextlib.py", line 210, in __aenter__
    return await anext(self.gen)
           ^^^^^^^^^^^^^^^^^^^^^
  File "/opt/automacoes/cliquedf/estoque/venv/lib/python3.12/site-packages/fastapi/routing.py", line 216, in merged_lifespan
    async with original_context(app) as maybe_original_state:
  File "/usr/lib/python3.12/contextlib.py", line 210, in __aenter__
    return await anext(self.gen)
           ^^^^^^^^^^^^^^^^^^^^^
  File "/opt/automacoes/cliquedf/estoque/venv/lib/python3.12/site-packages/fastapi/routing.py", line 216, in merged_lifespan
    async with original_context(app) as maybe_original_state:
  File "/usr/lib/python3.12/contextlib.py", line 210, in __aenter__
    return await anext(self.gen)
           ^^^^^^^^^^^^^^^^^^^^^
  File "/opt/automacoes/cliquedf/estoque/venv/lib/python3.12/site-packages/fastapi/routing.py", line 216, in merged_lifespan
    async with original_context(app) as maybe_original_state:
  File "/opt/automacoes/cliquedf/estoque/venv/lib/python3.12/site-packages/fastapi/routing.py", line 241, in __aenter__
    await self._router._startup()
  File "/opt/automacoes/cliquedf/estoque/venv/lib/python3.12/site-packages/fastapi/routing.py", line 4886, in _startup
    handler()
  File "/opt/automacoes/cliquedf/estoque/main.py", line 38, in startup
    init_db()
  File "/opt/automacoes/cliquedf/estoque/app/routes/auth.py", line 40, in init_db
    """, ("master", bcrypt.hash("master"),
                    ^^^^^^^^^^^^^^^^^^^^^
  File "/opt/automacoes/cliquedf/estoque/venv/lib/python3.12/site-packages/passlib/utils/handlers.py", line 779, in hash
    self.checksum = self._calc_checksum(secret)
                    ^^^^^^^^^^^^^^^^^^^^^^^^^^^
  File "/opt/automacoes/cliquedf/estoque/venv/lib/python3.12/site-packages/passlib/handlers/bcrypt.py", line 591, in _calc_checksum
    self._stub_requires_backend()
  File "/opt/automacoes/cliquedf/estoque/venv/lib/python3.12/site-packages/passlib/utils/handlers.py", line 2254, in _stub_requires_backend
    cls.set_backend()
  File "/opt/automacoes/cliquedf/estoque/venv/lib/python3.12/site-packages/passlib/utils/handlers.py", line 2163, in set_backend
    return cls.set_backend(name, dryrun=dryrun)
           ^^^^^^^^^^^^^^^^^^^^^^^^^^^^^^^^^^^^
  File "/opt/automacoes/cliquedf/estoque/venv/lib/python3.12/site-packages/passlib/utils/handlers.py", line 2188, in set_backend
    cls._set_backend(name, dryrun)
  File "/opt/automacoes/cliquedf/estoque/venv/lib/python3.12/site-packages/passlib/utils/handlers.py", line 2311, in _set_backend
    super(SubclassBackendMixin, cls)._set_backend(name, dryrun)
  File "/opt/automacoes/cliquedf/estoque/venv/lib/python3.12/site-packages/passlib/utils/handlers.py", line 2224, in _set_backend
    ok = loader(**kwds)
         ^^^^^^^^^^^^^^
  File "/opt/automacoes/cliquedf/estoque/venv/lib/python3.12/site-packages/passlib/handlers/bcrypt.py", line 626, in _load_backend_mixin
    return mixin_cls._finalize_backend_mixin(name, dryrun)
           ^^^^^^^^^^^^^^^^^^^^^^^^^^^^^^^^^^^^^^^^^^^^^^^
  File "/opt/automacoes/cliquedf/estoque/venv/lib/python3.12/site-packages/passlib/handlers/bcrypt.py", line 421, in _finalize_backend_mixin
    if detect_wrap_bug(IDENT_2A):
       ^^^^^^^^^^^^^^^^^^^^^^^^^
  File "/opt/automacoes/cliquedf/estoque/venv/lib/python3.12/site-packages/passlib/handlers/bcrypt.py", line 380, in detect_wrap_bug
    if verify(secret, bug_hash):
       ^^^^^^^^^^^^^^^^^^^^^^^^
  File "/opt/automacoes/cliquedf/estoque/venv/lib/python3.12/site-packages/passlib/utils/handlers.py", line 792, in verify
    return consteq(self._calc_checksum(secret), chk)
                   ^^^^^^^^^^^^^^^^^^^^^^^^^^^
  File "/opt/automacoes/cliquedf/estoque/venv/lib/python3.12/site-packages/passlib/handlers/bcrypt.py", line 655, in _calc_checksum
    hash = _bcrypt.hashpw(secret, config)
           ^^^^^^^^^^^^^^^^^^^^^^^^^^^^^^
ValueError: password cannot be longer than 72 bytes, truncate manually if necessary (e.g. my_password[:72])

ERROR:    Application startup failed. Exiting.
INFO:     Started server process [242029]
INFO:     Waiting for application startup.
(trapped) error reading bcrypt version
Traceback (most recent call last):
  File "/opt/automacoes/cliquedf/estoque/venv/lib/python3.12/site-packages/passlib/handlers/bcrypt.py", line 620, in _load_backend_mixin
    version = _bcrypt.__about__.__version__
              ^^^^^^^^^^^^^^^^^
AttributeError: module 'bcrypt' has no attribute '__about__'
ERROR:    Traceback (most recent call last):
  File "/opt/automacoes/cliquedf/estoque/venv/lib/python3.12/site-packages/starlette/routing.py", line 638, in lifespan
    async with self.lifespan_context(app) as maybe_state:
  File "/usr/lib/python3.12/contextlib.py", line 210, in __aenter__
    return await anext(self.gen)
           ^^^^^^^^^^^^^^^^^^^^^
  File "/opt/automacoes/cliquedf/estoque/venv/lib/python3.12/site-packages/fastapi/routing.py", line 216, in merged_lifespan
    async with original_context(app) as maybe_original_state:
  File "/usr/lib/python3.12/contextlib.py", line 210, in __aenter__
    return await anext(self.gen)
           ^^^^^^^^^^^^^^^^^^^^^
  File "/opt/automacoes/cliquedf/estoque/venv/lib/python3.12/site-packages/fastapi/routing.py", line 216, in merged_lifespan
    async with original_context(app) as maybe_original_state:
  File "/usr/lib/python3.12/contextlib.py", line 210, in __aenter__
    return await anext(self.gen)
           ^^^^^^^^^^^^^^^^^^^^^
  File "/opt/automacoes/cliquedf/estoque/venv/lib/python3.12/site-packages/fastapi/routing.py", line 216, in merged_lifespan
    async with original_context(app) as maybe_original_state:
  File "/usr/lib/python3.12/contextlib.py", line 210, in __aenter__
    return await anext(self.gen)
           ^^^^^^^^^^^^^^^^^^^^^
  File "/opt/automacoes/cliquedf/estoque/venv/lib/python3.12/site-packages/fastapi/routing.py", line 216, in merged_lifespan
    async with original_context(app) as maybe_original_state:
  File "/opt/automacoes/cliquedf/estoque/venv/lib/python3.12/site-packages/fastapi/routing.py", line 241, in __aenter__
    await self._router._startup()
  File "/opt/automacoes/cliquedf/estoque/venv/lib/python3.12/site-packages/fastapi/routing.py", line 4886, in _startup
    handler()
  File "/opt/automacoes/cliquedf/estoque/main.py", line 38, in startup
    init_db()
  File "/opt/automacoes/cliquedf/estoque/app/routes/auth.py", line 40, in init_db
    """, ("master", bcrypt.hash("master"),
                    ^^^^^^^^^^^^^^^^^^^^^
  File "/opt/automacoes/cliquedf/estoque/venv/lib/python3.12/site-packages/passlib/utils/handlers.py", line 779, in hash
    self.checksum = self._calc_checksum(secret)
                    ^^^^^^^^^^^^^^^^^^^^^^^^^^^
  File "/opt/automacoes/cliquedf/estoque/venv/lib/python3.12/site-packages/passlib/handlers/bcrypt.py", line 591, in _calc_checksum
    self._stub_requires_backend()
  File "/opt/automacoes/cliquedf/estoque/venv/lib/python3.12/site-packages/passlib/utils/handlers.py", line 2254, in _stub_requires_backend
    cls.set_backend()
  File "/opt/automacoes/cliquedf/estoque/venv/lib/python3.12/site-packages/passlib/utils/handlers.py", line 2163, in set_backend
    return cls.set_backend(name, dryrun=dryrun)
           ^^^^^^^^^^^^^^^^^^^^^^^^^^^^^^^^^^^^
  File "/opt/automacoes/cliquedf/estoque/venv/lib/python3.12/site-packages/passlib/utils/handlers.py", line 2188, in set_backend
    cls._set_backend(name, dryrun)
  File "/opt/automacoes/cliquedf/estoque/venv/lib/python3.12/site-packages/passlib/utils/handlers.py", line 2311, in _set_backend
    super(SubclassBackendMixin, cls)._set_backend(name, dryrun)
  File "/opt/automacoes/cliquedf/estoque/venv/lib/python3.12/site-packages/passlib/utils/handlers.py", line 2224, in _set_backend
    ok = loader(**kwds)
         ^^^^^^^^^^^^^^
  File "/opt/automacoes/cliquedf/estoque/venv/lib/python3.12/site-packages/passlib/handlers/bcrypt.py", line 626, in _load_backend_mixin
    return mixin_cls._finalize_backend_mixin(name, dryrun)
           ^^^^^^^^^^^^^^^^^^^^^^^^^^^^^^^^^^^^^^^^^^^^^^^
  File "/opt/automacoes/cliquedf/estoque/venv/lib/python3.12/site-packages/passlib/handlers/bcrypt.py", line 421, in _finalize_backend_mixin
    if detect_wrap_bug(IDENT_2A):
       ^^^^^^^^^^^^^^^^^^^^^^^^^
  File "/opt/automacoes/cliquedf/estoque/venv/lib/python3.12/site-packages/passlib/handlers/bcrypt.py", line 380, in detect_wrap_bug
    if verify(secret, bug_hash):
       ^^^^^^^^^^^^^^^^^^^^^^^^
  File "/opt/automacoes/cliquedf/estoque/venv/lib/python3.12/site-packages/passlib/utils/handlers.py", line 792, in verify
    return consteq(self._calc_checksum(secret), chk)
                   ^^^^^^^^^^^^^^^^^^^^^^^^^^^
  File "/opt/automacoes/cliquedf/estoque/venv/lib/python3.12/site-packages/passlib/handlers/bcrypt.py", line 655, in _calc_checksum
    hash = _bcrypt.hashpw(secret, config)
           ^^^^^^^^^^^^^^^^^^^^^^^^^^^^^^
ValueError: password cannot be longer than 72 bytes, truncate manually if necessary (e.g. my_password[:72])

ERROR:    Application startup failed. Exiting.
INFO:     Started server process [242032]
INFO:     Waiting for application startup.
(trapped) error reading bcrypt version
Traceback (most recent call last):
  File "/opt/automacoes/cliquedf/estoque/venv/lib/python3.12/site-packages/passlib/handlers/bcrypt.py", line 620, in _load_backend_mixin
    version = _bcrypt.__about__.__version__
              ^^^^^^^^^^^^^^^^^
AttributeError: module 'bcrypt' has no attribute '__about__'
ERROR:    Traceback (most recent call last):
  File "/opt/automacoes/cliquedf/estoque/venv/lib/python3.12/site-packages/starlette/routing.py", line 638, in lifespan
    async with self.lifespan_context(app) as maybe_state:
  File "/usr/lib/python3.12/contextlib.py", line 210, in __aenter__
    return await anext(self.gen)
           ^^^^^^^^^^^^^^^^^^^^^
  File "/opt/automacoes/cliquedf/estoque/venv/lib/python3.12/site-packages/fastapi/routing.py", line 216, in merged_lifespan
    async with original_context(app) as maybe_original_state:
  File "/usr/lib/python3.12/contextlib.py", line 210, in __aenter__
    return await anext(self.gen)
           ^^^^^^^^^^^^^^^^^^^^^
  File "/opt/automacoes/cliquedf/estoque/venv/lib/python3.12/site-packages/fastapi/routing.py", line 216, in merged_lifespan
    async with original_context(app) as maybe_original_state:
  File "/usr/lib/python3.12/contextlib.py", line 210, in __aenter__
    return await anext(self.gen)
           ^^^^^^^^^^^^^^^^^^^^^
  File "/opt/automacoes/cliquedf/estoque/venv/lib/python3.12/site-packages/fastapi/routing.py", line 216, in merged_lifespan
    async with original_context(app) as maybe_original_state:
  File "/usr/lib/python3.12/contextlib.py", line 210, in __aenter__
    return await anext(self.gen)
           ^^^^^^^^^^^^^^^^^^^^^
  File "/opt/automacoes/cliquedf/estoque/venv/lib/python3.12/site-packages/fastapi/routing.py", line 216, in merged_lifespan
    async with original_context(app) as maybe_original_state:
  File "/opt/automacoes/cliquedf/estoque/venv/lib/python3.12/site-packages/fastapi/routing.py", line 241, in __aenter__
    await self._router._startup()
  File "/opt/automacoes/cliquedf/estoque/venv/lib/python3.12/site-packages/fastapi/routing.py", line 4886, in _startup
    handler()
  File "/opt/automacoes/cliquedf/estoque/main.py", line 38, in startup
    init_db()
  File "/opt/automacoes/cliquedf/estoque/app/routes/auth.py", line 40, in init_db
    """, ("master", bcrypt.hash("master"),
                    ^^^^^^^^^^^^^^^^^^^^^
  File "/opt/automacoes/cliquedf/estoque/venv/lib/python3.12/site-packages/passlib/utils/handlers.py", line 779, in hash
    self.checksum = self._calc_checksum(secret)
                    ^^^^^^^^^^^^^^^^^^^^^^^^^^^
  File "/opt/automacoes/cliquedf/estoque/venv/lib/python3.12/site-packages/passlib/handlers/bcrypt.py", line 591, in _calc_checksum
    self._stub_requires_backend()
  File "/opt/automacoes/cliquedf/estoque/venv/lib/python3.12/site-packages/passlib/utils/handlers.py", line 2254, in _stub_requires_backend
    cls.set_backend()
  File "/opt/automacoes/cliquedf/estoque/venv/lib/python3.12/site-packages/passlib/utils/handlers.py", line 2163, in set_backend
    return cls.set_backend(name, dryrun=dryrun)
           ^^^^^^^^^^^^^^^^^^^^^^^^^^^^^^^^^^^^
  File "/opt/automacoes/cliquedf/estoque/venv/lib/python3.12/site-packages/passlib/utils/handlers.py", line 2188, in set_backend
    cls._set_backend(name, dryrun)
  File "/opt/automacoes/cliquedf/estoque/venv/lib/python3.12/site-packages/passlib/utils/handlers.py", line 2311, in _set_backend
    super(SubclassBackendMixin, cls)._set_backend(name, dryrun)
  File "/opt/automacoes/cliquedf/estoque/venv/lib/python3.12/site-packages/passlib/utils/handlers.py", line 2224, in _set_backend
    ok = loader(**kwds)
         ^^^^^^^^^^^^^^
  File "/opt/automacoes/cliquedf/estoque/venv/lib/python3.12/site-packages/passlib/handlers/bcrypt.py", line 626, in _load_backend_mixin
    return mixin_cls._finalize_backend_mixin(name, dryrun)
           ^^^^^^^^^^^^^^^^^^^^^^^^^^^^^^^^^^^^^^^^^^^^^^^
  File "/opt/automacoes/cliquedf/estoque/venv/lib/python3.12/site-packages/passlib/handlers/bcrypt.py", line 421, in _finalize_backend_mixin
    if detect_wrap_bug(IDENT_2A):
       ^^^^^^^^^^^^^^^^^^^^^^^^^
  File "/opt/automacoes/cliquedf/estoque/venv/lib/python3.12/site-packages/passlib/handlers/bcrypt.py", line 380, in detect_wrap_bug
    if verify(secret, bug_hash):
       ^^^^^^^^^^^^^^^^^^^^^^^^
  File "/opt/automacoes/cliquedf/estoque/venv/lib/python3.12/site-packages/passlib/utils/handlers.py", line 792, in verify
    return consteq(self._calc_checksum(secret), chk)
                   ^^^^^^^^^^^^^^^^^^^^^^^^^^^
  File "/opt/automacoes/cliquedf/estoque/venv/lib/python3.12/site-packages/passlib/handlers/bcrypt.py", line 655, in _calc_checksum
    hash = _bcrypt.hashpw(secret, config)
           ^^^^^^^^^^^^^^^^^^^^^^^^^^^^^^
ValueError: password cannot be longer than 72 bytes, truncate manually if necessary (e.g. my_password[:72])

ERROR:    Application startup failed. Exiting.
INFO:     Started server process [242034]
INFO:     Waiting for application startup.
(trapped) error reading bcrypt version
Traceback (most recent call last):
  File "/opt/automacoes/cliquedf/estoque/venv/lib/python3.12/site-packages/passlib/handlers/bcrypt.py", line 620, in _load_backend_mixin
    version = _bcrypt.__about__.__version__
              ^^^^^^^^^^^^^^^^^
AttributeError: module 'bcrypt' has no attribute '__about__'
ERROR:    Traceback (most recent call last):
  File "/opt/automacoes/cliquedf/estoque/venv/lib/python3.12/site-packages/starlette/routing.py", line 638, in lifespan
    async with self.lifespan_context(app) as maybe_state:
  File "/usr/lib/python3.12/contextlib.py", line 210, in __aenter__
    return await anext(self.gen)
           ^^^^^^^^^^^^^^^^^^^^^
  File "/opt/automacoes/cliquedf/estoque/venv/lib/python3.12/site-packages/fastapi/routing.py", line 216, in merged_lifespan
    async with original_context(app) as maybe_original_state:
  File "/usr/lib/python3.12/contextlib.py", line 210, in __aenter__
    return await anext(self.gen)
           ^^^^^^^^^^^^^^^^^^^^^
  File "/opt/automacoes/cliquedf/estoque/venv/lib/python3.12/site-packages/fastapi/routing.py", line 216, in merged_lifespan
    async with original_context(app) as maybe_original_state:
  File "/usr/lib/python3.12/contextlib.py", line 210, in __aenter__
    return await anext(self.gen)
           ^^^^^^^^^^^^^^^^^^^^^
  File "/opt/automacoes/cliquedf/estoque/venv/lib/python3.12/site-packages/fastapi/routing.py", line 216, in merged_lifespan
    async with original_context(app) as maybe_original_state:
  File "/usr/lib/python3.12/contextlib.py", line 210, in __aenter__
    return await anext(self.gen)
           ^^^^^^^^^^^^^^^^^^^^^
  File "/opt/automacoes/cliquedf/estoque/venv/lib/python3.12/site-packages/fastapi/routing.py", line 216, in merged_lifespan
    async with original_context(app) as maybe_original_state:
  File "/opt/automacoes/cliquedf/estoque/venv/lib/python3.12/site-packages/fastapi/routing.py", line 241, in __aenter__
    await self._router._startup()
  File "/opt/automacoes/cliquedf/estoque/venv/lib/python3.12/site-packages/fastapi/routing.py", line 4886, in _startup
    handler()
  File "/opt/automacoes/cliquedf/estoque/main.py", line 38, in startup
    init_db()
  File "/opt/automacoes/cliquedf/estoque/app/routes/auth.py", line 40, in init_db
    """, ("master", bcrypt.hash("master"),
                    ^^^^^^^^^^^^^^^^^^^^^
  File "/opt/automacoes/cliquedf/estoque/venv/lib/python3.12/site-packages/passlib/utils/handlers.py", line 779, in hash
    self.checksum = self._calc_checksum(secret)
                    ^^^^^^^^^^^^^^^^^^^^^^^^^^^
  File "/opt/automacoes/cliquedf/estoque/venv/lib/python3.12/site-packages/passlib/handlers/bcrypt.py", line 591, in _calc_checksum
    self._stub_requires_backend()
  File "/opt/automacoes/cliquedf/estoque/venv/lib/python3.12/site-packages/passlib/utils/handlers.py", line 2254, in _stub_requires_backend
    cls.set_backend()
  File "/opt/automacoes/cliquedf/estoque/venv/lib/python3.12/site-packages/passlib/utils/handlers.py", line 2163, in set_backend
    return cls.set_backend(name, dryrun=dryrun)
           ^^^^^^^^^^^^^^^^^^^^^^^^^^^^^^^^^^^^
  File "/opt/automacoes/cliquedf/estoque/venv/lib/python3.12/site-packages/passlib/utils/handlers.py", line 2188, in set_backend
    cls._set_backend(name, dryrun)
  File "/opt/automacoes/cliquedf/estoque/venv/lib/python3.12/site-packages/passlib/utils/handlers.py", line 2311, in _set_backend
    super(SubclassBackendMixin, cls)._set_backend(name, dryrun)
  File "/opt/automacoes/cliquedf/estoque/venv/lib/python3.12/site-packages/passlib/utils/handlers.py", line 2224, in _set_backend
    ok = loader(**kwds)
         ^^^^^^^^^^^^^^
  File "/opt/automacoes/cliquedf/estoque/venv/lib/python3.12/site-packages/passlib/handlers/bcrypt.py", line 626, in _load_backend_mixin
    return mixin_cls._finalize_backend_mixin(name, dryrun)
           ^^^^^^^^^^^^^^^^^^^^^^^^^^^^^^^^^^^^^^^^^^^^^^^
  File "/opt/automacoes/cliquedf/estoque/venv/lib/python3.12/site-packages/passlib/handlers/bcrypt.py", line 421, in _finalize_backend_mixin
    if detect_wrap_bug(IDENT_2A):
       ^^^^^^^^^^^^^^^^^^^^^^^^^
  File "/opt/automacoes/cliquedf/estoque/venv/lib/python3.12/site-packages/passlib/handlers/bcrypt.py", line 380, in detect_wrap_bug
    if verify(secret, bug_hash):
       ^^^^^^^^^^^^^^^^^^^^^^^^
  File "/opt/automacoes/cliquedf/estoque/venv/lib/python3.12/site-packages/passlib/utils/handlers.py", line 792, in verify
    return consteq(self._calc_checksum(secret), chk)
                   ^^^^^^^^^^^^^^^^^^^^^^^^^^^
  File "/opt/automacoes/cliquedf/estoque/venv/lib/python3.12/site-packages/passlib/handlers/bcrypt.py", line 655, in _calc_checksum
    hash = _bcrypt.hashpw(secret, config)
           ^^^^^^^^^^^^^^^^^^^^^^^^^^^^^^
ValueError: password cannot be longer than 72 bytes, truncate manually if necessary (e.g. my_password[:72])

ERROR:    Application startup failed. Exiting.
INFO:     Started server process [242037]
INFO:     Waiting for application startup.
(trapped) error reading bcrypt version
Traceback (most recent call last):
  File "/opt/automacoes/cliquedf/estoque/venv/lib/python3.12/site-packages/passlib/handlers/bcrypt.py", line 620, in _load_backend_mixin
    version = _bcrypt.__about__.__version__
              ^^^^^^^^^^^^^^^^^
AttributeError: module 'bcrypt' has no attribute '__about__'
ERROR:    Traceback (most recent call last):
  File "/opt/automacoes/cliquedf/estoque/venv/lib/python3.12/site-packages/starlette/routing.py", line 638, in lifespan
    async with self.lifespan_context(app) as maybe_state:
  File "/usr/lib/python3.12/contextlib.py", line 210, in __aenter__
    return await anext(self.gen)
           ^^^^^^^^^^^^^^^^^^^^^
  File "/opt/automacoes/cliquedf/estoque/venv/lib/python3.12/site-packages/fastapi/routing.py", line 216, in merged_lifespan
    async with original_context(app) as maybe_original_state:
  File "/usr/lib/python3.12/contextlib.py", line 210, in __aenter__
    return await anext(self.gen)
           ^^^^^^^^^^^^^^^^^^^^^
  File "/opt/automacoes/cliquedf/estoque/venv/lib/python3.12/site-packages/fastapi/routing.py", line 216, in merged_lifespan
    async with original_context(app) as maybe_original_state:
  File "/usr/lib/python3.12/contextlib.py", line 210, in __aenter__
    return await anext(self.gen)
           ^^^^^^^^^^^^^^^^^^^^^
  File "/opt/automacoes/cliquedf/estoque/venv/lib/python3.12/site-packages/fastapi/routing.py", line 216, in merged_lifespan
    async with original_context(app) as maybe_original_state:
  File "/usr/lib/python3.12/contextlib.py", line 210, in __aenter__
    return await anext(self.gen)
           ^^^^^^^^^^^^^^^^^^^^^
  File "/opt/automacoes/cliquedf/estoque/venv/lib/python3.12/site-packages/fastapi/routing.py", line 216, in merged_lifespan
    async with original_context(app) as maybe_original_state:
  File "/opt/automacoes/cliquedf/estoque/venv/lib/python3.12/site-packages/fastapi/routing.py", line 241, in __aenter__
    await self._router._startup()
  File "/opt/automacoes/cliquedf/estoque/venv/lib/python3.12/site-packages/fastapi/routing.py", line 4886, in _startup
    handler()
  File "/opt/automacoes/cliquedf/estoque/main.py", line 38, in startup
    init_db()
  File "/opt/automacoes/cliquedf/estoque/app/routes/auth.py", line 40, in init_db
    """, ("master", bcrypt.hash("master"),
                    ^^^^^^^^^^^^^^^^^^^^^
  File "/opt/automacoes/cliquedf/estoque/venv/lib/python3.12/site-packages/passlib/utils/handlers.py", line 779, in hash
    self.checksum = self._calc_checksum(secret)
                    ^^^^^^^^^^^^^^^^^^^^^^^^^^^
  File "/opt/automacoes/cliquedf/estoque/venv/lib/python3.12/site-packages/passlib/handlers/bcrypt.py", line 591, in _calc_checksum
    self._stub_requires_backend()
  File "/opt/automacoes/cliquedf/estoque/venv/lib/python3.12/site-packages/passlib/utils/handlers.py", line 2254, in _stub_requires_backend
    cls.set_backend()
  File "/opt/automacoes/cliquedf/estoque/venv/lib/python3.12/site-packages/passlib/utils/handlers.py", line 2163, in set_backend
    return cls.set_backend(name, dryrun=dryrun)
           ^^^^^^^^^^^^^^^^^^^^^^^^^^^^^^^^^^^^
  File "/opt/automacoes/cliquedf/estoque/venv/lib/python3.12/site-packages/passlib/utils/handlers.py", line 2188, in set_backend
    cls._set_backend(name, dryrun)
  File "/opt/automacoes/cliquedf/estoque/venv/lib/python3.12/site-packages/passlib/utils/handlers.py", line 2311, in _set_backend
    super(SubclassBackendMixin, cls)._set_backend(name, dryrun)
  File "/opt/automacoes/cliquedf/estoque/venv/lib/python3.12/site-packages/passlib/utils/handlers.py", line 2224, in _set_backend
    ok = loader(**kwds)
         ^^^^^^^^^^^^^^
  File "/opt/automacoes/cliquedf/estoque/venv/lib/python3.12/site-packages/passlib/handlers/bcrypt.py", line 626, in _load_backend_mixin
    return mixin_cls._finalize_backend_mixin(name, dryrun)
           ^^^^^^^^^^^^^^^^^^^^^^^^^^^^^^^^^^^^^^^^^^^^^^^
  File "/opt/automacoes/cliquedf/estoque/venv/lib/python3.12/site-packages/passlib/handlers/bcrypt.py", line 421, in _finalize_backend_mixin
    if detect_wrap_bug(IDENT_2A):
       ^^^^^^^^^^^^^^^^^^^^^^^^^
  File "/opt/automacoes/cliquedf/estoque/venv/lib/python3.12/site-packages/passlib/handlers/bcrypt.py", line 380, in detect_wrap_bug
    if verify(secret, bug_hash):
       ^^^^^^^^^^^^^^^^^^^^^^^^
  File "/opt/automacoes/cliquedf/estoque/venv/lib/python3.12/site-packages/passlib/utils/handlers.py", line 792, in verify
    return consteq(self._calc_checksum(secret), chk)
                   ^^^^^^^^^^^^^^^^^^^^^^^^^^^
  File "/opt/automacoes/cliquedf/estoque/venv/lib/python3.12/site-packages/passlib/handlers/bcrypt.py", line 655, in _calc_checksum
    hash = _bcrypt.hashpw(secret, config)
           ^^^^^^^^^^^^^^^^^^^^^^^^^^^^^^
ValueError: password cannot be longer than 72 bytes, truncate manually if necessary (e.g. my_password[:72])

ERROR:    Application startup failed. Exiting.
INFO:     Started server process [242042]
INFO:     Waiting for application startup.
(trapped) error reading bcrypt version
Traceback (most recent call last):
  File "/opt/automacoes/cliquedf/estoque/venv/lib/python3.12/site-packages/passlib/handlers/bcrypt.py", line 620, in _load_backend_mixin
    version = _bcrypt.__about__.__version__
              ^^^^^^^^^^^^^^^^^
AttributeError: module 'bcrypt' has no attribute '__about__'
ERROR:    Traceback (most recent call last):
  File "/opt/automacoes/cliquedf/estoque/venv/lib/python3.12/site-packages/starlette/routing.py", line 638, in lifespan
    async with self.lifespan_context(app) as maybe_state:
  File "/usr/lib/python3.12/contextlib.py", line 210, in __aenter__
    return await anext(self.gen)
           ^^^^^^^^^^^^^^^^^^^^^
  File "/opt/automacoes/cliquedf/estoque/venv/lib/python3.12/site-packages/fastapi/routing.py", line 216, in merged_lifespan
    async with original_context(app) as maybe_original_state:
  File "/usr/lib/python3.12/contextlib.py", line 210, in __aenter__
    return await anext(self.gen)
           ^^^^^^^^^^^^^^^^^^^^^
  File "/opt/automacoes/cliquedf/estoque/venv/lib/python3.12/site-packages/fastapi/routing.py", line 216, in merged_lifespan
    async with original_context(app) as maybe_original_state:
  File "/usr/lib/python3.12/contextlib.py", line 210, in __aenter__
    return await anext(self.gen)
           ^^^^^^^^^^^^^^^^^^^^^
  File "/opt/automacoes/cliquedf/estoque/venv/lib/python3.12/site-packages/fastapi/routing.py", line 216, in merged_lifespan
    async with original_context(app) as maybe_original_state:
  File "/usr/lib/python3.12/contextlib.py", line 210, in __aenter__
    return await anext(self.gen)
           ^^^^^^^^^^^^^^^^^^^^^
  File "/opt/automacoes/cliquedf/estoque/venv/lib/python3.12/site-packages/fastapi/routing.py", line 216, in merged_lifespan
    async with original_context(app) as maybe_original_state:
  File "/opt/automacoes/cliquedf/estoque/venv/lib/python3.12/site-packages/fastapi/routing.py", line 241, in __aenter__
    await self._router._startup()
  File "/opt/automacoes/cliquedf/estoque/venv/lib/python3.12/site-packages/fastapi/routing.py", line 4886, in _startup
    handler()
  File "/opt/automacoes/cliquedf/estoque/main.py", line 38, in startup
    init_db()
  File "/opt/automacoes/cliquedf/estoque/app/routes/auth.py", line 40, in init_db
    """, ("master", bcrypt.hash("master"),
                    ^^^^^^^^^^^^^^^^^^^^^
  File "/opt/automacoes/cliquedf/estoque/venv/lib/python3.12/site-packages/passlib/utils/handlers.py", line 779, in hash
    self.checksum = self._calc_checksum(secret)
                    ^^^^^^^^^^^^^^^^^^^^^^^^^^^
  File "/opt/automacoes/cliquedf/estoque/venv/lib/python3.12/site-packages/passlib/handlers/bcrypt.py", line 591, in _calc_checksum
    self._stub_requires_backend()
  File "/opt/automacoes/cliquedf/estoque/venv/lib/python3.12/site-packages/passlib/utils/handlers.py", line 2254, in _stub_requires_backend
    cls.set_backend()
  File "/opt/automacoes/cliquedf/estoque/venv/lib/python3.12/site-packages/passlib/utils/handlers.py", line 2163, in set_backend
    return cls.set_backend(name, dryrun=dryrun)
           ^^^^^^^^^^^^^^^^^^^^^^^^^^^^^^^^^^^^
  File "/opt/automacoes/cliquedf/estoque/venv/lib/python3.12/site-packages/passlib/utils/handlers.py", line 2188, in set_backend
    cls._set_backend(name, dryrun)
  File "/opt/automacoes/cliquedf/estoque/venv/lib/python3.12/site-packages/passlib/utils/handlers.py", line 2311, in _set_backend
    super(SubclassBackendMixin, cls)._set_backend(name, dryrun)
  File "/opt/automacoes/cliquedf/estoque/venv/lib/python3.12/site-packages/passlib/utils/handlers.py", line 2224, in _set_backend
    ok = loader(**kwds)
         ^^^^^^^^^^^^^^
  File "/opt/automacoes/cliquedf/estoque/venv/lib/python3.12/site-packages/passlib/handlers/bcrypt.py", line 626, in _load_backend_mixin
    return mixin_cls._finalize_backend_mixin(name, dryrun)
           ^^^^^^^^^^^^^^^^^^^^^^^^^^^^^^^^^^^^^^^^^^^^^^^
  File "/opt/automacoes/cliquedf/estoque/venv/lib/python3.12/site-packages/passlib/handlers/bcrypt.py", line 421, in _finalize_backend_mixin
    if detect_wrap_bug(IDENT_2A):
       ^^^^^^^^^^^^^^^^^^^^^^^^^
  File "/opt/automacoes/cliquedf/estoque/venv/lib/python3.12/site-packages/passlib/handlers/bcrypt.py", line 380, in detect_wrap_bug
    if verify(secret, bug_hash):
       ^^^^^^^^^^^^^^^^^^^^^^^^
  File "/opt/automacoes/cliquedf/estoque/venv/lib/python3.12/site-packages/passlib/utils/handlers.py", line 792, in verify
    return consteq(self._calc_checksum(secret), chk)
                   ^^^^^^^^^^^^^^^^^^^^^^^^^^^
  File "/opt/automacoes/cliquedf/estoque/venv/lib/python3.12/site-packages/passlib/handlers/bcrypt.py", line 655, in _calc_checksum
    hash = _bcrypt.hashpw(secret, config)
           ^^^^^^^^^^^^^^^^^^^^^^^^^^^^^^
ValueError: password cannot be longer than 72 bytes, truncate manually if necessary (e.g. my_password[:72])

ERROR:    Application startup failed. Exiting.
INFO:     Started server process [242044]
INFO:     Waiting for application startup.
(trapped) error reading bcrypt version
Traceback (most recent call last):
  File "/opt/automacoes/cliquedf/estoque/venv/lib/python3.12/site-packages/passlib/handlers/bcrypt.py", line 620, in _load_backend_mixin
    version = _bcrypt.__about__.__version__
              ^^^^^^^^^^^^^^^^^
AttributeError: module 'bcrypt' has no attribute '__about__'
ERROR:    Traceback (most recent call last):
  File "/opt/automacoes/cliquedf/estoque/venv/lib/python3.12/site-packages/starlette/routing.py", line 638, in lifespan
    async with self.lifespan_context(app) as maybe_state:
  File "/usr/lib/python3.12/contextlib.py", line 210, in __aenter__
    return await anext(self.gen)
           ^^^^^^^^^^^^^^^^^^^^^
  File "/opt/automacoes/cliquedf/estoque/venv/lib/python3.12/site-packages/fastapi/routing.py", line 216, in merged_lifespan
    async with original_context(app) as maybe_original_state:
  File "/usr/lib/python3.12/contextlib.py", line 210, in __aenter__
    return await anext(self.gen)
           ^^^^^^^^^^^^^^^^^^^^^
  File "/opt/automacoes/cliquedf/estoque/venv/lib/python3.12/site-packages/fastapi/routing.py", line 216, in merged_lifespan
    async with original_context(app) as maybe_original_state:
  File "/usr/lib/python3.12/contextlib.py", line 210, in __aenter__
    return await anext(self.gen)
           ^^^^^^^^^^^^^^^^^^^^^
  File "/opt/automacoes/cliquedf/estoque/venv/lib/python3.12/site-packages/fastapi/routing.py", line 216, in merged_lifespan
    async with original_context(app) as maybe_original_state:
  File "/usr/lib/python3.12/contextlib.py", line 210, in __aenter__
    return await anext(self.gen)
           ^^^^^^^^^^^^^^^^^^^^^
  File "/opt/automacoes/cliquedf/estoque/venv/lib/python3.12/site-packages/fastapi/routing.py", line 216, in merged_lifespan
    async with original_context(app) as maybe_original_state:
  File "/opt/automacoes/cliquedf/estoque/venv/lib/python3.12/site-packages/fastapi/routing.py", line 241, in __aenter__
    await self._router._startup()
  File "/opt/automacoes/cliquedf/estoque/venv/lib/python3.12/site-packages/fastapi/routing.py", line 4886, in _startup
    handler()
  File "/opt/automacoes/cliquedf/estoque/main.py", line 38, in startup
    init_db()
  File "/opt/automacoes/cliquedf/estoque/app/routes/auth.py", line 40, in init_db
    """, ("master", bcrypt.hash("master"),
                    ^^^^^^^^^^^^^^^^^^^^^
  File "/opt/automacoes/cliquedf/estoque/venv/lib/python3.12/site-packages/passlib/utils/handlers.py", line 779, in hash
    self.checksum = self._calc_checksum(secret)
                    ^^^^^^^^^^^^^^^^^^^^^^^^^^^
  File "/opt/automacoes/cliquedf/estoque/venv/lib/python3.12/site-packages/passlib/handlers/bcrypt.py", line 591, in _calc_checksum
    self._stub_requires_backend()
  File "/opt/automacoes/cliquedf/estoque/venv/lib/python3.12/site-packages/passlib/utils/handlers.py", line 2254, in _stub_requires_backend
    cls.set_backend()
  File "/opt/automacoes/cliquedf/estoque/venv/lib/python3.12/site-packages/passlib/utils/handlers.py", line 2163, in set_backend
    return cls.set_backend(name, dryrun=dryrun)
           ^^^^^^^^^^^^^^^^^^^^^^^^^^^^^^^^^^^^
  File "/opt/automacoes/cliquedf/estoque/venv/lib/python3.12/site-packages/passlib/utils/handlers.py", line 2188, in set_backend
    cls._set_backend(name, dryrun)
  File "/opt/automacoes/cliquedf/estoque/venv/lib/python3.12/site-packages/passlib/utils/handlers.py", line 2311, in _set_backend
    super(SubclassBackendMixin, cls)._set_backend(name, dryrun)
  File "/opt/automacoes/cliquedf/estoque/venv/lib/python3.12/site-packages/passlib/utils/handlers.py", line 2224, in _set_backend
    ok = loader(**kwds)
         ^^^^^^^^^^^^^^
  File "/opt/automacoes/cliquedf/estoque/venv/lib/python3.12/site-packages/passlib/handlers/bcrypt.py", line 626, in _load_backend_mixin
    return mixin_cls._finalize_backend_mixin(name, dryrun)
           ^^^^^^^^^^^^^^^^^^^^^^^^^^^^^^^^^^^^^^^^^^^^^^^
  File "/opt/automacoes/cliquedf/estoque/venv/lib/python3.12/site-packages/passlib/handlers/bcrypt.py", line 421, in _finalize_backend_mixin
    if detect_wrap_bug(IDENT_2A):
       ^^^^^^^^^^^^^^^^^^^^^^^^^
  File "/opt/automacoes/cliquedf/estoque/venv/lib/python3.12/site-packages/passlib/handlers/bcrypt.py", line 380, in detect_wrap_bug
    if verify(secret, bug_hash):
       ^^^^^^^^^^^^^^^^^^^^^^^^
  File "/opt/automacoes/cliquedf/estoque/venv/lib/python3.12/site-packages/passlib/utils/handlers.py", line 792, in verify
    return consteq(self._calc_checksum(secret), chk)
                   ^^^^^^^^^^^^^^^^^^^^^^^^^^^
  File "/opt/automacoes/cliquedf/estoque/venv/lib/python3.12/site-packages/passlib/handlers/bcrypt.py", line 655, in _calc_checksum
    hash = _bcrypt.hashpw(secret, config)
           ^^^^^^^^^^^^^^^^^^^^^^^^^^^^^^
ValueError: password cannot be longer than 72 bytes, truncate manually if necessary (e.g. my_password[:72])

ERROR:    Application startup failed. Exiting.
INFO:     Started server process [242046]
INFO:     Waiting for application startup.
(trapped) error reading bcrypt version
Traceback (most recent call last):
  File "/opt/automacoes/cliquedf/estoque/venv/lib/python3.12/site-packages/passlib/handlers/bcrypt.py", line 620, in _load_backend_mixin
    version = _bcrypt.__about__.__version__
              ^^^^^^^^^^^^^^^^^
AttributeError: module 'bcrypt' has no attribute '__about__'
ERROR:    Traceback (most recent call last):
  File "/opt/automacoes/cliquedf/estoque/venv/lib/python3.12/site-packages/starlette/routing.py", line 638, in lifespan
    async with self.lifespan_context(app) as maybe_state:
  File "/usr/lib/python3.12/contextlib.py", line 210, in __aenter__
    return await anext(self.gen)
           ^^^^^^^^^^^^^^^^^^^^^
  File "/opt/automacoes/cliquedf/estoque/venv/lib/python3.12/site-packages/fastapi/routing.py", line 216, in merged_lifespan
    async with original_context(app) as maybe_original_state:
  File "/usr/lib/python3.12/contextlib.py", line 210, in __aenter__
    return await anext(self.gen)
           ^^^^^^^^^^^^^^^^^^^^^
  File "/opt/automacoes/cliquedf/estoque/venv/lib/python3.12/site-packages/fastapi/routing.py", line 216, in merged_lifespan
    async with original_context(app) as maybe_original_state:
  File "/usr/lib/python3.12/contextlib.py", line 210, in __aenter__
    return await anext(self.gen)
           ^^^^^^^^^^^^^^^^^^^^^
  File "/opt/automacoes/cliquedf/estoque/venv/lib/python3.12/site-packages/fastapi/routing.py", line 216, in merged_lifespan
    async with original_context(app) as maybe_original_state:
  File "/usr/lib/python3.12/contextlib.py", line 210, in __aenter__
    return await anext(self.gen)
           ^^^^^^^^^^^^^^^^^^^^^
  File "/opt/automacoes/cliquedf/estoque/venv/lib/python3.12/site-packages/fastapi/routing.py", line 216, in merged_lifespan
    async with original_context(app) as maybe_original_state:
  File "/opt/automacoes/cliquedf/estoque/venv/lib/python3.12/site-packages/fastapi/routing.py", line 241, in __aenter__
    await self._router._startup()
  File "/opt/automacoes/cliquedf/estoque/venv/lib/python3.12/site-packages/fastapi/routing.py", line 4886, in _startup
    handler()
  File "/opt/automacoes/cliquedf/estoque/main.py", line 38, in startup
    init_db()
  File "/opt/automacoes/cliquedf/estoque/app/routes/auth.py", line 40, in init_db
    """, ("master", bcrypt.hash("master"),
                    ^^^^^^^^^^^^^^^^^^^^^
  File "/opt/automacoes/cliquedf/estoque/venv/lib/python3.12/site-packages/passlib/utils/handlers.py", line 779, in hash
    self.checksum = self._calc_checksum(secret)
                    ^^^^^^^^^^^^^^^^^^^^^^^^^^^
  File "/opt/automacoes/cliquedf/estoque/venv/lib/python3.12/site-packages/passlib/handlers/bcrypt.py", line 591, in _calc_checksum
    self._stub_requires_backend()
  File "/opt/automacoes/cliquedf/estoque/venv/lib/python3.12/site-packages/passlib/utils/handlers.py", line 2254, in _stub_requires_backend
    cls.set_backend()
  File "/opt/automacoes/cliquedf/estoque/venv/lib/python3.12/site-packages/passlib/utils/handlers.py", line 2163, in set_backend
    return cls.set_backend(name, dryrun=dryrun)
           ^^^^^^^^^^^^^^^^^^^^^^^^^^^^^^^^^^^^
  File "/opt/automacoes/cliquedf/estoque/venv/lib/python3.12/site-packages/passlib/utils/handlers.py", line 2188, in set_backend
    cls._set_backend(name, dryrun)
  File "/opt/automacoes/cliquedf/estoque/venv/lib/python3.12/site-packages/passlib/utils/handlers.py", line 2311, in _set_backend
    super(SubclassBackendMixin, cls)._set_backend(name, dryrun)
  File "/opt/automacoes/cliquedf/estoque/venv/lib/python3.12/site-packages/passlib/utils/handlers.py", line 2224, in _set_backend
    ok = loader(**kwds)
         ^^^^^^^^^^^^^^
  File "/opt/automacoes/cliquedf/estoque/venv/lib/python3.12/site-packages/passlib/handlers/bcrypt.py", line 626, in _load_backend_mixin
    return mixin_cls._finalize_backend_mixin(name, dryrun)
           ^^^^^^^^^^^^^^^^^^^^^^^^^^^^^^^^^^^^^^^^^^^^^^^
  File "/opt/automacoes/cliquedf/estoque/venv/lib/python3.12/site-packages/passlib/handlers/bcrypt.py", line 421, in _finalize_backend_mixin
    if detect_wrap_bug(IDENT_2A):
       ^^^^^^^^^^^^^^^^^^^^^^^^^
  File "/opt/automacoes/cliquedf/estoque/venv/lib/python3.12/site-packages/passlib/handlers/bcrypt.py", line 380, in detect_wrap_bug
    if verify(secret, bug_hash):
       ^^^^^^^^^^^^^^^^^^^^^^^^
  File "/opt/automacoes/cliquedf/estoque/venv/lib/python3.12/site-packages/passlib/utils/handlers.py", line 792, in verify
    return consteq(self._calc_checksum(secret), chk)
                   ^^^^^^^^^^^^^^^^^^^^^^^^^^^
  File "/opt/automacoes/cliquedf/estoque/venv/lib/python3.12/site-packages/passlib/handlers/bcrypt.py", line 655, in _calc_checksum
    hash = _bcrypt.hashpw(secret, config)
           ^^^^^^^^^^^^^^^^^^^^^^^^^^^^^^
ValueError: password cannot be longer than 72 bytes, truncate manually if necessary (e.g. my_password[:72])

ERROR:    Application startup failed. Exiting.
INFO:     Started server process [242048]
INFO:     Waiting for application startup.
(trapped) error reading bcrypt version
Traceback (most recent call last):
  File "/opt/automacoes/cliquedf/estoque/venv/lib/python3.12/site-packages/passlib/handlers/bcrypt.py", line 620, in _load_backend_mixin
    version = _bcrypt.__about__.__version__
              ^^^^^^^^^^^^^^^^^
AttributeError: module 'bcrypt' has no attribute '__about__'
ERROR:    Traceback (most recent call last):
  File "/opt/automacoes/cliquedf/estoque/venv/lib/python3.12/site-packages/starlette/routing.py", line 638, in lifespan
    async with self.lifespan_context(app) as maybe_state:
  File "/usr/lib/python3.12/contextlib.py", line 210, in __aenter__
    return await anext(self.gen)
           ^^^^^^^^^^^^^^^^^^^^^
  File "/opt/automacoes/cliquedf/estoque/venv/lib/python3.12/site-packages/fastapi/routing.py", line 216, in merged_lifespan
    async with original_context(app) as maybe_original_state:
  File "/usr/lib/python3.12/contextlib.py", line 210, in __aenter__
    return await anext(self.gen)
           ^^^^^^^^^^^^^^^^^^^^^
  File "/opt/automacoes/cliquedf/estoque/venv/lib/python3.12/site-packages/fastapi/routing.py", line 216, in merged_lifespan
    async with original_context(app) as maybe_original_state:
  File "/usr/lib/python3.12/contextlib.py", line 210, in __aenter__
    return await anext(self.gen)
           ^^^^^^^^^^^^^^^^^^^^^
  File "/opt/automacoes/cliquedf/estoque/venv/lib/python3.12/site-packages/fastapi/routing.py", line 216, in merged_lifespan
    async with original_context(app) as maybe_original_state:
  File "/usr/lib/python3.12/contextlib.py", line 210, in __aenter__
    return await anext(self.gen)
           ^^^^^^^^^^^^^^^^^^^^^
  File "/opt/automacoes/cliquedf/estoque/venv/lib/python3.12/site-packages/fastapi/routing.py", line 216, in merged_lifespan
    async with original_context(app) as maybe_original_state:
  File "/opt/automacoes/cliquedf/estoque/venv/lib/python3.12/site-packages/fastapi/routing.py", line 241, in __aenter__
    await self._router._startup()
  File "/opt/automacoes/cliquedf/estoque/venv/lib/python3.12/site-packages/fastapi/routing.py", line 4886, in _startup
    handler()
  File "/opt/automacoes/cliquedf/estoque/main.py", line 38, in startup
    init_db()
  File "/opt/automacoes/cliquedf/estoque/app/routes/auth.py", line 40, in init_db
    """, ("master", bcrypt.hash("master"),
                    ^^^^^^^^^^^^^^^^^^^^^
  File "/opt/automacoes/cliquedf/estoque/venv/lib/python3.12/site-packages/passlib/utils/handlers.py", line 779, in hash
    self.checksum = self._calc_checksum(secret)
                    ^^^^^^^^^^^^^^^^^^^^^^^^^^^
  File "/opt/automacoes/cliquedf/estoque/venv/lib/python3.12/site-packages/passlib/handlers/bcrypt.py", line 591, in _calc_checksum
    self._stub_requires_backend()
  File "/opt/automacoes/cliquedf/estoque/venv/lib/python3.12/site-packages/passlib/utils/handlers.py", line 2254, in _stub_requires_backend
    cls.set_backend()
  File "/opt/automacoes/cliquedf/estoque/venv/lib/python3.12/site-packages/passlib/utils/handlers.py", line 2163, in set_backend
    return cls.set_backend(name, dryrun=dryrun)
           ^^^^^^^^^^^^^^^^^^^^^^^^^^^^^^^^^^^^
  File "/opt/automacoes/cliquedf/estoque/venv/lib/python3.12/site-packages/passlib/utils/handlers.py", line 2188, in set_backend
    cls._set_backend(name, dryrun)
  File "/opt/automacoes/cliquedf/estoque/venv/lib/python3.12/site-packages/passlib/utils/handlers.py", line 2311, in _set_backend
    super(SubclassBackendMixin, cls)._set_backend(name, dryrun)
  File "/opt/automacoes/cliquedf/estoque/venv/lib/python3.12/site-packages/passlib/utils/handlers.py", line 2224, in _set_backend
    ok = loader(**kwds)
         ^^^^^^^^^^^^^^
  File "/opt/automacoes/cliquedf/estoque/venv/lib/python3.12/site-packages/passlib/handlers/bcrypt.py", line 626, in _load_backend_mixin
    return mixin_cls._finalize_backend_mixin(name, dryrun)
           ^^^^^^^^^^^^^^^^^^^^^^^^^^^^^^^^^^^^^^^^^^^^^^^
  File "/opt/automacoes/cliquedf/estoque/venv/lib/python3.12/site-packages/passlib/handlers/bcrypt.py", line 421, in _finalize_backend_mixin
    if detect_wrap_bug(IDENT_2A):
       ^^^^^^^^^^^^^^^^^^^^^^^^^
  File "/opt/automacoes/cliquedf/estoque/venv/lib/python3.12/site-packages/passlib/handlers/bcrypt.py", line 380, in detect_wrap_bug
    if verify(secret, bug_hash):
       ^^^^^^^^^^^^^^^^^^^^^^^^
  File "/opt/automacoes/cliquedf/estoque/venv/lib/python3.12/site-packages/passlib/utils/handlers.py", line 792, in verify
    return consteq(self._calc_checksum(secret), chk)
                   ^^^^^^^^^^^^^^^^^^^^^^^^^^^
  File "/opt/automacoes/cliquedf/estoque/venv/lib/python3.12/site-packages/passlib/handlers/bcrypt.py", line 655, in _calc_checksum
    hash = _bcrypt.hashpw(secret, config)
           ^^^^^^^^^^^^^^^^^^^^^^^^^^^^^^
ValueError: password cannot be longer than 72 bytes, truncate manually if necessary (e.g. my_password[:72])

ERROR:    Application startup failed. Exiting.
INFO:     Started server process [242069]
INFO:     Waiting for application startup.
INFO:     Application startup complete.
INFO:     Uvicorn running on http://0.0.0.0:8011 (Press CTRL+C to quit)
INFO:     Shutting down
INFO:     Waiting for application shutdown.
INFO:     Application shutdown complete.
INFO:     Finished server process [242069]
INFO:     Started server process [277618]
INFO:     Waiting for application startup.
INFO:     Application startup complete.
INFO:     Uvicorn running on http://0.0.0.0:8011 (Press CTRL+C to quit)
INFO:     Shutting down
INFO:     Waiting for application shutdown.
INFO:     Application shutdown complete.
INFO:     Finished server process [277618]
INFO:     Started server process [1485922]
INFO:     Waiting for application startup.
INFO:     Application startup complete.
INFO:     Uvicorn running on http://0.0.0.0:8011 (Press CTRL+C to quit)
INFO:     Shutting down
INFO:     Waiting for application shutdown.
INFO:     Application shutdown complete.
INFO:     Finished server process [1485922]
INFO:     Started server process [1486056]
INFO:     Waiting for application startup.
INFO:     Application startup complete.
INFO:     Uvicorn running on http://0.0.0.0:8011 (Press CTRL+C to quit)
INFO:     Shutting down
INFO:     Waiting for application shutdown.
INFO:     Application shutdown complete.
INFO:     Finished server process [1486056]
INFO:     Started server process [1486596]
INFO:     Waiting for application startup.
INFO:     Application startup complete.
INFO:     Uvicorn running on http://0.0.0.0:8011 (Press CTRL+C to quit)
INFO:     Shutting down
INFO:     Waiting for application shutdown.
INFO:     Application shutdown complete.
INFO:     Finished server process [1486596]
INFO:     Started server process [1510588]
INFO:     Waiting for application startup.
INFO:     Application startup complete.
INFO:     Uvicorn running on http://0.0.0.0:8011 (Press CTRL+C to quit)
INFO:     Shutting down
INFO:     Waiting for application shutdown.
INFO:     Application shutdown complete.
INFO:     Finished server process [1510588]
INFO:     Started server process [1510790]
INFO:     Waiting for application startup.
INFO:     Application startup complete.
INFO:     Uvicorn running on http://0.0.0.0:8011 (Press CTRL+C to quit)
INFO:     Shutting down
INFO:     Waiting for application shutdown.
INFO:     Application shutdown complete.
INFO:     Finished server process [1510790]
INFO:     Started server process [1511616]
INFO:     Waiting for application startup.
INFO:     Application startup complete.
INFO:     Uvicorn running on http://0.0.0.0:8011 (Press CTRL+C to quit)
INFO:     Shutting down
INFO:     Waiting for application shutdown.
INFO:     Application shutdown complete.
INFO:     Finished server process [1511616]
INFO:     Started server process [1512157]
INFO:     Waiting for application startup.
INFO:     Application startup complete.
INFO:     Uvicorn running on http://0.0.0.0:8011 (Press CTRL+C to quit)
INFO:     Shutting down
INFO:     Waiting for application shutdown.
INFO:     Application shutdown complete.
INFO:     Finished server process [1512157]
Traceback (most recent call last):
  File "/opt/automacoes/cliquedf/estoque/venv/bin/uvicorn", line 6, in <module>
    sys.exit(main())
             ^^^^^^
  File "/opt/automacoes/cliquedf/estoque/venv/lib/python3.12/site-packages/click/core.py", line 1514, in __call__
    return self.main(*args, **kwargs)
           ^^^^^^^^^^^^^^^^^^^^^^^^^^
  File "/opt/automacoes/cliquedf/estoque/venv/lib/python3.12/site-packages/click/core.py", line 1435, in main
    rv = self.invoke(ctx)
         ^^^^^^^^^^^^^^^^
  File "/opt/automacoes/cliquedf/estoque/venv/lib/python3.12/site-packages/click/core.py", line 1298, in invoke
    return ctx.invoke(self.callback, **ctx.params)
           ^^^^^^^^^^^^^^^^^^^^^^^^^^^^^^^^^^^^^^^
  File "/opt/automacoes/cliquedf/estoque/venv/lib/python3.12/site-packages/click/core.py", line 853, in invoke
    return callback(*args, **kwargs)
           ^^^^^^^^^^^^^^^^^^^^^^^^^
  File "/opt/automacoes/cliquedf/estoque/venv/lib/python3.12/site-packages/uvicorn/main.py", line 441, in main
    run(
  File "/opt/automacoes/cliquedf/estoque/venv/lib/python3.12/site-packages/uvicorn/main.py", line 617, in run
    server.run()
  File "/opt/automacoes/cliquedf/estoque/venv/lib/python3.12/site-packages/uvicorn/server.py", line 75, in run
    return asyncio_run(self.serve(sockets=sockets), loop_factory=self.config.get_loop_factory())
           ^^^^^^^^^^^^^^^^^^^^^^^^^^^^^^^^^^^^^^^^^^^^^^^^^^^^^^^^^^^^^^^^^^^^^^^^^^^^^^^^^^^^^
  File "/usr/lib/python3.12/asyncio/runners.py", line 194, in run
    return runner.run(main)
           ^^^^^^^^^^^^^^^^
  File "/usr/lib/python3.12/asyncio/runners.py", line 118, in run
    return self._loop.run_until_complete(task)
           ^^^^^^^^^^^^^^^^^^^^^^^^^^^^^^^^^^^
  File "uvloop/loop.pyx", line 1518, in uvloop.loop.Loop.run_until_complete
  File "/opt/automacoes/cliquedf/estoque/venv/lib/python3.12/site-packages/uvicorn/server.py", line 79, in serve
    await self._serve(sockets)
  File "/opt/automacoes/cliquedf/estoque/venv/lib/python3.12/site-packages/uvicorn/server.py", line 86, in _serve
    config.load()
  File "/opt/automacoes/cliquedf/estoque/venv/lib/python3.12/site-packages/uvicorn/config.py", line 449, in load
    self.loaded_app = import_from_string(self.app)
                      ^^^^^^^^^^^^^^^^^^^^^^^^^^^^
  File "/opt/automacoes/cliquedf/estoque/venv/lib/python3.12/site-packages/uvicorn/importer.py", line 22, in import_from_string
    raise exc from None
  File "/opt/automacoes/cliquedf/estoque/venv/lib/python3.12/site-packages/uvicorn/importer.py", line 19, in import_from_string
    module = importlib.import_module(module_str)
             ^^^^^^^^^^^^^^^^^^^^^^^^^^^^^^^^^^^
  File "/usr/lib/python3.12/importlib/__init__.py", line 90, in import_module
    return _bootstrap._gcd_import(name[level:], package, level)
           ^^^^^^^^^^^^^^^^^^^^^^^^^^^^^^^^^^^^^^^^^^^^^^^^^^^^
  File "<frozen importlib._bootstrap>", line 1387, in _gcd_import
  File "<frozen importlib._bootstrap>", line 1360, in _find_and_load
  File "<frozen importlib._bootstrap>", line 1331, in _find_and_load_unlocked
  File "<frozen importlib._bootstrap>", line 935, in _load_unlocked
  File "<frozen importlib._bootstrap_external>", line 995, in exec_module
  File "<frozen importlib._bootstrap>", line 488, in _call_with_frames_removed
  File "/opt/automacoes/cliquedf/estoque/main.py", line 16, in <module>
    from app.routes import auth, estoque, compras, admin as admin_router
  File "/opt/automacoes/cliquedf/estoque/app/routes/compras.py", line 108, in <module>
    import os, pymysql
ModuleNotFoundError: No module named 'pymysql'
Traceback (most recent call last):
  File "/opt/automacoes/cliquedf/estoque/venv/bin/uvicorn", line 6, in <module>
    sys.exit(main())
             ^^^^^^
  File "/opt/automacoes/cliquedf/estoque/venv/lib/python3.12/site-packages/click/core.py", line 1514, in __call__
    return self.main(*args, **kwargs)
           ^^^^^^^^^^^^^^^^^^^^^^^^^^
  File "/opt/automacoes/cliquedf/estoque/venv/lib/python3.12/site-packages/click/core.py", line 1435, in main
    rv = self.invoke(ctx)
         ^^^^^^^^^^^^^^^^
  File "/opt/automacoes/cliquedf/estoque/venv/lib/python3.12/site-packages/click/core.py", line 1298, in invoke
    return ctx.invoke(self.callback, **ctx.params)
           ^^^^^^^^^^^^^^^^^^^^^^^^^^^^^^^^^^^^^^^
  File "/opt/automacoes/cliquedf/estoque/venv/lib/python3.12/site-packages/click/core.py", line 853, in invoke
    return callback(*args, **kwargs)
           ^^^^^^^^^^^^^^^^^^^^^^^^^
  File "/opt/automacoes/cliquedf/estoque/venv/lib/python3.12/site-packages/uvicorn/main.py", line 441, in main
    run(
  File "/opt/automacoes/cliquedf/estoque/venv/lib/python3.12/site-packages/uvicorn/main.py", line 617, in run
    server.run()
  File "/opt/automacoes/cliquedf/estoque/venv/lib/python3.12/site-packages/uvicorn/server.py", line 75, in run
    return asyncio_run(self.serve(sockets=sockets), loop_factory=self.config.get_loop_factory())
           ^^^^^^^^^^^^^^^^^^^^^^^^^^^^^^^^^^^^^^^^^^^^^^^^^^^^^^^^^^^^^^^^^^^^^^^^^^^^^^^^^^^^^
  File "/usr/lib/python3.12/asyncio/runners.py", line 194, in run
    return runner.run(main)
           ^^^^^^^^^^^^^^^^
  File "/usr/lib/python3.12/asyncio/runners.py", line 118, in run
    return self._loop.run_until_complete(task)
           ^^^^^^^^^^^^^^^^^^^^^^^^^^^^^^^^^^^
  File "uvloop/loop.pyx", line 1518, in uvloop.loop.Loop.run_until_complete
  File "/opt/automacoes/cliquedf/estoque/venv/lib/python3.12/site-packages/uvicorn/server.py", line 79, in serve
    await self._serve(sockets)
  File "/opt/automacoes/cliquedf/estoque/venv/lib/python3.12/site-packages/uvicorn/server.py", line 86, in _serve
    config.load()
  File "/opt/automacoes/cliquedf/estoque/venv/lib/python3.12/site-packages/uvicorn/config.py", line 449, in load
    self.loaded_app = import_from_string(self.app)
                      ^^^^^^^^^^^^^^^^^^^^^^^^^^^^
  File "/opt/automacoes/cliquedf/estoque/venv/lib/python3.12/site-packages/uvicorn/importer.py", line 22, in import_from_string
    raise exc from None
  File "/opt/automacoes/cliquedf/estoque/venv/lib/python3.12/site-packages/uvicorn/importer.py", line 19, in import_from_string
    module = importlib.import_module(module_str)
             ^^^^^^^^^^^^^^^^^^^^^^^^^^^^^^^^^^^
  File "/usr/lib/python3.12/importlib/__init__.py", line 90, in import_module
    return _bootstrap._gcd_import(name[level:], package, level)
           ^^^^^^^^^^^^^^^^^^^^^^^^^^^^^^^^^^^^^^^^^^^^^^^^^^^^
  File "<frozen importlib._bootstrap>", line 1387, in _gcd_import
  File "<frozen importlib._bootstrap>", line 1360, in _find_and_load
  File "<frozen importlib._bootstrap>", line 1331, in _find_and_load_unlocked
  File "<frozen importlib._bootstrap>", line 935, in _load_unlocked
  File "<frozen importlib._bootstrap_external>", line 995, in exec_module
  File "<frozen importlib._bootstrap>", line 488, in _call_with_frames_removed
  File "/opt/automacoes/cliquedf/estoque/main.py", line 16, in <module>
    from app.routes import auth, estoque, compras, admin as admin_router
  File "/opt/automacoes/cliquedf/estoque/app/routes/compras.py", line 108, in <module>
    import os, pymysql
ModuleNotFoundError: No module named 'pymysql'
Traceback (most recent call last):
  File "/opt/automacoes/cliquedf/estoque/venv/bin/uvicorn", line 6, in <module>
    sys.exit(main())
             ^^^^^^
  File "/opt/automacoes/cliquedf/estoque/venv/lib/python3.12/site-packages/click/core.py", line 1514, in __call__
    return self.main(*args, **kwargs)
           ^^^^^^^^^^^^^^^^^^^^^^^^^^
  File "/opt/automacoes/cliquedf/estoque/venv/lib/python3.12/site-packages/click/core.py", line 1435, in main
    rv = self.invoke(ctx)
         ^^^^^^^^^^^^^^^^
  File "/opt/automacoes/cliquedf/estoque/venv/lib/python3.12/site-packages/click/core.py", line 1298, in invoke
    return ctx.invoke(self.callback, **ctx.params)
           ^^^^^^^^^^^^^^^^^^^^^^^^^^^^^^^^^^^^^^^
  File "/opt/automacoes/cliquedf/estoque/venv/lib/python3.12/site-packages/click/core.py", line 853, in invoke
    return callback(*args, **kwargs)
           ^^^^^^^^^^^^^^^^^^^^^^^^^
  File "/opt/automacoes/cliquedf/estoque/venv/lib/python3.12/site-packages/uvicorn/main.py", line 441, in main
    run(
  File "/opt/automacoes/cliquedf/estoque/venv/lib/python3.12/site-packages/uvicorn/main.py", line 617, in run
    server.run()
  File "/opt/automacoes/cliquedf/estoque/venv/lib/python3.12/site-packages/uvicorn/server.py", line 75, in run
    return asyncio_run(self.serve(sockets=sockets), loop_factory=self.config.get_loop_factory())
           ^^^^^^^^^^^^^^^^^^^^^^^^^^^^^^^^^^^^^^^^^^^^^^^^^^^^^^^^^^^^^^^^^^^^^^^^^^^^^^^^^^^^^
  File "/usr/lib/python3.12/asyncio/runners.py", line 194, in run
    return runner.run(main)
           ^^^^^^^^^^^^^^^^
  File "/usr/lib/python3.12/asyncio/runners.py", line 118, in run
    return self._loop.run_until_complete(task)
           ^^^^^^^^^^^^^^^^^^^^^^^^^^^^^^^^^^^
  File "uvloop/loop.pyx", line 1518, in uvloop.loop.Loop.run_until_complete
  File "/opt/automacoes/cliquedf/estoque/venv/lib/python3.12/site-packages/uvicorn/server.py", line 79, in serve
    await self._serve(sockets)
  File "/opt/automacoes/cliquedf/estoque/venv/lib/python3.12/site-packages/uvicorn/server.py", line 86, in _serve
    config.load()
  File "/opt/automacoes/cliquedf/estoque/venv/lib/python3.12/site-packages/uvicorn/config.py", line 449, in load
    self.loaded_app = import_from_string(self.app)
                      ^^^^^^^^^^^^^^^^^^^^^^^^^^^^
  File "/opt/automacoes/cliquedf/estoque/venv/lib/python3.12/site-packages/uvicorn/importer.py", line 22, in import_from_string
    raise exc from None
  File "/opt/automacoes/cliquedf/estoque/venv/lib/python3.12/site-packages/uvicorn/importer.py", line 19, in import_from_string
    module = importlib.import_module(module_str)
             ^^^^^^^^^^^^^^^^^^^^^^^^^^^^^^^^^^^
  File "/usr/lib/python3.12/importlib/__init__.py", line 90, in import_module
    return _bootstrap._gcd_import(name[level:], package, level)
           ^^^^^^^^^^^^^^^^^^^^^^^^^^^^^^^^^^^^^^^^^^^^^^^^^^^^
  File "<frozen importlib._bootstrap>", line 1387, in _gcd_import
  File "<frozen importlib._bootstrap>", line 1360, in _find_and_load
  File "<frozen importlib._bootstrap>", line 1331, in _find_and_load_unlocked
  File "<frozen importlib._bootstrap>", line 935, in _load_unlocked
  File "<frozen importlib._bootstrap_external>", line 995, in exec_module
  File "<frozen importlib._bootstrap>", line 488, in _call_with_frames_removed
  File "/opt/automacoes/cliquedf/estoque/main.py", line 16, in <module>
    from app.routes import auth, estoque, compras, admin as admin_router
  File "/opt/automacoes/cliquedf/estoque/app/routes/compras.py", line 108, in <module>
    import os, pymysql
ModuleNotFoundError: No module named 'pymysql'
Traceback (most recent call last):
  File "/opt/automacoes/cliquedf/estoque/venv/bin/uvicorn", line 6, in <module>
    sys.exit(main())
             ^^^^^^
  File "/opt/automacoes/cliquedf/estoque/venv/lib/python3.12/site-packages/click/core.py", line 1514, in __call__
    return self.main(*args, **kwargs)
           ^^^^^^^^^^^^^^^^^^^^^^^^^^
  File "/opt/automacoes/cliquedf/estoque/venv/lib/python3.12/site-packages/click/core.py", line 1435, in main
    rv = self.invoke(ctx)
         ^^^^^^^^^^^^^^^^
  File "/opt/automacoes/cliquedf/estoque/venv/lib/python3.12/site-packages/click/core.py", line 1298, in invoke
    return ctx.invoke(self.callback, **ctx.params)
           ^^^^^^^^^^^^^^^^^^^^^^^^^^^^^^^^^^^^^^^
  File "/opt/automacoes/cliquedf/estoque/venv/lib/python3.12/site-packages/click/core.py", line 853, in invoke
    return callback(*args, **kwargs)
           ^^^^^^^^^^^^^^^^^^^^^^^^^
  File "/opt/automacoes/cliquedf/estoque/venv/lib/python3.12/site-packages/uvicorn/main.py", line 441, in main
    run(
  File "/opt/automacoes/cliquedf/estoque/venv/lib/python3.12/site-packages/uvicorn/main.py", line 617, in run
    server.run()
  File "/opt/automacoes/cliquedf/estoque/venv/lib/python3.12/site-packages/uvicorn/server.py", line 75, in run
    return asyncio_run(self.serve(sockets=sockets), loop_factory=self.config.get_loop_factory())
           ^^^^^^^^^^^^^^^^^^^^^^^^^^^^^^^^^^^^^^^^^^^^^^^^^^^^^^^^^^^^^^^^^^^^^^^^^^^^^^^^^^^^^
  File "/usr/lib/python3.12/asyncio/runners.py", line 194, in run
    return runner.run(main)
           ^^^^^^^^^^^^^^^^
  File "/usr/lib/python3.12/asyncio/runners.py", line 118, in run
    return self._loop.run_until_complete(task)
           ^^^^^^^^^^^^^^^^^^^^^^^^^^^^^^^^^^^
  File "uvloop/loop.pyx", line 1518, in uvloop.loop.Loop.run_until_complete
  File "/opt/automacoes/cliquedf/estoque/venv/lib/python3.12/site-packages/uvicorn/server.py", line 79, in serve
    await self._serve(sockets)
  File "/opt/automacoes/cliquedf/estoque/venv/lib/python3.12/site-packages/uvicorn/server.py", line 86, in _serve
    config.load()
  File "/opt/automacoes/cliquedf/estoque/venv/lib/python3.12/site-packages/uvicorn/config.py", line 449, in load
    self.loaded_app = import_from_string(self.app)
                      ^^^^^^^^^^^^^^^^^^^^^^^^^^^^
  File "/opt/automacoes/cliquedf/estoque/venv/lib/python3.12/site-packages/uvicorn/importer.py", line 22, in import_from_string
    raise exc from None
  File "/opt/automacoes/cliquedf/estoque/venv/lib/python3.12/site-packages/uvicorn/importer.py", line 19, in import_from_string
    module = importlib.import_module(module_str)
             ^^^^^^^^^^^^^^^^^^^^^^^^^^^^^^^^^^^
  File "/usr/lib/python3.12/importlib/__init__.py", line 90, in import_module
    return _bootstrap._gcd_import(name[level:], package, level)
           ^^^^^^^^^^^^^^^^^^^^^^^^^^^^^^^^^^^^^^^^^^^^^^^^^^^^
  File "<frozen importlib._bootstrap>", line 1387, in _gcd_import
  File "<frozen importlib._bootstrap>", line 1360, in _find_and_load
  File "<frozen importlib._bootstrap>", line 1331, in _find_and_load_unlocked
  File "<frozen importlib._bootstrap>", line 935, in _load_unlocked
  File "<frozen importlib._bootstrap_external>", line 995, in exec_module
  File "<frozen importlib._bootstrap>", line 488, in _call_with_frames_removed
  File "/opt/automacoes/cliquedf/estoque/main.py", line 16, in <module>
    from app.routes import auth, estoque, compras, admin as admin_router
  File "/opt/automacoes/cliquedf/estoque/app/routes/compras.py", line 108, in <module>
    import os, pymysql
ModuleNotFoundError: No module named 'pymysql'
Traceback (most recent call last):
  File "/opt/automacoes/cliquedf/estoque/venv/bin/uvicorn", line 6, in <module>
    sys.exit(main())
             ^^^^^^
  File "/opt/automacoes/cliquedf/estoque/venv/lib/python3.12/site-packages/click/core.py", line 1514, in __call__
    return self.main(*args, **kwargs)
           ^^^^^^^^^^^^^^^^^^^^^^^^^^
  File "/opt/automacoes/cliquedf/estoque/venv/lib/python3.12/site-packages/click/core.py", line 1435, in main
    rv = self.invoke(ctx)
         ^^^^^^^^^^^^^^^^
  File "/opt/automacoes/cliquedf/estoque/venv/lib/python3.12/site-packages/click/core.py", line 1298, in invoke
    return ctx.invoke(self.callback, **ctx.params)
           ^^^^^^^^^^^^^^^^^^^^^^^^^^^^^^^^^^^^^^^
  File "/opt/automacoes/cliquedf/estoque/venv/lib/python3.12/site-packages/click/core.py", line 853, in invoke
    return callback(*args, **kwargs)
           ^^^^^^^^^^^^^^^^^^^^^^^^^
  File "/opt/automacoes/cliquedf/estoque/venv/lib/python3.12/site-packages/uvicorn/main.py", line 441, in main
    run(
  File "/opt/automacoes/cliquedf/estoque/venv/lib/python3.12/site-packages/uvicorn/main.py", line 617, in run
    server.run()
  File "/opt/automacoes/cliquedf/estoque/venv/lib/python3.12/site-packages/uvicorn/server.py", line 75, in run
    return asyncio_run(self.serve(sockets=sockets), loop_factory=self.config.get_loop_factory())
           ^^^^^^^^^^^^^^^^^^^^^^^^^^^^^^^^^^^^^^^^^^^^^^^^^^^^^^^^^^^^^^^^^^^^^^^^^^^^^^^^^^^^^
  File "/usr/lib/python3.12/asyncio/runners.py", line 194, in run
    return runner.run(main)
           ^^^^^^^^^^^^^^^^
  File "/usr/lib/python3.12/asyncio/runners.py", line 118, in run
    return self._loop.run_until_complete(task)
           ^^^^^^^^^^^^^^^^^^^^^^^^^^^^^^^^^^^
  File "uvloop/loop.pyx", line 1518, in uvloop.loop.Loop.run_until_complete
  File "/opt/automacoes/cliquedf/estoque/venv/lib/python3.12/site-packages/uvicorn/server.py", line 79, in serve
    await self._serve(sockets)
  File "/opt/automacoes/cliquedf/estoque/venv/lib/python3.12/site-packages/uvicorn/server.py", line 86, in _serve
    config.load()
  File "/opt/automacoes/cliquedf/estoque/venv/lib/python3.12/site-packages/uvicorn/config.py", line 449, in load
    self.loaded_app = import_from_string(self.app)
                      ^^^^^^^^^^^^^^^^^^^^^^^^^^^^
  File "/opt/automacoes/cliquedf/estoque/venv/lib/python3.12/site-packages/uvicorn/importer.py", line 22, in import_from_string
    raise exc from None
  File "/opt/automacoes/cliquedf/estoque/venv/lib/python3.12/site-packages/uvicorn/importer.py", line 19, in import_from_string
    module = importlib.import_module(module_str)
             ^^^^^^^^^^^^^^^^^^^^^^^^^^^^^^^^^^^
  File "/usr/lib/python3.12/importlib/__init__.py", line 90, in import_module
    return _bootstrap._gcd_import(name[level:], package, level)
           ^^^^^^^^^^^^^^^^^^^^^^^^^^^^^^^^^^^^^^^^^^^^^^^^^^^^
  File "<frozen importlib._bootstrap>", line 1387, in _gcd_import
  File "<frozen importlib._bootstrap>", line 1360, in _find_and_load
  File "<frozen importlib._bootstrap>", line 1331, in _find_and_load_unlocked
  File "<frozen importlib._bootstrap>", line 935, in _load_unlocked
  File "<frozen importlib._bootstrap_external>", line 995, in exec_module
  File "<frozen importlib._bootstrap>", line 488, in _call_with_frames_removed
  File "/opt/automacoes/cliquedf/estoque/main.py", line 16, in <module>
    from app.routes import auth, estoque, compras, admin as admin_router
  File "/opt/automacoes/cliquedf/estoque/app/routes/compras.py", line 108, in <module>
    import os, pymysql
ModuleNotFoundError: No module named 'pymysql'
Traceback (most recent call last):
  File "/opt/automacoes/cliquedf/estoque/venv/bin/uvicorn", line 6, in <module>
    sys.exit(main())
             ^^^^^^
  File "/opt/automacoes/cliquedf/estoque/venv/lib/python3.12/site-packages/click/core.py", line 1514, in __call__
    return self.main(*args, **kwargs)
           ^^^^^^^^^^^^^^^^^^^^^^^^^^
  File "/opt/automacoes/cliquedf/estoque/venv/lib/python3.12/site-packages/click/core.py", line 1435, in main
    rv = self.invoke(ctx)
         ^^^^^^^^^^^^^^^^
  File "/opt/automacoes/cliquedf/estoque/venv/lib/python3.12/site-packages/click/core.py", line 1298, in invoke
    return ctx.invoke(self.callback, **ctx.params)
           ^^^^^^^^^^^^^^^^^^^^^^^^^^^^^^^^^^^^^^^
  File "/opt/automacoes/cliquedf/estoque/venv/lib/python3.12/site-packages/click/core.py", line 853, in invoke
    return callback(*args, **kwargs)
           ^^^^^^^^^^^^^^^^^^^^^^^^^
  File "/opt/automacoes/cliquedf/estoque/venv/lib/python3.12/site-packages/uvicorn/main.py", line 441, in main
    run(
  File "/opt/automacoes/cliquedf/estoque/venv/lib/python3.12/site-packages/uvicorn/main.py", line 617, in run
    server.run()
  File "/opt/automacoes/cliquedf/estoque/venv/lib/python3.12/site-packages/uvicorn/server.py", line 75, in run
    return asyncio_run(self.serve(sockets=sockets), loop_factory=self.config.get_loop_factory())
           ^^^^^^^^^^^^^^^^^^^^^^^^^^^^^^^^^^^^^^^^^^^^^^^^^^^^^^^^^^^^^^^^^^^^^^^^^^^^^^^^^^^^^
  File "/usr/lib/python3.12/asyncio/runners.py", line 194, in run
    return runner.run(main)
           ^^^^^^^^^^^^^^^^
  File "/usr/lib/python3.12/asyncio/runners.py", line 118, in run
    return self._loop.run_until_complete(task)
           ^^^^^^^^^^^^^^^^^^^^^^^^^^^^^^^^^^^
  File "uvloop/loop.pyx", line 1518, in uvloop.loop.Loop.run_until_complete
  File "/opt/automacoes/cliquedf/estoque/venv/lib/python3.12/site-packages/uvicorn/server.py", line 79, in serve
    await self._serve(sockets)
  File "/opt/automacoes/cliquedf/estoque/venv/lib/python3.12/site-packages/uvicorn/server.py", line 86, in _serve
    config.load()
  File "/opt/automacoes/cliquedf/estoque/venv/lib/python3.12/site-packages/uvicorn/config.py", line 449, in load
    self.loaded_app = import_from_string(self.app)
                      ^^^^^^^^^^^^^^^^^^^^^^^^^^^^
  File "/opt/automacoes/cliquedf/estoque/venv/lib/python3.12/site-packages/uvicorn/importer.py", line 22, in import_from_string
    raise exc from None
  File "/opt/automacoes/cliquedf/estoque/venv/lib/python3.12/site-packages/uvicorn/importer.py", line 19, in import_from_string
    module = importlib.import_module(module_str)
             ^^^^^^^^^^^^^^^^^^^^^^^^^^^^^^^^^^^
  File "/usr/lib/python3.12/importlib/__init__.py", line 90, in import_module
    return _bootstrap._gcd_import(name[level:], package, level)
           ^^^^^^^^^^^^^^^^^^^^^^^^^^^^^^^^^^^^^^^^^^^^^^^^^^^^
  File "<frozen importlib._bootstrap>", line 1387, in _gcd_import
  File "<frozen importlib._bootstrap>", line 1360, in _find_and_load
  File "<frozen importlib._bootstrap>", line 1331, in _find_and_load_unlocked
  File "<frozen importlib._bootstrap>", line 935, in _load_unlocked
  File "<frozen importlib._bootstrap_external>", line 995, in exec_module
  File "<frozen importlib._bootstrap>", line 488, in _call_with_frames_removed
  File "/opt/automacoes/cliquedf/estoque/main.py", line 16, in <module>
    from app.routes import auth, estoque, compras, admin as admin_router
  File "/opt/automacoes/cliquedf/estoque/app/routes/compras.py", line 108, in <module>
    import os, pymysql
ModuleNotFoundError: No module named 'pymysql'
Traceback (most recent call last):
  File "/opt/automacoes/cliquedf/estoque/venv/bin/uvicorn", line 6, in <module>
    sys.exit(main())
             ^^^^^^
  File "/opt/automacoes/cliquedf/estoque/venv/lib/python3.12/site-packages/click/core.py", line 1514, in __call__
    return self.main(*args, **kwargs)
           ^^^^^^^^^^^^^^^^^^^^^^^^^^
  File "/opt/automacoes/cliquedf/estoque/venv/lib/python3.12/site-packages/click/core.py", line 1435, in main
    rv = self.invoke(ctx)
         ^^^^^^^^^^^^^^^^
  File "/opt/automacoes/cliquedf/estoque/venv/lib/python3.12/site-packages/click/core.py", line 1298, in invoke
    return ctx.invoke(self.callback, **ctx.params)
           ^^^^^^^^^^^^^^^^^^^^^^^^^^^^^^^^^^^^^^^
  File "/opt/automacoes/cliquedf/estoque/venv/lib/python3.12/site-packages/click/core.py", line 853, in invoke
    return callback(*args, **kwargs)
           ^^^^^^^^^^^^^^^^^^^^^^^^^
  File "/opt/automacoes/cliquedf/estoque/venv/lib/python3.12/site-packages/uvicorn/main.py", line 441, in main
    run(
  File "/opt/automacoes/cliquedf/estoque/venv/lib/python3.12/site-packages/uvicorn/main.py", line 617, in run
    server.run()
  File "/opt/automacoes/cliquedf/estoque/venv/lib/python3.12/site-packages/uvicorn/server.py", line 75, in run
    return asyncio_run(self.serve(sockets=sockets), loop_factory=self.config.get_loop_factory())
           ^^^^^^^^^^^^^^^^^^^^^^^^^^^^^^^^^^^^^^^^^^^^^^^^^^^^^^^^^^^^^^^^^^^^^^^^^^^^^^^^^^^^^
  File "/usr/lib/python3.12/asyncio/runners.py", line 194, in run
    return runner.run(main)
           ^^^^^^^^^^^^^^^^
  File "/usr/lib/python3.12/asyncio/runners.py", line 118, in run
    return self._loop.run_until_complete(task)
           ^^^^^^^^^^^^^^^^^^^^^^^^^^^^^^^^^^^
  File "uvloop/loop.pyx", line 1518, in uvloop.loop.Loop.run_until_complete
  File "/opt/automacoes/cliquedf/estoque/venv/lib/python3.12/site-packages/uvicorn/server.py", line 79, in serve
    await self._serve(sockets)
  File "/opt/automacoes/cliquedf/estoque/venv/lib/python3.12/site-packages/uvicorn/server.py", line 86, in _serve
    config.load()
  File "/opt/automacoes/cliquedf/estoque/venv/lib/python3.12/site-packages/uvicorn/config.py", line 449, in load
    self.loaded_app = import_from_string(self.app)
                      ^^^^^^^^^^^^^^^^^^^^^^^^^^^^
  File "/opt/automacoes/cliquedf/estoque/venv/lib/python3.12/site-packages/uvicorn/importer.py", line 22, in import_from_string
    raise exc from None
  File "/opt/automacoes/cliquedf/estoque/venv/lib/python3.12/site-packages/uvicorn/importer.py", line 19, in import_from_string
    module = importlib.import_module(module_str)
             ^^^^^^^^^^^^^^^^^^^^^^^^^^^^^^^^^^^
  File "/usr/lib/python3.12/importlib/__init__.py", line 90, in import_module
    return _bootstrap._gcd_import(name[level:], package, level)
           ^^^^^^^^^^^^^^^^^^^^^^^^^^^^^^^^^^^^^^^^^^^^^^^^^^^^
  File "<frozen importlib._bootstrap>", line 1387, in _gcd_import
  File "<frozen importlib._bootstrap>", line 1360, in _find_and_load
  File "<frozen importlib._bootstrap>", line 1331, in _find_and_load_unlocked
  File "<frozen importlib._bootstrap>", line 935, in _load_unlocked
  File "<frozen importlib._bootstrap_external>", line 995, in exec_module
  File "<frozen importlib._bootstrap>", line 488, in _call_with_frames_removed
  File "/opt/automacoes/cliquedf/estoque/main.py", line 16, in <module>
    from app.routes import auth, estoque, compras, admin as admin_router
  File "/opt/automacoes/cliquedf/estoque/app/routes/compras.py", line 108, in <module>
    import os, pymysql
ModuleNotFoundError: No module named 'pymysql'
Traceback (most recent call last):
  File "/opt/automacoes/cliquedf/estoque/venv/bin/uvicorn", line 6, in <module>
    sys.exit(main())
             ^^^^^^
  File "/opt/automacoes/cliquedf/estoque/venv/lib/python3.12/site-packages/click/core.py", line 1514, in __call__
    return self.main(*args, **kwargs)
           ^^^^^^^^^^^^^^^^^^^^^^^^^^
  File "/opt/automacoes/cliquedf/estoque/venv/lib/python3.12/site-packages/click/core.py", line 1435, in main
    rv = self.invoke(ctx)
         ^^^^^^^^^^^^^^^^
  File "/opt/automacoes/cliquedf/estoque/venv/lib/python3.12/site-packages/click/core.py", line 1298, in invoke
    return ctx.invoke(self.callback, **ctx.params)
           ^^^^^^^^^^^^^^^^^^^^^^^^^^^^^^^^^^^^^^^
  File "/opt/automacoes/cliquedf/estoque/venv/lib/python3.12/site-packages/click/core.py", line 853, in invoke
    return callback(*args, **kwargs)
           ^^^^^^^^^^^^^^^^^^^^^^^^^
  File "/opt/automacoes/cliquedf/estoque/venv/lib/python3.12/site-packages/uvicorn/main.py", line 441, in main
    run(
  File "/opt/automacoes/cliquedf/estoque/venv/lib/python3.12/site-packages/uvicorn/main.py", line 617, in run
    server.run()
  File "/opt/automacoes/cliquedf/estoque/venv/lib/python3.12/site-packages/uvicorn/server.py", line 75, in run
    return asyncio_run(self.serve(sockets=sockets), loop_factory=self.config.get_loop_factory())
           ^^^^^^^^^^^^^^^^^^^^^^^^^^^^^^^^^^^^^^^^^^^^^^^^^^^^^^^^^^^^^^^^^^^^^^^^^^^^^^^^^^^^^
  File "/usr/lib/python3.12/asyncio/runners.py", line 194, in run
    return runner.run(main)
           ^^^^^^^^^^^^^^^^
  File "/usr/lib/python3.12/asyncio/runners.py", line 118, in run
    return self._loop.run_until_complete(task)
           ^^^^^^^^^^^^^^^^^^^^^^^^^^^^^^^^^^^
  File "uvloop/loop.pyx", line 1518, in uvloop.loop.Loop.run_until_complete
  File "/opt/automacoes/cliquedf/estoque/venv/lib/python3.12/site-packages/uvicorn/server.py", line 79, in serve
    await self._serve(sockets)
  File "/opt/automacoes/cliquedf/estoque/venv/lib/python3.12/site-packages/uvicorn/server.py", line 86, in _serve
    config.load()
  File "/opt/automacoes/cliquedf/estoque/venv/lib/python3.12/site-packages/uvicorn/config.py", line 449, in load
    self.loaded_app = import_from_string(self.app)
                      ^^^^^^^^^^^^^^^^^^^^^^^^^^^^
  File "/opt/automacoes/cliquedf/estoque/venv/lib/python3.12/site-packages/uvicorn/importer.py", line 22, in import_from_string
    raise exc from None
  File "/opt/automacoes/cliquedf/estoque/venv/lib/python3.12/site-packages/uvicorn/importer.py", line 19, in import_from_string
    module = importlib.import_module(module_str)
             ^^^^^^^^^^^^^^^^^^^^^^^^^^^^^^^^^^^
  File "/usr/lib/python3.12/importlib/__init__.py", line 90, in import_module
    return _bootstrap._gcd_import(name[level:], package, level)
           ^^^^^^^^^^^^^^^^^^^^^^^^^^^^^^^^^^^^^^^^^^^^^^^^^^^^
  File "<frozen importlib._bootstrap>", line 1387, in _gcd_import
  File "<frozen importlib._bootstrap>", line 1360, in _find_and_load
  File "<frozen importlib._bootstrap>", line 1331, in _find_and_load_unlocked
  File "<frozen importlib._bootstrap>", line 935, in _load_unlocked
  File "<frozen importlib._bootstrap_external>", line 995, in exec_module
  File "<frozen importlib._bootstrap>", line 488, in _call_with_frames_removed
  File "/opt/automacoes/cliquedf/estoque/main.py", line 16, in <module>
    from app.routes import auth, estoque, compras, admin as admin_router
  File "/opt/automacoes/cliquedf/estoque/app/routes/compras.py", line 108, in <module>
    import os, pymysql
ModuleNotFoundError: No module named 'pymysql'
Traceback (most recent call last):
  File "/opt/automacoes/cliquedf/estoque/venv/bin/uvicorn", line 6, in <module>
    sys.exit(main())
             ^^^^^^
  File "/opt/automacoes/cliquedf/estoque/venv/lib/python3.12/site-packages/click/core.py", line 1514, in __call__
    return self.main(*args, **kwargs)
           ^^^^^^^^^^^^^^^^^^^^^^^^^^
  File "/opt/automacoes/cliquedf/estoque/venv/lib/python3.12/site-packages/click/core.py", line 1435, in main
    rv = self.invoke(ctx)
         ^^^^^^^^^^^^^^^^
  File "/opt/automacoes/cliquedf/estoque/venv/lib/python3.12/site-packages/click/core.py", line 1298, in invoke
    return ctx.invoke(self.callback, **ctx.params)
           ^^^^^^^^^^^^^^^^^^^^^^^^^^^^^^^^^^^^^^^
  File "/opt/automacoes/cliquedf/estoque/venv/lib/python3.12/site-packages/click/core.py", line 853, in invoke
    return callback(*args, **kwargs)
           ^^^^^^^^^^^^^^^^^^^^^^^^^
  File "/opt/automacoes/cliquedf/estoque/venv/lib/python3.12/site-packages/uvicorn/main.py", line 441, in main
    run(
  File "/opt/automacoes/cliquedf/estoque/venv/lib/python3.12/site-packages/uvicorn/main.py", line 617, in run
    server.run()
  File "/opt/automacoes/cliquedf/estoque/venv/lib/python3.12/site-packages/uvicorn/server.py", line 75, in run
    return asyncio_run(self.serve(sockets=sockets), loop_factory=self.config.get_loop_factory())
           ^^^^^^^^^^^^^^^^^^^^^^^^^^^^^^^^^^^^^^^^^^^^^^^^^^^^^^^^^^^^^^^^^^^^^^^^^^^^^^^^^^^^^
  File "/usr/lib/python3.12/asyncio/runners.py", line 194, in run
    return runner.run(main)
           ^^^^^^^^^^^^^^^^
  File "/usr/lib/python3.12/asyncio/runners.py", line 118, in run
    return self._loop.run_until_complete(task)
           ^^^^^^^^^^^^^^^^^^^^^^^^^^^^^^^^^^^
  File "uvloop/loop.pyx", line 1518, in uvloop.loop.Loop.run_until_complete
  File "/opt/automacoes/cliquedf/estoque/venv/lib/python3.12/site-packages/uvicorn/server.py", line 79, in serve
    await self._serve(sockets)
  File "/opt/automacoes/cliquedf/estoque/venv/lib/python3.12/site-packages/uvicorn/server.py", line 86, in _serve
    config.load()
  File "/opt/automacoes/cliquedf/estoque/venv/lib/python3.12/site-packages/uvicorn/config.py", line 449, in load
    self.loaded_app = import_from_string(self.app)
                      ^^^^^^^^^^^^^^^^^^^^^^^^^^^^
  File "/opt/automacoes/cliquedf/estoque/venv/lib/python3.12/site-packages/uvicorn/importer.py", line 22, in import_from_string
    raise exc from None
  File "/opt/automacoes/cliquedf/estoque/venv/lib/python3.12/site-packages/uvicorn/importer.py", line 19, in import_from_string
    module = importlib.import_module(module_str)
             ^^^^^^^^^^^^^^^^^^^^^^^^^^^^^^^^^^^
  File "/usr/lib/python3.12/importlib/__init__.py", line 90, in import_module
    return _bootstrap._gcd_import(name[level:], package, level)
           ^^^^^^^^^^^^^^^^^^^^^^^^^^^^^^^^^^^^^^^^^^^^^^^^^^^^
  File "<frozen importlib._bootstrap>", line 1387, in _gcd_import
  File "<frozen importlib._bootstrap>", line 1360, in _find_and_load
  File "<frozen importlib._bootstrap>", line 1331, in _find_and_load_unlocked
  File "<frozen importlib._bootstrap>", line 935, in _load_unlocked
  File "<frozen importlib._bootstrap_external>", line 995, in exec_module
  File "<frozen importlib._bootstrap>", line 488, in _call_with_frames_removed
  File "/opt/automacoes/cliquedf/estoque/main.py", line 16, in <module>
    from app.routes import auth, estoque, compras, admin as admin_router
  File "/opt/automacoes/cliquedf/estoque/app/routes/compras.py", line 108, in <module>
    import os, pymysql
ModuleNotFoundError: No module named 'pymysql'
Traceback (most recent call last):
  File "/opt/automacoes/cliquedf/estoque/venv/bin/uvicorn", line 6, in <module>
    sys.exit(main())
             ^^^^^^
  File "/opt/automacoes/cliquedf/estoque/venv/lib/python3.12/site-packages/click/core.py", line 1514, in __call__
    return self.main(*args, **kwargs)
           ^^^^^^^^^^^^^^^^^^^^^^^^^^
  File "/opt/automacoes/cliquedf/estoque/venv/lib/python3.12/site-packages/click/core.py", line 1435, in main
    rv = self.invoke(ctx)
         ^^^^^^^^^^^^^^^^
  File "/opt/automacoes/cliquedf/estoque/venv/lib/python3.12/site-packages/click/core.py", line 1298, in invoke
    return ctx.invoke(self.callback, **ctx.params)
           ^^^^^^^^^^^^^^^^^^^^^^^^^^^^^^^^^^^^^^^
  File "/opt/automacoes/cliquedf/estoque/venv/lib/python3.12/site-packages/click/core.py", line 853, in invoke
    return callback(*args, **kwargs)
           ^^^^^^^^^^^^^^^^^^^^^^^^^
  File "/opt/automacoes/cliquedf/estoque/venv/lib/python3.12/site-packages/uvicorn/main.py", line 441, in main
    run(
  File "/opt/automacoes/cliquedf/estoque/venv/lib/python3.12/site-packages/uvicorn/main.py", line 617, in run
    server.run()
  File "/opt/automacoes/cliquedf/estoque/venv/lib/python3.12/site-packages/uvicorn/server.py", line 75, in run
    return asyncio_run(self.serve(sockets=sockets), loop_factory=self.config.get_loop_factory())
           ^^^^^^^^^^^^^^^^^^^^^^^^^^^^^^^^^^^^^^^^^^^^^^^^^^^^^^^^^^^^^^^^^^^^^^^^^^^^^^^^^^^^^
  File "/usr/lib/python3.12/asyncio/runners.py", line 194, in run
    return runner.run(main)
           ^^^^^^^^^^^^^^^^
  File "/usr/lib/python3.12/asyncio/runners.py", line 118, in run
    return self._loop.run_until_complete(task)
           ^^^^^^^^^^^^^^^^^^^^^^^^^^^^^^^^^^^
  File "uvloop/loop.pyx", line 1518, in uvloop.loop.Loop.run_until_complete
  File "/opt/automacoes/cliquedf/estoque/venv/lib/python3.12/site-packages/uvicorn/server.py", line 79, in serve
    await self._serve(sockets)
  File "/opt/automacoes/cliquedf/estoque/venv/lib/python3.12/site-packages/uvicorn/server.py", line 86, in _serve
    config.load()
  File "/opt/automacoes/cliquedf/estoque/venv/lib/python3.12/site-packages/uvicorn/config.py", line 449, in load
    self.loaded_app = import_from_string(self.app)
                      ^^^^^^^^^^^^^^^^^^^^^^^^^^^^
  File "/opt/automacoes/cliquedf/estoque/venv/lib/python3.12/site-packages/uvicorn/importer.py", line 22, in import_from_string
    raise exc from None
  File "/opt/automacoes/cliquedf/estoque/venv/lib/python3.12/site-packages/uvicorn/importer.py", line 19, in import_from_string
    module = importlib.import_module(module_str)
             ^^^^^^^^^^^^^^^^^^^^^^^^^^^^^^^^^^^
  File "/usr/lib/python3.12/importlib/__init__.py", line 90, in import_module
    return _bootstrap._gcd_import(name[level:], package, level)
           ^^^^^^^^^^^^^^^^^^^^^^^^^^^^^^^^^^^^^^^^^^^^^^^^^^^^
  File "<frozen importlib._bootstrap>", line 1387, in _gcd_import
  File "<frozen importlib._bootstrap>", line 1360, in _find_and_load
  File "<frozen importlib._bootstrap>", line 1331, in _find_and_load_unlocked
  File "<frozen importlib._bootstrap>", line 935, in _load_unlocked
  File "<frozen importlib._bootstrap_external>", line 995, in exec_module
  File "<frozen importlib._bootstrap>", line 488, in _call_with_frames_removed
  File "/opt/automacoes/cliquedf/estoque/main.py", line 16, in <module>
    from app.routes import auth, estoque, compras, admin as admin_router
  File "/opt/automacoes/cliquedf/estoque/app/routes/compras.py", line 108, in <module>
    import os, pymysql
ModuleNotFoundError: No module named 'pymysql'
Traceback (most recent call last):
  File "/opt/automacoes/cliquedf/estoque/venv/bin/uvicorn", line 6, in <module>
    sys.exit(main())
             ^^^^^^
  File "/opt/automacoes/cliquedf/estoque/venv/lib/python3.12/site-packages/click/core.py", line 1514, in __call__
    return self.main(*args, **kwargs)
           ^^^^^^^^^^^^^^^^^^^^^^^^^^
  File "/opt/automacoes/cliquedf/estoque/venv/lib/python3.12/site-packages/click/core.py", line 1435, in main
    rv = self.invoke(ctx)
         ^^^^^^^^^^^^^^^^
  File "/opt/automacoes/cliquedf/estoque/venv/lib/python3.12/site-packages/click/core.py", line 1298, in invoke
    return ctx.invoke(self.callback, **ctx.params)
           ^^^^^^^^^^^^^^^^^^^^^^^^^^^^^^^^^^^^^^^
  File "/opt/automacoes/cliquedf/estoque/venv/lib/python3.12/site-packages/click/core.py", line 853, in invoke
    return callback(*args, **kwargs)
           ^^^^^^^^^^^^^^^^^^^^^^^^^
  File "/opt/automacoes/cliquedf/estoque/venv/lib/python3.12/site-packages/uvicorn/main.py", line 441, in main
    run(
  File "/opt/automacoes/cliquedf/estoque/venv/lib/python3.12/site-packages/uvicorn/main.py", line 617, in run
    server.run()
  File "/opt/automacoes/cliquedf/estoque/venv/lib/python3.12/site-packages/uvicorn/server.py", line 75, in run
    return asyncio_run(self.serve(sockets=sockets), loop_factory=self.config.get_loop_factory())
           ^^^^^^^^^^^^^^^^^^^^^^^^^^^^^^^^^^^^^^^^^^^^^^^^^^^^^^^^^^^^^^^^^^^^^^^^^^^^^^^^^^^^^
  File "/usr/lib/python3.12/asyncio/runners.py", line 194, in run
    return runner.run(main)
           ^^^^^^^^^^^^^^^^
  File "/usr/lib/python3.12/asyncio/runners.py", line 118, in run
    return self._loop.run_until_complete(task)
           ^^^^^^^^^^^^^^^^^^^^^^^^^^^^^^^^^^^
  File "uvloop/loop.pyx", line 1518, in uvloop.loop.Loop.run_until_complete
  File "/opt/automacoes/cliquedf/estoque/venv/lib/python3.12/site-packages/uvicorn/server.py", line 79, in serve
    await self._serve(sockets)
  File "/opt/automacoes/cliquedf/estoque/venv/lib/python3.12/site-packages/uvicorn/server.py", line 86, in _serve
    config.load()
  File "/opt/automacoes/cliquedf/estoque/venv/lib/python3.12/site-packages/uvicorn/config.py", line 449, in load
    self.loaded_app = import_from_string(self.app)
                      ^^^^^^^^^^^^^^^^^^^^^^^^^^^^
  File "/opt/automacoes/cliquedf/estoque/venv/lib/python3.12/site-packages/uvicorn/importer.py", line 22, in import_from_string
    raise exc from None
  File "/opt/automacoes/cliquedf/estoque/venv/lib/python3.12/site-packages/uvicorn/importer.py", line 19, in import_from_string
    module = importlib.import_module(module_str)
             ^^^^^^^^^^^^^^^^^^^^^^^^^^^^^^^^^^^
  File "/usr/lib/python3.12/importlib/__init__.py", line 90, in import_module
    return _bootstrap._gcd_import(name[level:], package, level)
           ^^^^^^^^^^^^^^^^^^^^^^^^^^^^^^^^^^^^^^^^^^^^^^^^^^^^
  File "<frozen importlib._bootstrap>", line 1387, in _gcd_import
  File "<frozen importlib._bootstrap>", line 1360, in _find_and_load
  File "<frozen importlib._bootstrap>", line 1331, in _find_and_load_unlocked
  File "<frozen importlib._bootstrap>", line 935, in _load_unlocked
  File "<frozen importlib._bootstrap_external>", line 995, in exec_module
  File "<frozen importlib._bootstrap>", line 488, in _call_with_frames_removed
  File "/opt/automacoes/cliquedf/estoque/main.py", line 16, in <module>
    from app.routes import auth, estoque, compras, admin as admin_router
  File "/opt/automacoes/cliquedf/estoque/app/routes/compras.py", line 108, in <module>
    import os, pymysql
ModuleNotFoundError: No module named 'pymysql'
Traceback (most recent call last):
  File "/opt/automacoes/cliquedf/estoque/venv/bin/uvicorn", line 6, in <module>
    sys.exit(main())
             ^^^^^^
  File "/opt/automacoes/cliquedf/estoque/venv/lib/python3.12/site-packages/click/core.py", line 1514, in __call__
    return self.main(*args, **kwargs)
           ^^^^^^^^^^^^^^^^^^^^^^^^^^
  File "/opt/automacoes/cliquedf/estoque/venv/lib/python3.12/site-packages/click/core.py", line 1435, in main
    rv = self.invoke(ctx)
         ^^^^^^^^^^^^^^^^
  File "/opt/automacoes/cliquedf/estoque/venv/lib/python3.12/site-packages/click/core.py", line 1298, in invoke
    return ctx.invoke(self.callback, **ctx.params)
           ^^^^^^^^^^^^^^^^^^^^^^^^^^^^^^^^^^^^^^^
  File "/opt/automacoes/cliquedf/estoque/venv/lib/python3.12/site-packages/click/core.py", line 853, in invoke
    return callback(*args, **kwargs)
           ^^^^^^^^^^^^^^^^^^^^^^^^^
  File "/opt/automacoes/cliquedf/estoque/venv/lib/python3.12/site-packages/uvicorn/main.py", line 441, in main
    run(
  File "/opt/automacoes/cliquedf/estoque/venv/lib/python3.12/site-packages/uvicorn/main.py", line 617, in run
    server.run()
  File "/opt/automacoes/cliquedf/estoque/venv/lib/python3.12/site-packages/uvicorn/server.py", line 75, in run
    return asyncio_run(self.serve(sockets=sockets), loop_factory=self.config.get_loop_factory())
           ^^^^^^^^^^^^^^^^^^^^^^^^^^^^^^^^^^^^^^^^^^^^^^^^^^^^^^^^^^^^^^^^^^^^^^^^^^^^^^^^^^^^^
  File "/usr/lib/python3.12/asyncio/runners.py", line 194, in run
    return runner.run(main)
           ^^^^^^^^^^^^^^^^
  File "/usr/lib/python3.12/asyncio/runners.py", line 118, in run
    return self._loop.run_until_complete(task)
           ^^^^^^^^^^^^^^^^^^^^^^^^^^^^^^^^^^^
  File "uvloop/loop.pyx", line 1518, in uvloop.loop.Loop.run_until_complete
  File "/opt/automacoes/cliquedf/estoque/venv/lib/python3.12/site-packages/uvicorn/server.py", line 79, in serve
    await self._serve(sockets)
  File "/opt/automacoes/cliquedf/estoque/venv/lib/python3.12/site-packages/uvicorn/server.py", line 86, in _serve
    config.load()
  File "/opt/automacoes/cliquedf/estoque/venv/lib/python3.12/site-packages/uvicorn/config.py", line 449, in load
    self.loaded_app = import_from_string(self.app)
                      ^^^^^^^^^^^^^^^^^^^^^^^^^^^^
  File "/opt/automacoes/cliquedf/estoque/venv/lib/python3.12/site-packages/uvicorn/importer.py", line 22, in import_from_string
    raise exc from None
  File "/opt/automacoes/cliquedf/estoque/venv/lib/python3.12/site-packages/uvicorn/importer.py", line 19, in import_from_string
    module = importlib.import_module(module_str)
             ^^^^^^^^^^^^^^^^^^^^^^^^^^^^^^^^^^^
  File "/usr/lib/python3.12/importlib/__init__.py", line 90, in import_module
    return _bootstrap._gcd_import(name[level:], package, level)
           ^^^^^^^^^^^^^^^^^^^^^^^^^^^^^^^^^^^^^^^^^^^^^^^^^^^^
  File "<frozen importlib._bootstrap>", line 1387, in _gcd_import
  File "<frozen importlib._bootstrap>", line 1360, in _find_and_load
  File "<frozen importlib._bootstrap>", line 1331, in _find_and_load_unlocked
  File "<frozen importlib._bootstrap>", line 935, in _load_unlocked
  File "<frozen importlib._bootstrap_external>", line 995, in exec_module
  File "<frozen importlib._bootstrap>", line 488, in _call_with_frames_removed
  File "/opt/automacoes/cliquedf/estoque/main.py", line 16, in <module>
    from app.routes import auth, estoque, compras, admin as admin_router
  File "/opt/automacoes/cliquedf/estoque/app/routes/compras.py", line 108, in <module>
    import os, pymysql
ModuleNotFoundError: No module named 'pymysql'
Traceback (most recent call last):
  File "/opt/automacoes/cliquedf/estoque/venv/bin/uvicorn", line 6, in <module>
    sys.exit(main())
             ^^^^^^
  File "/opt/automacoes/cliquedf/estoque/venv/lib/python3.12/site-packages/click/core.py", line 1514, in __call__
    return self.main(*args, **kwargs)
           ^^^^^^^^^^^^^^^^^^^^^^^^^^
  File "/opt/automacoes/cliquedf/estoque/venv/lib/python3.12/site-packages/click/core.py", line 1435, in main
    rv = self.invoke(ctx)
         ^^^^^^^^^^^^^^^^
  File "/opt/automacoes/cliquedf/estoque/venv/lib/python3.12/site-packages/click/core.py", line 1298, in invoke
    return ctx.invoke(self.callback, **ctx.params)
           ^^^^^^^^^^^^^^^^^^^^^^^^^^^^^^^^^^^^^^^
  File "/opt/automacoes/cliquedf/estoque/venv/lib/python3.12/site-packages/click/core.py", line 853, in invoke
    return callback(*args, **kwargs)
           ^^^^^^^^^^^^^^^^^^^^^^^^^
  File "/opt/automacoes/cliquedf/estoque/venv/lib/python3.12/site-packages/uvicorn/main.py", line 441, in main
    run(
  File "/opt/automacoes/cliquedf/estoque/venv/lib/python3.12/site-packages/uvicorn/main.py", line 617, in run
    server.run()
  File "/opt/automacoes/cliquedf/estoque/venv/lib/python3.12/site-packages/uvicorn/server.py", line 75, in run
    return asyncio_run(self.serve(sockets=sockets), loop_factory=self.config.get_loop_factory())
           ^^^^^^^^^^^^^^^^^^^^^^^^^^^^^^^^^^^^^^^^^^^^^^^^^^^^^^^^^^^^^^^^^^^^^^^^^^^^^^^^^^^^^
  File "/usr/lib/python3.12/asyncio/runners.py", line 194, in run
    return runner.run(main)
           ^^^^^^^^^^^^^^^^
  File "/usr/lib/python3.12/asyncio/runners.py", line 118, in run
    return self._loop.run_until_complete(task)
           ^^^^^^^^^^^^^^^^^^^^^^^^^^^^^^^^^^^
  File "uvloop/loop.pyx", line 1518, in uvloop.loop.Loop.run_until_complete
  File "/opt/automacoes/cliquedf/estoque/venv/lib/python3.12/site-packages/uvicorn/server.py", line 79, in serve
    await self._serve(sockets)
  File "/opt/automacoes/cliquedf/estoque/venv/lib/python3.12/site-packages/uvicorn/server.py", line 86, in _serve
    config.load()
  File "/opt/automacoes/cliquedf/estoque/venv/lib/python3.12/site-packages/uvicorn/config.py", line 449, in load
    self.loaded_app = import_from_string(self.app)
                      ^^^^^^^^^^^^^^^^^^^^^^^^^^^^
  File "/opt/automacoes/cliquedf/estoque/venv/lib/python3.12/site-packages/uvicorn/importer.py", line 22, in import_from_string
    raise exc from None
  File "/opt/automacoes/cliquedf/estoque/venv/lib/python3.12/site-packages/uvicorn/importer.py", line 19, in import_from_string
    module = importlib.import_module(module_str)
             ^^^^^^^^^^^^^^^^^^^^^^^^^^^^^^^^^^^
  File "/usr/lib/python3.12/importlib/__init__.py", line 90, in import_module
    return _bootstrap._gcd_import(name[level:], package, level)
           ^^^^^^^^^^^^^^^^^^^^^^^^^^^^^^^^^^^^^^^^^^^^^^^^^^^^
  File "<frozen importlib._bootstrap>", line 1387, in _gcd_import
  File "<frozen importlib._bootstrap>", line 1360, in _find_and_load
  File "<frozen importlib._bootstrap>", line 1331, in _find_and_load_unlocked
  File "<frozen importlib._bootstrap>", line 935, in _load_unlocked
  File "<frozen importlib._bootstrap_external>", line 995, in exec_module
  File "<frozen importlib._bootstrap>", line 488, in _call_with_frames_removed
  File "/opt/automacoes/cliquedf/estoque/main.py", line 16, in <module>
    from app.routes import auth, estoque, compras, admin as admin_router
  File "/opt/automacoes/cliquedf/estoque/app/routes/compras.py", line 108, in <module>
    import os, pymysql
ModuleNotFoundError: No module named 'pymysql'
Traceback (most recent call last):
  File "/opt/automacoes/cliquedf/estoque/venv/bin/uvicorn", line 6, in <module>
    sys.exit(main())
             ^^^^^^
  File "/opt/automacoes/cliquedf/estoque/venv/lib/python3.12/site-packages/click/core.py", line 1514, in __call__
    return self.main(*args, **kwargs)
           ^^^^^^^^^^^^^^^^^^^^^^^^^^
  File "/opt/automacoes/cliquedf/estoque/venv/lib/python3.12/site-packages/click/core.py", line 1435, in main
    rv = self.invoke(ctx)
         ^^^^^^^^^^^^^^^^
  File "/opt/automacoes/cliquedf/estoque/venv/lib/python3.12/site-packages/click/core.py", line 1298, in invoke
    return ctx.invoke(self.callback, **ctx.params)
           ^^^^^^^^^^^^^^^^^^^^^^^^^^^^^^^^^^^^^^^
  File "/opt/automacoes/cliquedf/estoque/venv/lib/python3.12/site-packages/click/core.py", line 853, in invoke
    return callback(*args, **kwargs)
           ^^^^^^^^^^^^^^^^^^^^^^^^^
  File "/opt/automacoes/cliquedf/estoque/venv/lib/python3.12/site-packages/uvicorn/main.py", line 441, in main
    run(
  File "/opt/automacoes/cliquedf/estoque/venv/lib/python3.12/site-packages/uvicorn/main.py", line 617, in run
    server.run()
  File "/opt/automacoes/cliquedf/estoque/venv/lib/python3.12/site-packages/uvicorn/server.py", line 75, in run
    return asyncio_run(self.serve(sockets=sockets), loop_factory=self.config.get_loop_factory())
           ^^^^^^^^^^^^^^^^^^^^^^^^^^^^^^^^^^^^^^^^^^^^^^^^^^^^^^^^^^^^^^^^^^^^^^^^^^^^^^^^^^^^^
  File "/usr/lib/python3.12/asyncio/runners.py", line 194, in run
    return runner.run(main)
           ^^^^^^^^^^^^^^^^
  File "/usr/lib/python3.12/asyncio/runners.py", line 118, in run
    return self._loop.run_until_complete(task)
           ^^^^^^^^^^^^^^^^^^^^^^^^^^^^^^^^^^^
  File "uvloop/loop.pyx", line 1518, in uvloop.loop.Loop.run_until_complete
  File "/opt/automacoes/cliquedf/estoque/venv/lib/python3.12/site-packages/uvicorn/server.py", line 79, in serve
    await self._serve(sockets)
  File "/opt/automacoes/cliquedf/estoque/venv/lib/python3.12/site-packages/uvicorn/server.py", line 86, in _serve
    config.load()
  File "/opt/automacoes/cliquedf/estoque/venv/lib/python3.12/site-packages/uvicorn/config.py", line 449, in load
    self.loaded_app = import_from_string(self.app)
                      ^^^^^^^^^^^^^^^^^^^^^^^^^^^^
  File "/opt/automacoes/cliquedf/estoque/venv/lib/python3.12/site-packages/uvicorn/importer.py", line 19, in import_from_string
    module = importlib.import_module(module_str)
             ^^^^^^^^^^^^^^^^^^^^^^^^^^^^^^^^^^^
  File "/usr/lib/python3.12/importlib/__init__.py", line 90, in import_module
    return _bootstrap._gcd_import(name[level:], package, level)
           ^^^^^^^^^^^^^^^^^^^^^^^^^^^^^^^^^^^^^^^^^^^^^^^^^^^^
  File "<frozen importlib._bootstrap>", line 1387, in _gcd_import
  File "<frozen importlib._bootstrap>", line 1360, in _find_and_load
  File "<frozen importlib._bootstrap>", line 1331, in _find_and_load_unlocked
  File "<frozen importlib._bootstrap>", line 935, in _load_unlocked
  File "<frozen importlib._bootstrap_external>", line 995, in exec_module
  File "<frozen importlib._bootstrap>", line 488, in _call_with_frames_removed
  File "/opt/automacoes/cliquedf/estoque/main.py", line 16, in <module>
    from app.routes import auth, estoque, compras, admin as admin_router
  File "/opt/automacoes/cliquedf/estoque/app/routes/compras.py", line 146, in <module>
    class PedidoIXCBody(BaseModel):
  File "/opt/automacoes/cliquedf/estoque/app/routes/compras.py", line 150, in PedidoIXCBody
    obs: Optional[str] = ""
         ^^^^^^^^
NameError: name 'Optional' is not defined
Traceback (most recent call last):
  File "/opt/automacoes/cliquedf/estoque/venv/bin/uvicorn", line 6, in <module>
    sys.exit(main())
             ^^^^^^
  File "/opt/automacoes/cliquedf/estoque/venv/lib/python3.12/site-packages/click/core.py", line 1514, in __call__
    return self.main(*args, **kwargs)
           ^^^^^^^^^^^^^^^^^^^^^^^^^^
  File "/opt/automacoes/cliquedf/estoque/venv/lib/python3.12/site-packages/click/core.py", line 1435, in main
    rv = self.invoke(ctx)
         ^^^^^^^^^^^^^^^^
  File "/opt/automacoes/cliquedf/estoque/venv/lib/python3.12/site-packages/click/core.py", line 1298, in invoke
    return ctx.invoke(self.callback, **ctx.params)
           ^^^^^^^^^^^^^^^^^^^^^^^^^^^^^^^^^^^^^^^
  File "/opt/automacoes/cliquedf/estoque/venv/lib/python3.12/site-packages/click/core.py", line 853, in invoke
    return callback(*args, **kwargs)
           ^^^^^^^^^^^^^^^^^^^^^^^^^
  File "/opt/automacoes/cliquedf/estoque/venv/lib/python3.12/site-packages/uvicorn/main.py", line 441, in main
    run(
  File "/opt/automacoes/cliquedf/estoque/venv/lib/python3.12/site-packages/uvicorn/main.py", line 617, in run
    server.run()
  File "/opt/automacoes/cliquedf/estoque/venv/lib/python3.12/site-packages/uvicorn/server.py", line 75, in run
    return asyncio_run(self.serve(sockets=sockets), loop_factory=self.config.get_loop_factory())
           ^^^^^^^^^^^^^^^^^^^^^^^^^^^^^^^^^^^^^^^^^^^^^^^^^^^^^^^^^^^^^^^^^^^^^^^^^^^^^^^^^^^^^
  File "/usr/lib/python3.12/asyncio/runners.py", line 194, in run
    return runner.run(main)
           ^^^^^^^^^^^^^^^^
  File "/usr/lib/python3.12/asyncio/runners.py", line 118, in run
    return self._loop.run_until_complete(task)
           ^^^^^^^^^^^^^^^^^^^^^^^^^^^^^^^^^^^
  File "uvloop/loop.pyx", line 1518, in uvloop.loop.Loop.run_until_complete
  File "/opt/automacoes/cliquedf/estoque/venv/lib/python3.12/site-packages/uvicorn/server.py", line 79, in serve
    await self._serve(sockets)
  File "/opt/automacoes/cliquedf/estoque/venv/lib/python3.12/site-packages/uvicorn/server.py", line 86, in _serve
    config.load()
  File "/opt/automacoes/cliquedf/estoque/venv/lib/python3.12/site-packages/uvicorn/config.py", line 449, in load
    self.loaded_app = import_from_string(self.app)
                      ^^^^^^^^^^^^^^^^^^^^^^^^^^^^
  File "/opt/automacoes/cliquedf/estoque/venv/lib/python3.12/site-packages/uvicorn/importer.py", line 19, in import_from_string
    module = importlib.import_module(module_str)
             ^^^^^^^^^^^^^^^^^^^^^^^^^^^^^^^^^^^
  File "/usr/lib/python3.12/importlib/__init__.py", line 90, in import_module
    return _bootstrap._gcd_import(name[level:], package, level)
           ^^^^^^^^^^^^^^^^^^^^^^^^^^^^^^^^^^^^^^^^^^^^^^^^^^^^
  File "<frozen importlib._bootstrap>", line 1387, in _gcd_import
  File "<frozen importlib._bootstrap>", line 1360, in _find_and_load
  File "<frozen importlib._bootstrap>", line 1331, in _find_and_load_unlocked
  File "<frozen importlib._bootstrap>", line 935, in _load_unlocked
  File "<frozen importlib._bootstrap_external>", line 995, in exec_module
  File "<frozen importlib._bootstrap>", line 488, in _call_with_frames_removed
  File "/opt/automacoes/cliquedf/estoque/main.py", line 16, in <module>
    from app.routes import auth, estoque, compras, admin as admin_router
  File "/opt/automacoes/cliquedf/estoque/app/routes/compras.py", line 146, in <module>
    class PedidoIXCBody(BaseModel):
  File "/opt/automacoes/cliquedf/estoque/app/routes/compras.py", line 150, in PedidoIXCBody
    obs: Optional[str] = ""
         ^^^^^^^^
NameError: name 'Optional' is not defined
Traceback (most recent call last):
  File "/opt/automacoes/cliquedf/estoque/venv/bin/uvicorn", line 6, in <module>
    sys.exit(main())
             ^^^^^^
  File "/opt/automacoes/cliquedf/estoque/venv/lib/python3.12/site-packages/click/core.py", line 1514, in __call__
    return self.main(*args, **kwargs)
           ^^^^^^^^^^^^^^^^^^^^^^^^^^
  File "/opt/automacoes/cliquedf/estoque/venv/lib/python3.12/site-packages/click/core.py", line 1435, in main
    rv = self.invoke(ctx)
         ^^^^^^^^^^^^^^^^
  File "/opt/automacoes/cliquedf/estoque/venv/lib/python3.12/site-packages/click/core.py", line 1298, in invoke
    return ctx.invoke(self.callback, **ctx.params)
           ^^^^^^^^^^^^^^^^^^^^^^^^^^^^^^^^^^^^^^^
  File "/opt/automacoes/cliquedf/estoque/venv/lib/python3.12/site-packages/click/core.py", line 853, in invoke
    return callback(*args, **kwargs)
           ^^^^^^^^^^^^^^^^^^^^^^^^^
  File "/opt/automacoes/cliquedf/estoque/venv/lib/python3.12/site-packages/uvicorn/main.py", line 441, in main
    run(
  File "/opt/automacoes/cliquedf/estoque/venv/lib/python3.12/site-packages/uvicorn/main.py", line 617, in run
    server.run()
  File "/opt/automacoes/cliquedf/estoque/venv/lib/python3.12/site-packages/uvicorn/server.py", line 75, in run
    return asyncio_run(self.serve(sockets=sockets), loop_factory=self.config.get_loop_factory())
           ^^^^^^^^^^^^^^^^^^^^^^^^^^^^^^^^^^^^^^^^^^^^^^^^^^^^^^^^^^^^^^^^^^^^^^^^^^^^^^^^^^^^^
  File "/usr/lib/python3.12/asyncio/runners.py", line 194, in run
    return runner.run(main)
           ^^^^^^^^^^^^^^^^
  File "/usr/lib/python3.12/asyncio/runners.py", line 118, in run
    return self._loop.run_until_complete(task)
           ^^^^^^^^^^^^^^^^^^^^^^^^^^^^^^^^^^^
  File "uvloop/loop.pyx", line 1518, in uvloop.loop.Loop.run_until_complete
  File "/opt/automacoes/cliquedf/estoque/venv/lib/python3.12/site-packages/uvicorn/server.py", line 79, in serve
    await self._serve(sockets)
  File "/opt/automacoes/cliquedf/estoque/venv/lib/python3.12/site-packages/uvicorn/server.py", line 86, in _serve
    config.load()
  File "/opt/automacoes/cliquedf/estoque/venv/lib/python3.12/site-packages/uvicorn/config.py", line 449, in load
    self.loaded_app = import_from_string(self.app)
                      ^^^^^^^^^^^^^^^^^^^^^^^^^^^^
  File "/opt/automacoes/cliquedf/estoque/venv/lib/python3.12/site-packages/uvicorn/importer.py", line 19, in import_from_string
    module = importlib.import_module(module_str)
             ^^^^^^^^^^^^^^^^^^^^^^^^^^^^^^^^^^^
  File "/usr/lib/python3.12/importlib/__init__.py", line 90, in import_module
    return _bootstrap._gcd_import(name[level:], package, level)
           ^^^^^^^^^^^^^^^^^^^^^^^^^^^^^^^^^^^^^^^^^^^^^^^^^^^^
  File "<frozen importlib._bootstrap>", line 1387, in _gcd_import
  File "<frozen importlib._bootstrap>", line 1360, in _find_and_load
  File "<frozen importlib._bootstrap>", line 1331, in _find_and_load_unlocked
  File "<frozen importlib._bootstrap>", line 935, in _load_unlocked
  File "<frozen importlib._bootstrap_external>", line 995, in exec_module
  File "<frozen importlib._bootstrap>", line 488, in _call_with_frames_removed
  File "/opt/automacoes/cliquedf/estoque/main.py", line 16, in <module>
    from app.routes import auth, estoque, compras, admin as admin_router
  File "/opt/automacoes/cliquedf/estoque/app/routes/compras.py", line 146, in <module>
    class PedidoIXCBody(BaseModel):
  File "/opt/automacoes/cliquedf/estoque/app/routes/compras.py", line 150, in PedidoIXCBody
    obs: Optional[str] = ""
         ^^^^^^^^
NameError: name 'Optional' is not defined
Traceback (most recent call last):
  File "/opt/automacoes/cliquedf/estoque/venv/bin/uvicorn", line 6, in <module>
    sys.exit(main())
             ^^^^^^
  File "/opt/automacoes/cliquedf/estoque/venv/lib/python3.12/site-packages/click/core.py", line 1514, in __call__
    return self.main(*args, **kwargs)
           ^^^^^^^^^^^^^^^^^^^^^^^^^^
  File "/opt/automacoes/cliquedf/estoque/venv/lib/python3.12/site-packages/click/core.py", line 1435, in main
    rv = self.invoke(ctx)
         ^^^^^^^^^^^^^^^^
  File "/opt/automacoes/cliquedf/estoque/venv/lib/python3.12/site-packages/click/core.py", line 1298, in invoke
    return ctx.invoke(self.callback, **ctx.params)
           ^^^^^^^^^^^^^^^^^^^^^^^^^^^^^^^^^^^^^^^
  File "/opt/automacoes/cliquedf/estoque/venv/lib/python3.12/site-packages/click/core.py", line 853, in invoke
    return callback(*args, **kwargs)
           ^^^^^^^^^^^^^^^^^^^^^^^^^
  File "/opt/automacoes/cliquedf/estoque/venv/lib/python3.12/site-packages/uvicorn/main.py", line 441, in main
    run(
  File "/opt/automacoes/cliquedf/estoque/venv/lib/python3.12/site-packages/uvicorn/main.py", line 617, in run
    server.run()
  File "/opt/automacoes/cliquedf/estoque/venv/lib/python3.12/site-packages/uvicorn/server.py", line 75, in run
    return asyncio_run(self.serve(sockets=sockets), loop_factory=self.config.get_loop_factory())
           ^^^^^^^^^^^^^^^^^^^^^^^^^^^^^^^^^^^^^^^^^^^^^^^^^^^^^^^^^^^^^^^^^^^^^^^^^^^^^^^^^^^^^
  File "/usr/lib/python3.12/asyncio/runners.py", line 194, in run
    return runner.run(main)
           ^^^^^^^^^^^^^^^^
  File "/usr/lib/python3.12/asyncio/runners.py", line 118, in run
    return self._loop.run_until_complete(task)
           ^^^^^^^^^^^^^^^^^^^^^^^^^^^^^^^^^^^
  File "uvloop/loop.pyx", line 1518, in uvloop.loop.Loop.run_until_complete
  File "/opt/automacoes/cliquedf/estoque/venv/lib/python3.12/site-packages/uvicorn/server.py", line 79, in serve
    await self._serve(sockets)
  File "/opt/automacoes/cliquedf/estoque/venv/lib/python3.12/site-packages/uvicorn/server.py", line 86, in _serve
    config.load()
  File "/opt/automacoes/cliquedf/estoque/venv/lib/python3.12/site-packages/uvicorn/config.py", line 449, in load
    self.loaded_app = import_from_string(self.app)
                      ^^^^^^^^^^^^^^^^^^^^^^^^^^^^
  File "/opt/automacoes/cliquedf/estoque/venv/lib/python3.12/site-packages/uvicorn/importer.py", line 19, in import_from_string
    module = importlib.import_module(module_str)
             ^^^^^^^^^^^^^^^^^^^^^^^^^^^^^^^^^^^
  File "/usr/lib/python3.12/importlib/__init__.py", line 90, in import_module
    return _bootstrap._gcd_import(name[level:], package, level)
           ^^^^^^^^^^^^^^^^^^^^^^^^^^^^^^^^^^^^^^^^^^^^^^^^^^^^
  File "<frozen importlib._bootstrap>", line 1387, in _gcd_import
  File "<frozen importlib._bootstrap>", line 1360, in _find_and_load
  File "<frozen importlib._bootstrap>", line 1331, in _find_and_load_unlocked
  File "<frozen importlib._bootstrap>", line 935, in _load_unlocked
  File "<frozen importlib._bootstrap_external>", line 995, in exec_module
  File "<frozen importlib._bootstrap>", line 488, in _call_with_frames_removed
  File "/opt/automacoes/cliquedf/estoque/main.py", line 16, in <module>
    from app.routes import auth, estoque, compras, admin as admin_router
  File "/opt/automacoes/cliquedf/estoque/app/routes/compras.py", line 146, in <module>
    class PedidoIXCBody(BaseModel):
  File "/opt/automacoes/cliquedf/estoque/app/routes/compras.py", line 150, in PedidoIXCBody
    obs: Optional[str] = ""
         ^^^^^^^^
NameError: name 'Optional' is not defined
Traceback (most recent call last):
  File "/opt/automacoes/cliquedf/estoque/venv/bin/uvicorn", line 6, in <module>
    sys.exit(main())
             ^^^^^^
  File "/opt/automacoes/cliquedf/estoque/venv/lib/python3.12/site-packages/click/core.py", line 1514, in __call__
    return self.main(*args, **kwargs)
           ^^^^^^^^^^^^^^^^^^^^^^^^^^
  File "/opt/automacoes/cliquedf/estoque/venv/lib/python3.12/site-packages/click/core.py", line 1435, in main
    rv = self.invoke(ctx)
         ^^^^^^^^^^^^^^^^
  File "/opt/automacoes/cliquedf/estoque/venv/lib/python3.12/site-packages/click/core.py", line 1298, in invoke
    return ctx.invoke(self.callback, **ctx.params)
           ^^^^^^^^^^^^^^^^^^^^^^^^^^^^^^^^^^^^^^^
  File "/opt/automacoes/cliquedf/estoque/venv/lib/python3.12/site-packages/click/core.py", line 853, in invoke
    return callback(*args, **kwargs)
           ^^^^^^^^^^^^^^^^^^^^^^^^^
  File "/opt/automacoes/cliquedf/estoque/venv/lib/python3.12/site-packages/uvicorn/main.py", line 441, in main
    run(
  File "/opt/automacoes/cliquedf/estoque/venv/lib/python3.12/site-packages/uvicorn/main.py", line 617, in run
    server.run()
  File "/opt/automacoes/cliquedf/estoque/venv/lib/python3.12/site-packages/uvicorn/server.py", line 75, in run
    return asyncio_run(self.serve(sockets=sockets), loop_factory=self.config.get_loop_factory())
           ^^^^^^^^^^^^^^^^^^^^^^^^^^^^^^^^^^^^^^^^^^^^^^^^^^^^^^^^^^^^^^^^^^^^^^^^^^^^^^^^^^^^^
  File "/usr/lib/python3.12/asyncio/runners.py", line 194, in run
    return runner.run(main)
           ^^^^^^^^^^^^^^^^
  File "/usr/lib/python3.12/asyncio/runners.py", line 118, in run
    return self._loop.run_until_complete(task)
           ^^^^^^^^^^^^^^^^^^^^^^^^^^^^^^^^^^^
  File "uvloop/loop.pyx", line 1518, in uvloop.loop.Loop.run_until_complete
  File "/opt/automacoes/cliquedf/estoque/venv/lib/python3.12/site-packages/uvicorn/server.py", line 79, in serve
    await self._serve(sockets)
  File "/opt/automacoes/cliquedf/estoque/venv/lib/python3.12/site-packages/uvicorn/server.py", line 86, in _serve
    config.load()
  File "/opt/automacoes/cliquedf/estoque/venv/lib/python3.12/site-packages/uvicorn/config.py", line 449, in load
    self.loaded_app = import_from_string(self.app)
                      ^^^^^^^^^^^^^^^^^^^^^^^^^^^^
  File "/opt/automacoes/cliquedf/estoque/venv/lib/python3.12/site-packages/uvicorn/importer.py", line 19, in import_from_string
    module = importlib.import_module(module_str)
             ^^^^^^^^^^^^^^^^^^^^^^^^^^^^^^^^^^^
  File "/usr/lib/python3.12/importlib/__init__.py", line 90, in import_module
    return _bootstrap._gcd_import(name[level:], package, level)
           ^^^^^^^^^^^^^^^^^^^^^^^^^^^^^^^^^^^^^^^^^^^^^^^^^^^^
  File "<frozen importlib._bootstrap>", line 1387, in _gcd_import
  File "<frozen importlib._bootstrap>", line 1360, in _find_and_load
  File "<frozen importlib._bootstrap>", line 1331, in _find_and_load_unlocked
  File "<frozen importlib._bootstrap>", line 935, in _load_unlocked
  File "<frozen importlib._bootstrap_external>", line 995, in exec_module
  File "<frozen importlib._bootstrap>", line 488, in _call_with_frames_removed
  File "/opt/automacoes/cliquedf/estoque/main.py", line 16, in <module>
    from app.routes import auth, estoque, compras, admin as admin_router
  File "/opt/automacoes/cliquedf/estoque/app/routes/compras.py", line 146, in <module>
    class PedidoIXCBody(BaseModel):
  File "/opt/automacoes/cliquedf/estoque/app/routes/compras.py", line 150, in PedidoIXCBody
    obs: Optional[str] = ""
         ^^^^^^^^
NameError: name 'Optional' is not defined
Traceback (most recent call last):
  File "/opt/automacoes/cliquedf/estoque/venv/bin/uvicorn", line 6, in <module>
    sys.exit(main())
             ^^^^^^
  File "/opt/automacoes/cliquedf/estoque/venv/lib/python3.12/site-packages/click/core.py", line 1514, in __call__
    return self.main(*args, **kwargs)
           ^^^^^^^^^^^^^^^^^^^^^^^^^^
  File "/opt/automacoes/cliquedf/estoque/venv/lib/python3.12/site-packages/click/core.py", line 1435, in main
    rv = self.invoke(ctx)
         ^^^^^^^^^^^^^^^^
  File "/opt/automacoes/cliquedf/estoque/venv/lib/python3.12/site-packages/click/core.py", line 1298, in invoke
    return ctx.invoke(self.callback, **ctx.params)
           ^^^^^^^^^^^^^^^^^^^^^^^^^^^^^^^^^^^^^^^
  File "/opt/automacoes/cliquedf/estoque/venv/lib/python3.12/site-packages/click/core.py", line 853, in invoke
    return callback(*args, **kwargs)
           ^^^^^^^^^^^^^^^^^^^^^^^^^
  File "/opt/automacoes/cliquedf/estoque/venv/lib/python3.12/site-packages/uvicorn/main.py", line 441, in main
    run(
  File "/opt/automacoes/cliquedf/estoque/venv/lib/python3.12/site-packages/uvicorn/main.py", line 617, in run
    server.run()
  File "/opt/automacoes/cliquedf/estoque/venv/lib/python3.12/site-packages/uvicorn/server.py", line 75, in run
    return asyncio_run(self.serve(sockets=sockets), loop_factory=self.config.get_loop_factory())
           ^^^^^^^^^^^^^^^^^^^^^^^^^^^^^^^^^^^^^^^^^^^^^^^^^^^^^^^^^^^^^^^^^^^^^^^^^^^^^^^^^^^^^
  File "/usr/lib/python3.12/asyncio/runners.py", line 194, in run
    return runner.run(main)
           ^^^^^^^^^^^^^^^^
  File "/usr/lib/python3.12/asyncio/runners.py", line 118, in run
    return self._loop.run_until_complete(task)
           ^^^^^^^^^^^^^^^^^^^^^^^^^^^^^^^^^^^
  File "uvloop/loop.pyx", line 1518, in uvloop.loop.Loop.run_until_complete
  File "/opt/automacoes/cliquedf/estoque/venv/lib/python3.12/site-packages/uvicorn/server.py", line 79, in serve
    await self._serve(sockets)
  File "/opt/automacoes/cliquedf/estoque/venv/lib/python3.12/site-packages/uvicorn/server.py", line 86, in _serve
    config.load()
  File "/opt/automacoes/cliquedf/estoque/venv/lib/python3.12/site-packages/uvicorn/config.py", line 449, in load
    self.loaded_app = import_from_string(self.app)
                      ^^^^^^^^^^^^^^^^^^^^^^^^^^^^
  File "/opt/automacoes/cliquedf/estoque/venv/lib/python3.12/site-packages/uvicorn/importer.py", line 19, in import_from_string
    module = importlib.import_module(module_str)
             ^^^^^^^^^^^^^^^^^^^^^^^^^^^^^^^^^^^
  File "/usr/lib/python3.12/importlib/__init__.py", line 90, in import_module
    return _bootstrap._gcd_import(name[level:], package, level)
           ^^^^^^^^^^^^^^^^^^^^^^^^^^^^^^^^^^^^^^^^^^^^^^^^^^^^
  File "<frozen importlib._bootstrap>", line 1387, in _gcd_import
  File "<frozen importlib._bootstrap>", line 1360, in _find_and_load
  File "<frozen importlib._bootstrap>", line 1331, in _find_and_load_unlocked
  File "<frozen importlib._bootstrap>", line 935, in _load_unlocked
  File "<frozen importlib._bootstrap_external>", line 995, in exec_module
  File "<frozen importlib._bootstrap>", line 488, in _call_with_frames_removed
  File "/opt/automacoes/cliquedf/estoque/main.py", line 16, in <module>
    from app.routes import auth, estoque, compras, admin as admin_router
  File "/opt/automacoes/cliquedf/estoque/app/routes/compras.py", line 146, in <module>
    class PedidoIXCBody(BaseModel):
  File "/opt/automacoes/cliquedf/estoque/app/routes/compras.py", line 150, in PedidoIXCBody
    obs: Optional[str] = ""
         ^^^^^^^^
NameError: name 'Optional' is not defined
Traceback (most recent call last):
  File "/opt/automacoes/cliquedf/estoque/venv/bin/uvicorn", line 6, in <module>
    sys.exit(main())
             ^^^^^^
  File "/opt/automacoes/cliquedf/estoque/venv/lib/python3.12/site-packages/click/core.py", line 1514, in __call__
    return self.main(*args, **kwargs)
           ^^^^^^^^^^^^^^^^^^^^^^^^^^
  File "/opt/automacoes/cliquedf/estoque/venv/lib/python3.12/site-packages/click/core.py", line 1435, in main
    rv = self.invoke(ctx)
         ^^^^^^^^^^^^^^^^
  File "/opt/automacoes/cliquedf/estoque/venv/lib/python3.12/site-packages/click/core.py", line 1298, in invoke
    return ctx.invoke(self.callback, **ctx.params)
           ^^^^^^^^^^^^^^^^^^^^^^^^^^^^^^^^^^^^^^^
  File "/opt/automacoes/cliquedf/estoque/venv/lib/python3.12/site-packages/click/core.py", line 853, in invoke
    return callback(*args, **kwargs)
           ^^^^^^^^^^^^^^^^^^^^^^^^^
  File "/opt/automacoes/cliquedf/estoque/venv/lib/python3.12/site-packages/uvicorn/main.py", line 441, in main
    run(
  File "/opt/automacoes/cliquedf/estoque/venv/lib/python3.12/site-packages/uvicorn/main.py", line 617, in run
    server.run()
  File "/opt/automacoes/cliquedf/estoque/venv/lib/python3.12/site-packages/uvicorn/server.py", line 75, in run
    return asyncio_run(self.serve(sockets=sockets), loop_factory=self.config.get_loop_factory())
           ^^^^^^^^^^^^^^^^^^^^^^^^^^^^^^^^^^^^^^^^^^^^^^^^^^^^^^^^^^^^^^^^^^^^^^^^^^^^^^^^^^^^^
  File "/usr/lib/python3.12/asyncio/runners.py", line 194, in run
    return runner.run(main)
           ^^^^^^^^^^^^^^^^
  File "/usr/lib/python3.12/asyncio/runners.py", line 118, in run
    return self._loop.run_until_complete(task)
           ^^^^^^^^^^^^^^^^^^^^^^^^^^^^^^^^^^^
  File "uvloop/loop.pyx", line 1518, in uvloop.loop.Loop.run_until_complete
  File "/opt/automacoes/cliquedf/estoque/venv/lib/python3.12/site-packages/uvicorn/server.py", line 79, in serve
    await self._serve(sockets)
  File "/opt/automacoes/cliquedf/estoque/venv/lib/python3.12/site-packages/uvicorn/server.py", line 86, in _serve
    config.load()
  File "/opt/automacoes/cliquedf/estoque/venv/lib/python3.12/site-packages/uvicorn/config.py", line 449, in load
    self.loaded_app = import_from_string(self.app)
                      ^^^^^^^^^^^^^^^^^^^^^^^^^^^^
  File "/opt/automacoes/cliquedf/estoque/venv/lib/python3.12/site-packages/uvicorn/importer.py", line 19, in import_from_string
    module = importlib.import_module(module_str)
             ^^^^^^^^^^^^^^^^^^^^^^^^^^^^^^^^^^^
  File "/usr/lib/python3.12/importlib/__init__.py", line 90, in import_module
    return _bootstrap._gcd_import(name[level:], package, level)
           ^^^^^^^^^^^^^^^^^^^^^^^^^^^^^^^^^^^^^^^^^^^^^^^^^^^^
  File "<frozen importlib._bootstrap>", line 1387, in _gcd_import
  File "<frozen importlib._bootstrap>", line 1360, in _find_and_load
  File "<frozen importlib._bootstrap>", line 1331, in _find_and_load_unlocked
  File "<frozen importlib._bootstrap>", line 935, in _load_unlocked
  File "<frozen importlib._bootstrap_external>", line 995, in exec_module
  File "<frozen importlib._bootstrap>", line 488, in _call_with_frames_removed
  File "/opt/automacoes/cliquedf/estoque/main.py", line 16, in <module>
    from app.routes import auth, estoque, compras, admin as admin_router
  File "/opt/automacoes/cliquedf/estoque/app/routes/compras.py", line 146, in <module>
    class PedidoIXCBody(BaseModel):
  File "/opt/automacoes/cliquedf/estoque/app/routes/compras.py", line 150, in PedidoIXCBody
    obs: Optional[str] = ""
         ^^^^^^^^
NameError: name 'Optional' is not defined
Traceback (most recent call last):
  File "/opt/automacoes/cliquedf/estoque/venv/bin/uvicorn", line 6, in <module>
    sys.exit(main())
             ^^^^^^
  File "/opt/automacoes/cliquedf/estoque/venv/lib/python3.12/site-packages/click/core.py", line 1514, in __call__
    return self.main(*args, **kwargs)
           ^^^^^^^^^^^^^^^^^^^^^^^^^^
  File "/opt/automacoes/cliquedf/estoque/venv/lib/python3.12/site-packages/click/core.py", line 1435, in main
    rv = self.invoke(ctx)
         ^^^^^^^^^^^^^^^^
  File "/opt/automacoes/cliquedf/estoque/venv/lib/python3.12/site-packages/click/core.py", line 1298, in invoke
    return ctx.invoke(self.callback, **ctx.params)
           ^^^^^^^^^^^^^^^^^^^^^^^^^^^^^^^^^^^^^^^
  File "/opt/automacoes/cliquedf/estoque/venv/lib/python3.12/site-packages/click/core.py", line 853, in invoke
    return callback(*args, **kwargs)
           ^^^^^^^^^^^^^^^^^^^^^^^^^
  File "/opt/automacoes/cliquedf/estoque/venv/lib/python3.12/site-packages/uvicorn/main.py", line 441, in main
    run(
  File "/opt/automacoes/cliquedf/estoque/venv/lib/python3.12/site-packages/uvicorn/main.py", line 617, in run
    server.run()
  File "/opt/automacoes/cliquedf/estoque/venv/lib/python3.12/site-packages/uvicorn/server.py", line 75, in run
    return asyncio_run(self.serve(sockets=sockets), loop_factory=self.config.get_loop_factory())
           ^^^^^^^^^^^^^^^^^^^^^^^^^^^^^^^^^^^^^^^^^^^^^^^^^^^^^^^^^^^^^^^^^^^^^^^^^^^^^^^^^^^^^
  File "/usr/lib/python3.12/asyncio/runners.py", line 194, in run
    return runner.run(main)
           ^^^^^^^^^^^^^^^^
  File "/usr/lib/python3.12/asyncio/runners.py", line 118, in run
    return self._loop.run_until_complete(task)
           ^^^^^^^^^^^^^^^^^^^^^^^^^^^^^^^^^^^
  File "uvloop/loop.pyx", line 1518, in uvloop.loop.Loop.run_until_complete
  File "/opt/automacoes/cliquedf/estoque/venv/lib/python3.12/site-packages/uvicorn/server.py", line 79, in serve
    await self._serve(sockets)
  File "/opt/automacoes/cliquedf/estoque/venv/lib/python3.12/site-packages/uvicorn/server.py", line 86, in _serve
    config.load()
  File "/opt/automacoes/cliquedf/estoque/venv/lib/python3.12/site-packages/uvicorn/config.py", line 449, in load
    self.loaded_app = import_from_string(self.app)
                      ^^^^^^^^^^^^^^^^^^^^^^^^^^^^
  File "/opt/automacoes/cliquedf/estoque/venv/lib/python3.12/site-packages/uvicorn/importer.py", line 19, in import_from_string
    module = importlib.import_module(module_str)
             ^^^^^^^^^^^^^^^^^^^^^^^^^^^^^^^^^^^
  File "/usr/lib/python3.12/importlib/__init__.py", line 90, in import_module
    return _bootstrap._gcd_import(name[level:], package, level)
           ^^^^^^^^^^^^^^^^^^^^^^^^^^^^^^^^^^^^^^^^^^^^^^^^^^^^
  File "<frozen importlib._bootstrap>", line 1387, in _gcd_import
  File "<frozen importlib._bootstrap>", line 1360, in _find_and_load
  File "<frozen importlib._bootstrap>", line 1331, in _find_and_load_unlocked
  File "<frozen importlib._bootstrap>", line 935, in _load_unlocked
  File "<frozen importlib._bootstrap_external>", line 995, in exec_module
  File "<frozen importlib._bootstrap>", line 488, in _call_with_frames_removed
  File "/opt/automacoes/cliquedf/estoque/main.py", line 16, in <module>
    from app.routes import auth, estoque, compras, admin as admin_router
  File "/opt/automacoes/cliquedf/estoque/app/routes/compras.py", line 146, in <module>
    class PedidoIXCBody(BaseModel):
  File "/opt/automacoes/cliquedf/estoque/app/routes/compras.py", line 150, in PedidoIXCBody
    obs: Optional[str] = ""
         ^^^^^^^^
NameError: name 'Optional' is not defined
Traceback (most recent call last):
  File "/opt/automacoes/cliquedf/estoque/venv/bin/uvicorn", line 6, in <module>
    sys.exit(main())
             ^^^^^^
  File "/opt/automacoes/cliquedf/estoque/venv/lib/python3.12/site-packages/click/core.py", line 1514, in __call__
    return self.main(*args, **kwargs)
           ^^^^^^^^^^^^^^^^^^^^^^^^^^
  File "/opt/automacoes/cliquedf/estoque/venv/lib/python3.12/site-packages/click/core.py", line 1435, in main
    rv = self.invoke(ctx)
         ^^^^^^^^^^^^^^^^
  File "/opt/automacoes/cliquedf/estoque/venv/lib/python3.12/site-packages/click/core.py", line 1298, in invoke
    return ctx.invoke(self.callback, **ctx.params)
           ^^^^^^^^^^^^^^^^^^^^^^^^^^^^^^^^^^^^^^^
  File "/opt/automacoes/cliquedf/estoque/venv/lib/python3.12/site-packages/click/core.py", line 853, in invoke
    return callback(*args, **kwargs)
           ^^^^^^^^^^^^^^^^^^^^^^^^^
  File "/opt/automacoes/cliquedf/estoque/venv/lib/python3.12/site-packages/uvicorn/main.py", line 441, in main
    run(
  File "/opt/automacoes/cliquedf/estoque/venv/lib/python3.12/site-packages/uvicorn/main.py", line 617, in run
    server.run()
  File "/opt/automacoes/cliquedf/estoque/venv/lib/python3.12/site-packages/uvicorn/server.py", line 75, in run
    return asyncio_run(self.serve(sockets=sockets), loop_factory=self.config.get_loop_factory())
           ^^^^^^^^^^^^^^^^^^^^^^^^^^^^^^^^^^^^^^^^^^^^^^^^^^^^^^^^^^^^^^^^^^^^^^^^^^^^^^^^^^^^^
  File "/usr/lib/python3.12/asyncio/runners.py", line 194, in run
    return runner.run(main)
           ^^^^^^^^^^^^^^^^
  File "/usr/lib/python3.12/asyncio/runners.py", line 118, in run
    return self._loop.run_until_complete(task)
           ^^^^^^^^^^^^^^^^^^^^^^^^^^^^^^^^^^^
  File "uvloop/loop.pyx", line 1518, in uvloop.loop.Loop.run_until_complete
  File "/opt/automacoes/cliquedf/estoque/venv/lib/python3.12/site-packages/uvicorn/server.py", line 79, in serve
    await self._serve(sockets)
  File "/opt/automacoes/cliquedf/estoque/venv/lib/python3.12/site-packages/uvicorn/server.py", line 86, in _serve
    config.load()
  File "/opt/automacoes/cliquedf/estoque/venv/lib/python3.12/site-packages/uvicorn/config.py", line 449, in load
    self.loaded_app = import_from_string(self.app)
                      ^^^^^^^^^^^^^^^^^^^^^^^^^^^^
  File "/opt/automacoes/cliquedf/estoque/venv/lib/python3.12/site-packages/uvicorn/importer.py", line 19, in import_from_string
    module = importlib.import_module(module_str)
             ^^^^^^^^^^^^^^^^^^^^^^^^^^^^^^^^^^^
  File "/usr/lib/python3.12/importlib/__init__.py", line 90, in import_module
    return _bootstrap._gcd_import(name[level:], package, level)
           ^^^^^^^^^^^^^^^^^^^^^^^^^^^^^^^^^^^^^^^^^^^^^^^^^^^^
  File "<frozen importlib._bootstrap>", line 1387, in _gcd_import
  File "<frozen importlib._bootstrap>", line 1360, in _find_and_load
  File "<frozen importlib._bootstrap>", line 1331, in _find_and_load_unlocked
  File "<frozen importlib._bootstrap>", line 935, in _load_unlocked
  File "<frozen importlib._bootstrap_external>", line 995, in exec_module
  File "<frozen importlib._bootstrap>", line 488, in _call_with_frames_removed
  File "/opt/automacoes/cliquedf/estoque/main.py", line 16, in <module>
    from app.routes import auth, estoque, compras, admin as admin_router
  File "/opt/automacoes/cliquedf/estoque/app/routes/compras.py", line 146, in <module>
    class PedidoIXCBody(BaseModel):
  File "/opt/automacoes/cliquedf/estoque/app/routes/compras.py", line 150, in PedidoIXCBody
    obs: Optional[str] = ""
         ^^^^^^^^
NameError: name 'Optional' is not defined
Traceback (most recent call last):
  File "/opt/automacoes/cliquedf/estoque/venv/bin/uvicorn", line 6, in <module>
    sys.exit(main())
             ^^^^^^
  File "/opt/automacoes/cliquedf/estoque/venv/lib/python3.12/site-packages/click/core.py", line 1514, in __call__
    return self.main(*args, **kwargs)
           ^^^^^^^^^^^^^^^^^^^^^^^^^^
  File "/opt/automacoes/cliquedf/estoque/venv/lib/python3.12/site-packages/click/core.py", line 1435, in main
    rv = self.invoke(ctx)
         ^^^^^^^^^^^^^^^^
  File "/opt/automacoes/cliquedf/estoque/venv/lib/python3.12/site-packages/click/core.py", line 1298, in invoke
    return ctx.invoke(self.callback, **ctx.params)
           ^^^^^^^^^^^^^^^^^^^^^^^^^^^^^^^^^^^^^^^
  File "/opt/automacoes/cliquedf/estoque/venv/lib/python3.12/site-packages/click/core.py", line 853, in invoke
    return callback(*args, **kwargs)
           ^^^^^^^^^^^^^^^^^^^^^^^^^
  File "/opt/automacoes/cliquedf/estoque/venv/lib/python3.12/site-packages/uvicorn/main.py", line 441, in main
    run(
  File "/opt/automacoes/cliquedf/estoque/venv/lib/python3.12/site-packages/uvicorn/main.py", line 617, in run
    server.run()
  File "/opt/automacoes/cliquedf/estoque/venv/lib/python3.12/site-packages/uvicorn/server.py", line 75, in run
    return asyncio_run(self.serve(sockets=sockets), loop_factory=self.config.get_loop_factory())
           ^^^^^^^^^^^^^^^^^^^^^^^^^^^^^^^^^^^^^^^^^^^^^^^^^^^^^^^^^^^^^^^^^^^^^^^^^^^^^^^^^^^^^
  File "/usr/lib/python3.12/asyncio/runners.py", line 194, in run
    return runner.run(main)
           ^^^^^^^^^^^^^^^^
  File "/usr/lib/python3.12/asyncio/runners.py", line 118, in run
    return self._loop.run_until_complete(task)
           ^^^^^^^^^^^^^^^^^^^^^^^^^^^^^^^^^^^
  File "uvloop/loop.pyx", line 1518, in uvloop.loop.Loop.run_until_complete
  File "/opt/automacoes/cliquedf/estoque/venv/lib/python3.12/site-packages/uvicorn/server.py", line 79, in serve
    await self._serve(sockets)
  File "/opt/automacoes/cliquedf/estoque/venv/lib/python3.12/site-packages/uvicorn/server.py", line 86, in _serve
    config.load()
  File "/opt/automacoes/cliquedf/estoque/venv/lib/python3.12/site-packages/uvicorn/config.py", line 449, in load
    self.loaded_app = import_from_string(self.app)
                      ^^^^^^^^^^^^^^^^^^^^^^^^^^^^
  File "/opt/automacoes/cliquedf/estoque/venv/lib/python3.12/site-packages/uvicorn/importer.py", line 19, in import_from_string
    module = importlib.import_module(module_str)
             ^^^^^^^^^^^^^^^^^^^^^^^^^^^^^^^^^^^
  File "/usr/lib/python3.12/importlib/__init__.py", line 90, in import_module
    return _bootstrap._gcd_import(name[level:], package, level)
           ^^^^^^^^^^^^^^^^^^^^^^^^^^^^^^^^^^^^^^^^^^^^^^^^^^^^
  File "<frozen importlib._bootstrap>", line 1387, in _gcd_import
  File "<frozen importlib._bootstrap>", line 1360, in _find_and_load
  File "<frozen importlib._bootstrap>", line 1331, in _find_and_load_unlocked
  File "<frozen importlib._bootstrap>", line 935, in _load_unlocked
  File "<frozen importlib._bootstrap_external>", line 995, in exec_module
  File "<frozen importlib._bootstrap>", line 488, in _call_with_frames_removed
  File "/opt/automacoes/cliquedf/estoque/main.py", line 16, in <module>
    from app.routes import auth, estoque, compras, admin as admin_router
  File "/opt/automacoes/cliquedf/estoque/app/routes/compras.py", line 146, in <module>
    class PedidoIXCBody(BaseModel):
  File "/opt/automacoes/cliquedf/estoque/app/routes/compras.py", line 150, in PedidoIXCBody
    obs: Optional[str] = ""
         ^^^^^^^^
NameError: name 'Optional' is not defined
Traceback (most recent call last):
  File "/opt/automacoes/cliquedf/estoque/venv/bin/uvicorn", line 6, in <module>
    sys.exit(main())
             ^^^^^^
  File "/opt/automacoes/cliquedf/estoque/venv/lib/python3.12/site-packages/click/core.py", line 1514, in __call__
    return self.main(*args, **kwargs)
           ^^^^^^^^^^^^^^^^^^^^^^^^^^
  File "/opt/automacoes/cliquedf/estoque/venv/lib/python3.12/site-packages/click/core.py", line 1435, in main
    rv = self.invoke(ctx)
         ^^^^^^^^^^^^^^^^
  File "/opt/automacoes/cliquedf/estoque/venv/lib/python3.12/site-packages/click/core.py", line 1298, in invoke
    return ctx.invoke(self.callback, **ctx.params)
           ^^^^^^^^^^^^^^^^^^^^^^^^^^^^^^^^^^^^^^^
  File "/opt/automacoes/cliquedf/estoque/venv/lib/python3.12/site-packages/click/core.py", line 853, in invoke
    return callback(*args, **kwargs)
           ^^^^^^^^^^^^^^^^^^^^^^^^^
  File "/opt/automacoes/cliquedf/estoque/venv/lib/python3.12/site-packages/uvicorn/main.py", line 441, in main
    run(
  File "/opt/automacoes/cliquedf/estoque/venv/lib/python3.12/site-packages/uvicorn/main.py", line 617, in run
    server.run()
  File "/opt/automacoes/cliquedf/estoque/venv/lib/python3.12/site-packages/uvicorn/server.py", line 75, in run
    return asyncio_run(self.serve(sockets=sockets), loop_factory=self.config.get_loop_factory())
           ^^^^^^^^^^^^^^^^^^^^^^^^^^^^^^^^^^^^^^^^^^^^^^^^^^^^^^^^^^^^^^^^^^^^^^^^^^^^^^^^^^^^^
  File "/usr/lib/python3.12/asyncio/runners.py", line 194, in run
    return runner.run(main)
           ^^^^^^^^^^^^^^^^
  File "/usr/lib/python3.12/asyncio/runners.py", line 118, in run
    return self._loop.run_until_complete(task)
           ^^^^^^^^^^^^^^^^^^^^^^^^^^^^^^^^^^^
  File "uvloop/loop.pyx", line 1518, in uvloop.loop.Loop.run_until_complete
  File "/opt/automacoes/cliquedf/estoque/venv/lib/python3.12/site-packages/uvicorn/server.py", line 79, in serve
    await self._serve(sockets)
  File "/opt/automacoes/cliquedf/estoque/venv/lib/python3.12/site-packages/uvicorn/server.py", line 86, in _serve
    config.load()
  File "/opt/automacoes/cliquedf/estoque/venv/lib/python3.12/site-packages/uvicorn/config.py", line 449, in load
    self.loaded_app = import_from_string(self.app)
                      ^^^^^^^^^^^^^^^^^^^^^^^^^^^^
  File "/opt/automacoes/cliquedf/estoque/venv/lib/python3.12/site-packages/uvicorn/importer.py", line 19, in import_from_string
    module = importlib.import_module(module_str)
             ^^^^^^^^^^^^^^^^^^^^^^^^^^^^^^^^^^^
  File "/usr/lib/python3.12/importlib/__init__.py", line 90, in import_module
    return _bootstrap._gcd_import(name[level:], package, level)
           ^^^^^^^^^^^^^^^^^^^^^^^^^^^^^^^^^^^^^^^^^^^^^^^^^^^^
  File "<frozen importlib._bootstrap>", line 1387, in _gcd_import
  File "<frozen importlib._bootstrap>", line 1360, in _find_and_load
  File "<frozen importlib._bootstrap>", line 1331, in _find_and_load_unlocked
  File "<frozen importlib._bootstrap>", line 935, in _load_unlocked
  File "<frozen importlib._bootstrap_external>", line 995, in exec_module
  File "<frozen importlib._bootstrap>", line 488, in _call_with_frames_removed
  File "/opt/automacoes/cliquedf/estoque/main.py", line 16, in <module>
    from app.routes import auth, estoque, compras, admin as admin_router
  File "/opt/automacoes/cliquedf/estoque/app/routes/compras.py", line 146, in <module>
    class PedidoIXCBody(BaseModel):
  File "/opt/automacoes/cliquedf/estoque/app/routes/compras.py", line 150, in PedidoIXCBody
    obs: Optional[str] = ""
         ^^^^^^^^
NameError: name 'Optional' is not defined
INFO:     Started server process [1513016]
INFO:     Waiting for application startup.
INFO:     Application startup complete.
INFO:     Uvicorn running on http://0.0.0.0:8011 (Press CTRL+C to quit)
INFO:     Shutting down
INFO:     Waiting for application shutdown.
INFO:     Application shutdown complete.
INFO:     Finished server process [1513016]
INFO:     Started server process [1513054]
INFO:     Waiting for application startup.
INFO:     Application startup complete.
INFO:     Uvicorn running on http://0.0.0.0:8011 (Press CTRL+C to quit)
INFO:     Shutting down
INFO:     Waiting for application shutdown.
INFO:     Application shutdown complete.
INFO:     Finished server process [1513054]
INFO:     Started server process [1550262]
INFO:     Waiting for application startup.
INFO:     Application startup complete.
INFO:     Uvicorn running on http://0.0.0.0:8011 (Press CTRL+C to quit)
INFO:     Shutting down
INFO:     Waiting for application shutdown.
INFO:     Application shutdown complete.
INFO:     Finished server process [1550262]
INFO:     Started server process [1550869]
INFO:     Waiting for application startup.
INFO:     Application startup complete.
INFO:     Uvicorn running on http://0.0.0.0:8011 (Press CTRL+C to quit)
INFO:     Shutting down
INFO:     Waiting for application shutdown.
INFO:     Application shutdown complete.
INFO:     Finished server process [1550869]
INFO:     Started server process [1551116]
INFO:     Waiting for application startup.
INFO:     Application startup complete.
INFO:     Uvicorn running on http://0.0.0.0:8011 (Press CTRL+C to quit)
INFO:     Shutting down
INFO:     Waiting for application shutdown.
INFO:     Application shutdown complete.
INFO:     Finished server process [1551116]
INFO:     Started server process [1551430]
INFO:     Waiting for application startup.
INFO:     Application startup complete.
INFO:     Uvicorn running on http://0.0.0.0:8011 (Press CTRL+C to quit)
INFO:     Shutting down
INFO:     Waiting for application shutdown.
INFO:     Application shutdown complete.
INFO:     Finished server process [1551430]
INFO:     Started server process [1552030]
INFO:     Waiting for application startup.
INFO:     Application startup complete.
INFO:     Uvicorn running on http://0.0.0.0:8011 (Press CTRL+C to quit)
INFO:     Shutting down
INFO:     Waiting for application shutdown.
INFO:     Application shutdown complete.
INFO:     Finished server process [1552030]
INFO:     Started server process [1552107]
INFO:     Waiting for application startup.
INFO:     Application startup complete.
INFO:     Uvicorn running on http://0.0.0.0:8011 (Press CTRL+C to quit)
INFO:     Shutting down
INFO:     Waiting for application shutdown.
INFO:     Application shutdown complete.
INFO:     Finished server process [1552107]
INFO:     Started server process [1552352]
INFO:     Waiting for application startup.
INFO:     Application startup complete.
INFO:     Uvicorn running on http://0.0.0.0:8011 (Press CTRL+C to quit)
INFO:     Shutting down
INFO:     Waiting for application shutdown.
INFO:     Application shutdown complete.
INFO:     Finished server process [1552352]
INFO:     Started server process [1552803]
INFO:     Waiting for application startup.
INFO:     Application startup complete.
INFO:     Uvicorn running on http://0.0.0.0:8011 (Press CTRL+C to quit)
INFO:     Shutting down
INFO:     Waiting for application shutdown.
INFO:     Application shutdown complete.
INFO:     Finished server process [1552803]
INFO:     Started server process [1553978]
INFO:     Waiting for application startup.
INFO:     Application startup complete.
INFO:     Uvicorn running on http://0.0.0.0:8011 (Press CTRL+C to quit)
INFO:     Shutting down
INFO:     Waiting for application shutdown.
INFO:     Application shutdown complete.
INFO:     Finished server process [1553978]
INFO:     Started server process [1554527]
INFO:     Waiting for application startup.
INFO:     Application startup complete.
INFO:     Uvicorn running on http://0.0.0.0:8011 (Press CTRL+C to quit)
INFO:     Shutting down
INFO:     Waiting for application shutdown.
INFO:     Application shutdown complete.
INFO:     Finished server process [1554527]
INFO:     Started server process [1554990]
INFO:     Waiting for application startup.
INFO:     Application startup complete.
INFO:     Uvicorn running on http://0.0.0.0:8011 (Press CTRL+C to quit)
INFO:     Shutting down
INFO:     Waiting for application shutdown.
INFO:     Application shutdown complete.
INFO:     Finished server process [1554990]
INFO:     Started server process [1586026]
INFO:     Waiting for application startup.
INFO:     Application startup complete.
INFO:     Uvicorn running on http://0.0.0.0:8011 (Press CTRL+C to quit)
INFO:     Shutting down
INFO:     Waiting for application shutdown.
INFO:     Application shutdown complete.
INFO:     Finished server process [1586026]
INFO:     Started server process [1586224]
INFO:     Waiting for application startup.
INFO:     Application startup complete.
INFO:     Uvicorn running on http://0.0.0.0:8011 (Press CTRL+C to quit)
INFO:     Shutting down
INFO:     Waiting for application shutdown.
INFO:     Application shutdown complete.
INFO:     Finished server process [1586224]
INFO:     Started server process [1586789]
INFO:     Waiting for application startup.
INFO:     Application startup complete.
INFO:     Uvicorn running on http://0.0.0.0:8011 (Press CTRL+C to quit)
INFO:     Shutting down
INFO:     Waiting for application shutdown.
INFO:     Application shutdown complete.
INFO:     Finished server process [1586789]
INFO:     Started server process [1587181]
INFO:     Waiting for application startup.
INFO:     Application startup complete.
INFO:     Uvicorn running on http://0.0.0.0:8011 (Press CTRL+C to quit)
INFO:     Shutting down
INFO:     Waiting for application shutdown.
INFO:     Application shutdown complete.
INFO:     Finished server process [1587181]
INFO:     Started server process [1608727]
INFO:     Waiting for application startup.
INFO:     Application startup complete.
INFO:     Uvicorn running on http://0.0.0.0:8011 (Press CTRL+C to quit)
INFO:     Shutting down
INFO:     Waiting for application shutdown.
INFO:     Application shutdown complete.
INFO:     Finished server process [1608727]
INFO:     Started server process [1609699]
INFO:     Waiting for application startup.
INFO:     Application startup complete.
INFO:     Uvicorn running on http://0.0.0.0:8011 (Press CTRL+C to quit)
INFO:     Shutting down
INFO:     Waiting for application shutdown.
INFO:     Application shutdown complete.
INFO:     Finished server process [1609699]
INFO:     Started server process [1610436]
INFO:     Waiting for application startup.
INFO:     Application startup complete.
INFO:     Uvicorn running on http://0.0.0.0:8011 (Press CTRL+C to quit)
INFO:     Shutting down
INFO:     Waiting for application shutdown.
INFO:     Application shutdown complete.
INFO:     Finished server process [1610436]
INFO:     Started server process [1610483]
INFO:     Waiting for application startup.
INFO:     Application startup complete.
INFO:     Uvicorn running on http://0.0.0.0:8011 (Press CTRL+C to quit)
INFO:     Shutting down
INFO:     Waiting for application shutdown.
INFO:     Application shutdown complete.
INFO:     Finished server process [1610483]
INFO:     Started server process [1611111]
INFO:     Waiting for application startup.
INFO:     Application startup complete.
INFO:     Uvicorn running on http://0.0.0.0:8011 (Press CTRL+C to quit)
INFO:     Shutting down
INFO:     Waiting for application shutdown.
INFO:     Application shutdown complete.
INFO:     Finished server process [1611111]
INFO:     Started server process [1611232]
INFO:     Waiting for application startup.
INFO:     Application startup complete.
INFO:     Uvicorn running on http://0.0.0.0:8011 (Press CTRL+C to quit)
INFO:     Shutting down
INFO:     Waiting for application shutdown.
INFO:     Application shutdown complete.
INFO:     Finished server process [1611232]
INFO:     Started server process [1611303]
INFO:     Waiting for application startup.
INFO:     Application startup complete.
INFO:     Uvicorn running on http://0.0.0.0:8011 (Press CTRL+C to quit)
INFO:     Shutting down
INFO:     Waiting for application shutdown.
INFO:     Application shutdown complete.
INFO:     Finished server process [1611303]
INFO:     Started server process [1611673]
INFO:     Waiting for application startup.
INFO:     Application startup complete.
INFO:     Uvicorn running on http://0.0.0.0:8011 (Press CTRL+C to quit)
INFO:     Shutting down
INFO:     Waiting for application shutdown.
INFO:     Application shutdown complete.
INFO:     Finished server process [1611673]
INFO:     Started server process [1611794]
INFO:     Waiting for application startup.
INFO:     Application startup complete.
INFO:     Uvicorn running on http://0.0.0.0:8011 (Press CTRL+C to quit)
INFO:     Shutting down
INFO:     Waiting for application shutdown.
INFO:     Application shutdown complete.
INFO:     Finished server process [1611794]
INFO:     Started server process [1611839]
INFO:     Waiting for application startup.
INFO:     Application startup complete.
INFO:     Uvicorn running on http://0.0.0.0:8011 (Press CTRL+C to quit)
INFO:     Shutting down
INFO:     Waiting for application shutdown.
INFO:     Application shutdown complete.
INFO:     Finished server process [1611839]
INFO:     Started server process [1612099]
INFO:     Waiting for application startup.
INFO:     Application startup complete.
INFO:     Uvicorn running on http://0.0.0.0:8011 (Press CTRL+C to quit)
INFO:     Shutting down
INFO:     Waiting for application shutdown.
INFO:     Application shutdown complete.
INFO:     Finished server process [1612099]
INFO:     Started server process [1615033]
INFO:     Waiting for application startup.
INFO:     Application startup complete.
INFO:     Uvicorn running on http://0.0.0.0:8011 (Press CTRL+C to quit)
INFO:     Shutting down
INFO:     Waiting for application shutdown.
INFO:     Application shutdown complete.
INFO:     Finished server process [1615033]
INFO:     Started server process [1615195]
INFO:     Waiting for application startup.
INFO:     Application startup complete.
INFO:     Uvicorn running on http://0.0.0.0:8011 (Press CTRL+C to quit)
INFO:     Shutting down
INFO:     Waiting for application shutdown.
INFO:     Application shutdown complete.
INFO:     Finished server process [1615195]
INFO:     Started server process [1615460]
INFO:     Waiting for application startup.
INFO:     Application startup complete.
INFO:     Uvicorn running on http://0.0.0.0:8011 (Press CTRL+C to quit)
INFO:     Shutting down
INFO:     Waiting for application shutdown.
INFO:     Application shutdown complete.
INFO:     Finished server process [1615460]
INFO:     Started server process [1615721]
INFO:     Waiting for application startup.
INFO:     Application startup complete.
INFO:     Uvicorn running on http://0.0.0.0:8011 (Press CTRL+C to quit)
INFO:     Shutting down
INFO:     Waiting for application shutdown.
INFO:     Application shutdown complete.
INFO:     Finished server process [1615721]
INFO:     Started server process [1615849]
INFO:     Waiting for application startup.
INFO:     Application startup complete.
INFO:     Uvicorn running on http://0.0.0.0:8011 (Press CTRL+C to quit)
INFO:     Shutting down
INFO:     Waiting for application shutdown.
INFO:     Application shutdown complete.
INFO:     Finished server process [1615849]
Traceback (most recent call last):
  File "/opt/automacoes/cliquedf/estoque/venv/bin/uvicorn", line 6, in <module>
    sys.exit(main())
             ^^^^^^
  File "/opt/automacoes/cliquedf/estoque/venv/lib/python3.12/site-packages/click/core.py", line 1514, in __call__
    return self.main(*args, **kwargs)
           ^^^^^^^^^^^^^^^^^^^^^^^^^^
  File "/opt/automacoes/cliquedf/estoque/venv/lib/python3.12/site-packages/click/core.py", line 1435, in main
    rv = self.invoke(ctx)
         ^^^^^^^^^^^^^^^^
  File "/opt/automacoes/cliquedf/estoque/venv/lib/python3.12/site-packages/click/core.py", line 1298, in invoke
    return ctx.invoke(self.callback, **ctx.params)
           ^^^^^^^^^^^^^^^^^^^^^^^^^^^^^^^^^^^^^^^
  File "/opt/automacoes/cliquedf/estoque/venv/lib/python3.12/site-packages/click/core.py", line 853, in invoke
    return callback(*args, **kwargs)
           ^^^^^^^^^^^^^^^^^^^^^^^^^
  File "/opt/automacoes/cliquedf/estoque/venv/lib/python3.12/site-packages/uvicorn/main.py", line 441, in main
    run(
  File "/opt/automacoes/cliquedf/estoque/venv/lib/python3.12/site-packages/uvicorn/main.py", line 617, in run
    server.run()
  File "/opt/automacoes/cliquedf/estoque/venv/lib/python3.12/site-packages/uvicorn/server.py", line 75, in run
    return asyncio_run(self.serve(sockets=sockets), loop_factory=self.config.get_loop_factory())
           ^^^^^^^^^^^^^^^^^^^^^^^^^^^^^^^^^^^^^^^^^^^^^^^^^^^^^^^^^^^^^^^^^^^^^^^^^^^^^^^^^^^^^
  File "/usr/lib/python3.12/asyncio/runners.py", line 194, in run
    return runner.run(main)
           ^^^^^^^^^^^^^^^^
  File "/usr/lib/python3.12/asyncio/runners.py", line 118, in run
    return self._loop.run_until_complete(task)
           ^^^^^^^^^^^^^^^^^^^^^^^^^^^^^^^^^^^
  File "uvloop/loop.pyx", line 1518, in uvloop.loop.Loop.run_until_complete
  File "/opt/automacoes/cliquedf/estoque/venv/lib/python3.12/site-packages/uvicorn/server.py", line 79, in serve
    await self._serve(sockets)
  File "/opt/automacoes/cliquedf/estoque/venv/lib/python3.12/site-packages/uvicorn/server.py", line 86, in _serve
    config.load()
  File "/opt/automacoes/cliquedf/estoque/venv/lib/python3.12/site-packages/uvicorn/config.py", line 449, in load
    self.loaded_app = import_from_string(self.app)
                      ^^^^^^^^^^^^^^^^^^^^^^^^^^^^
  File "/opt/automacoes/cliquedf/estoque/venv/lib/python3.12/site-packages/uvicorn/importer.py", line 19, in import_from_string
    module = importlib.import_module(module_str)
             ^^^^^^^^^^^^^^^^^^^^^^^^^^^^^^^^^^^
  File "/usr/lib/python3.12/importlib/__init__.py", line 90, in import_module
    return _bootstrap._gcd_import(name[level:], package, level)
           ^^^^^^^^^^^^^^^^^^^^^^^^^^^^^^^^^^^^^^^^^^^^^^^^^^^^
  File "<frozen importlib._bootstrap>", line 1387, in _gcd_import
  File "<frozen importlib._bootstrap>", line 1360, in _find_and_load
  File "<frozen importlib._bootstrap>", line 1331, in _find_and_load_unlocked
  File "<frozen importlib._bootstrap>", line 935, in _load_unlocked
  File "<frozen importlib._bootstrap_external>", line 995, in exec_module
  File "<frozen importlib._bootstrap>", line 488, in _call_with_frames_removed
  File "/opt/automacoes/cliquedf/estoque/main.py", line 16, in <module>
    from app.routes import auth, estoque, compras, admin as admin_router
  File "/opt/automacoes/cliquedf/estoque/app/routes/compras.py", line 70
    linhas = [f"🛒 <b>Novo Pedido de Compra</b> — {agora}
              ^
SyntaxError: unterminated f-string literal (detected at line 70)
Traceback (most recent call last):
  File "/opt/automacoes/cliquedf/estoque/venv/bin/uvicorn", line 6, in <module>
    sys.exit(main())
             ^^^^^^
  File "/opt/automacoes/cliquedf/estoque/venv/lib/python3.12/site-packages/click/core.py", line 1514, in __call__
    return self.main(*args, **kwargs)
           ^^^^^^^^^^^^^^^^^^^^^^^^^^
  File "/opt/automacoes/cliquedf/estoque/venv/lib/python3.12/site-packages/click/core.py", line 1435, in main
    rv = self.invoke(ctx)
         ^^^^^^^^^^^^^^^^
  File "/opt/automacoes/cliquedf/estoque/venv/lib/python3.12/site-packages/click/core.py", line 1298, in invoke
    return ctx.invoke(self.callback, **ctx.params)
           ^^^^^^^^^^^^^^^^^^^^^^^^^^^^^^^^^^^^^^^
  File "/opt/automacoes/cliquedf/estoque/venv/lib/python3.12/site-packages/click/core.py", line 853, in invoke
    return callback(*args, **kwargs)
           ^^^^^^^^^^^^^^^^^^^^^^^^^
  File "/opt/automacoes/cliquedf/estoque/venv/lib/python3.12/site-packages/uvicorn/main.py", line 441, in main
    run(
  File "/opt/automacoes/cliquedf/estoque/venv/lib/python3.12/site-packages/uvicorn/main.py", line 617, in run
    server.run()
  File "/opt/automacoes/cliquedf/estoque/venv/lib/python3.12/site-packages/uvicorn/server.py", line 75, in run
    return asyncio_run(self.serve(sockets=sockets), loop_factory=self.config.get_loop_factory())
           ^^^^^^^^^^^^^^^^^^^^^^^^^^^^^^^^^^^^^^^^^^^^^^^^^^^^^^^^^^^^^^^^^^^^^^^^^^^^^^^^^^^^^
  File "/usr/lib/python3.12/asyncio/runners.py", line 194, in run
    return runner.run(main)
           ^^^^^^^^^^^^^^^^
  File "/usr/lib/python3.12/asyncio/runners.py", line 118, in run
    return self._loop.run_until_complete(task)
           ^^^^^^^^^^^^^^^^^^^^^^^^^^^^^^^^^^^
  File "uvloop/loop.pyx", line 1518, in uvloop.loop.Loop.run_until_complete
  File "/opt/automacoes/cliquedf/estoque/venv/lib/python3.12/site-packages/uvicorn/server.py", line 79, in serve
    await self._serve(sockets)
  File "/opt/automacoes/cliquedf/estoque/venv/lib/python3.12/site-packages/uvicorn/server.py", line 86, in _serve
    config.load()
  File "/opt/automacoes/cliquedf/estoque/venv/lib/python3.12/site-packages/uvicorn/config.py", line 449, in load
    self.loaded_app = import_from_string(self.app)
                      ^^^^^^^^^^^^^^^^^^^^^^^^^^^^
  File "/opt/automacoes/cliquedf/estoque/venv/lib/python3.12/site-packages/uvicorn/importer.py", line 19, in import_from_string
    module = importlib.import_module(module_str)
             ^^^^^^^^^^^^^^^^^^^^^^^^^^^^^^^^^^^
  File "/usr/lib/python3.12/importlib/__init__.py", line 90, in import_module
    return _bootstrap._gcd_import(name[level:], package, level)
           ^^^^^^^^^^^^^^^^^^^^^^^^^^^^^^^^^^^^^^^^^^^^^^^^^^^^
  File "<frozen importlib._bootstrap>", line 1387, in _gcd_import
  File "<frozen importlib._bootstrap>", line 1360, in _find_and_load
  File "<frozen importlib._bootstrap>", line 1331, in _find_and_load_unlocked
  File "<frozen importlib._bootstrap>", line 935, in _load_unlocked
  File "<frozen importlib._bootstrap_external>", line 995, in exec_module
  File "<frozen importlib._bootstrap>", line 488, in _call_with_frames_removed
  File "/opt/automacoes/cliquedf/estoque/main.py", line 16, in <module>
    from app.routes import auth, estoque, compras, admin as admin_router
  File "/opt/automacoes/cliquedf/estoque/app/routes/compras.py", line 70
    linhas = [f"🛒 <b>Novo Pedido de Compra</b> — {agora}
              ^
SyntaxError: unterminated f-string literal (detected at line 70)
Traceback (most recent call last):
  File "/opt/automacoes/cliquedf/estoque/venv/bin/uvicorn", line 6, in <module>
    sys.exit(main())
             ^^^^^^
  File "/opt/automacoes/cliquedf/estoque/venv/lib/python3.12/site-packages/click/core.py", line 1514, in __call__
    return self.main(*args, **kwargs)
           ^^^^^^^^^^^^^^^^^^^^^^^^^^
  File "/opt/automacoes/cliquedf/estoque/venv/lib/python3.12/site-packages/click/core.py", line 1435, in main
    rv = self.invoke(ctx)
         ^^^^^^^^^^^^^^^^
  File "/opt/automacoes/cliquedf/estoque/venv/lib/python3.12/site-packages/click/core.py", line 1298, in invoke
    return ctx.invoke(self.callback, **ctx.params)
           ^^^^^^^^^^^^^^^^^^^^^^^^^^^^^^^^^^^^^^^
  File "/opt/automacoes/cliquedf/estoque/venv/lib/python3.12/site-packages/click/core.py", line 853, in invoke
    return callback(*args, **kwargs)
           ^^^^^^^^^^^^^^^^^^^^^^^^^
  File "/opt/automacoes/cliquedf/estoque/venv/lib/python3.12/site-packages/uvicorn/main.py", line 441, in main
    run(
  File "/opt/automacoes/cliquedf/estoque/venv/lib/python3.12/site-packages/uvicorn/main.py", line 617, in run
    server.run()
  File "/opt/automacoes/cliquedf/estoque/venv/lib/python3.12/site-packages/uvicorn/server.py", line 75, in run
    return asyncio_run(self.serve(sockets=sockets), loop_factory=self.config.get_loop_factory())
           ^^^^^^^^^^^^^^^^^^^^^^^^^^^^^^^^^^^^^^^^^^^^^^^^^^^^^^^^^^^^^^^^^^^^^^^^^^^^^^^^^^^^^
  File "/usr/lib/python3.12/asyncio/runners.py", line 194, in run
    return runner.run(main)
           ^^^^^^^^^^^^^^^^
  File "/usr/lib/python3.12/asyncio/runners.py", line 118, in run
    return self._loop.run_until_complete(task)
           ^^^^^^^^^^^^^^^^^^^^^^^^^^^^^^^^^^^
  File "uvloop/loop.pyx", line 1518, in uvloop.loop.Loop.run_until_complete
  File "/opt/automacoes/cliquedf/estoque/venv/lib/python3.12/site-packages/uvicorn/server.py", line 79, in serve
    await self._serve(sockets)
  File "/opt/automacoes/cliquedf/estoque/venv/lib/python3.12/site-packages/uvicorn/server.py", line 86, in _serve
    config.load()
  File "/opt/automacoes/cliquedf/estoque/venv/lib/python3.12/site-packages/uvicorn/config.py", line 449, in load
    self.loaded_app = import_from_string(self.app)
                      ^^^^^^^^^^^^^^^^^^^^^^^^^^^^
  File "/opt/automacoes/cliquedf/estoque/venv/lib/python3.12/site-packages/uvicorn/importer.py", line 19, in import_from_string
    module = importlib.import_module(module_str)
             ^^^^^^^^^^^^^^^^^^^^^^^^^^^^^^^^^^^
  File "/usr/lib/python3.12/importlib/__init__.py", line 90, in import_module
    return _bootstrap._gcd_import(name[level:], package, level)
           ^^^^^^^^^^^^^^^^^^^^^^^^^^^^^^^^^^^^^^^^^^^^^^^^^^^^
  File "<frozen importlib._bootstrap>", line 1387, in _gcd_import
  File "<frozen importlib._bootstrap>", line 1360, in _find_and_load
  File "<frozen importlib._bootstrap>", line 1331, in _find_and_load_unlocked
  File "<frozen importlib._bootstrap>", line 935, in _load_unlocked
  File "<frozen importlib._bootstrap_external>", line 995, in exec_module
  File "<frozen importlib._bootstrap>", line 488, in _call_with_frames_removed
  File "/opt/automacoes/cliquedf/estoque/main.py", line 16, in <module>
    from app.routes import auth, estoque, compras, admin as admin_router
  File "/opt/automacoes/cliquedf/estoque/app/routes/compras.py", line 70
    linhas = [f"🛒 <b>Novo Pedido de Compra</b> — {agora}
              ^
SyntaxError: unterminated f-string literal (detected at line 70)
Traceback (most recent call last):
  File "/opt/automacoes/cliquedf/estoque/venv/bin/uvicorn", line 6, in <module>
    sys.exit(main())
             ^^^^^^
  File "/opt/automacoes/cliquedf/estoque/venv/lib/python3.12/site-packages/click/core.py", line 1514, in __call__
    return self.main(*args, **kwargs)
           ^^^^^^^^^^^^^^^^^^^^^^^^^^
  File "/opt/automacoes/cliquedf/estoque/venv/lib/python3.12/site-packages/click/core.py", line 1435, in main
    rv = self.invoke(ctx)
         ^^^^^^^^^^^^^^^^
  File "/opt/automacoes/cliquedf/estoque/venv/lib/python3.12/site-packages/click/core.py", line 1298, in invoke
    return ctx.invoke(self.callback, **ctx.params)
           ^^^^^^^^^^^^^^^^^^^^^^^^^^^^^^^^^^^^^^^
  File "/opt/automacoes/cliquedf/estoque/venv/lib/python3.12/site-packages/click/core.py", line 853, in invoke
    return callback(*args, **kwargs)
           ^^^^^^^^^^^^^^^^^^^^^^^^^
  File "/opt/automacoes/cliquedf/estoque/venv/lib/python3.12/site-packages/uvicorn/main.py", line 441, in main
    run(
  File "/opt/automacoes/cliquedf/estoque/venv/lib/python3.12/site-packages/uvicorn/main.py", line 617, in run
    server.run()
  File "/opt/automacoes/cliquedf/estoque/venv/lib/python3.12/site-packages/uvicorn/server.py", line 75, in run
    return asyncio_run(self.serve(sockets=sockets), loop_factory=self.config.get_loop_factory())
           ^^^^^^^^^^^^^^^^^^^^^^^^^^^^^^^^^^^^^^^^^^^^^^^^^^^^^^^^^^^^^^^^^^^^^^^^^^^^^^^^^^^^^
  File "/usr/lib/python3.12/asyncio/runners.py", line 194, in run
    return runner.run(main)
           ^^^^^^^^^^^^^^^^
  File "/usr/lib/python3.12/asyncio/runners.py", line 118, in run
    return self._loop.run_until_complete(task)
           ^^^^^^^^^^^^^^^^^^^^^^^^^^^^^^^^^^^
  File "uvloop/loop.pyx", line 1518, in uvloop.loop.Loop.run_until_complete
  File "/opt/automacoes/cliquedf/estoque/venv/lib/python3.12/site-packages/uvicorn/server.py", line 79, in serve
    await self._serve(sockets)
  File "/opt/automacoes/cliquedf/estoque/venv/lib/python3.12/site-packages/uvicorn/server.py", line 86, in _serve
    config.load()
  File "/opt/automacoes/cliquedf/estoque/venv/lib/python3.12/site-packages/uvicorn/config.py", line 449, in load
    self.loaded_app = import_from_string(self.app)
                      ^^^^^^^^^^^^^^^^^^^^^^^^^^^^
  File "/opt/automacoes/cliquedf/estoque/venv/lib/python3.12/site-packages/uvicorn/importer.py", line 19, in import_from_string
    module = importlib.import_module(module_str)
             ^^^^^^^^^^^^^^^^^^^^^^^^^^^^^^^^^^^
  File "/usr/lib/python3.12/importlib/__init__.py", line 90, in import_module
    return _bootstrap._gcd_import(name[level:], package, level)
           ^^^^^^^^^^^^^^^^^^^^^^^^^^^^^^^^^^^^^^^^^^^^^^^^^^^^
  File "<frozen importlib._bootstrap>", line 1387, in _gcd_import
  File "<frozen importlib._bootstrap>", line 1360, in _find_and_load
  File "<frozen importlib._bootstrap>", line 1331, in _find_and_load_unlocked
  File "<frozen importlib._bootstrap>", line 935, in _load_unlocked
  File "<frozen importlib._bootstrap_external>", line 995, in exec_module
  File "<frozen importlib._bootstrap>", line 488, in _call_with_frames_removed
  File "/opt/automacoes/cliquedf/estoque/main.py", line 16, in <module>
    from app.routes import auth, estoque, compras, admin as admin_router
  File "/opt/automacoes/cliquedf/estoque/app/routes/compras.py", line 70
    linhas = [f"🛒 <b>Novo Pedido de Compra</b> — {agora}
              ^
SyntaxError: unterminated f-string literal (detected at line 70)
Traceback (most recent call last):
  File "/opt/automacoes/cliquedf/estoque/venv/bin/uvicorn", line 6, in <module>
    sys.exit(main())
             ^^^^^^
  File "/opt/automacoes/cliquedf/estoque/venv/lib/python3.12/site-packages/click/core.py", line 1514, in __call__
    return self.main(*args, **kwargs)
           ^^^^^^^^^^^^^^^^^^^^^^^^^^
  File "/opt/automacoes/cliquedf/estoque/venv/lib/python3.12/site-packages/click/core.py", line 1435, in main
    rv = self.invoke(ctx)
         ^^^^^^^^^^^^^^^^
  File "/opt/automacoes/cliquedf/estoque/venv/lib/python3.12/site-packages/click/core.py", line 1298, in invoke
    return ctx.invoke(self.callback, **ctx.params)
           ^^^^^^^^^^^^^^^^^^^^^^^^^^^^^^^^^^^^^^^
  File "/opt/automacoes/cliquedf/estoque/venv/lib/python3.12/site-packages/click/core.py", line 853, in invoke
    return callback(*args, **kwargs)
           ^^^^^^^^^^^^^^^^^^^^^^^^^
  File "/opt/automacoes/cliquedf/estoque/venv/lib/python3.12/site-packages/uvicorn/main.py", line 441, in main
    run(
  File "/opt/automacoes/cliquedf/estoque/venv/lib/python3.12/site-packages/uvicorn/main.py", line 617, in run
    server.run()
  File "/opt/automacoes/cliquedf/estoque/venv/lib/python3.12/site-packages/uvicorn/server.py", line 75, in run
    return asyncio_run(self.serve(sockets=sockets), loop_factory=self.config.get_loop_factory())
           ^^^^^^^^^^^^^^^^^^^^^^^^^^^^^^^^^^^^^^^^^^^^^^^^^^^^^^^^^^^^^^^^^^^^^^^^^^^^^^^^^^^^^
  File "/usr/lib/python3.12/asyncio/runners.py", line 194, in run
    return runner.run(main)
           ^^^^^^^^^^^^^^^^
  File "/usr/lib/python3.12/asyncio/runners.py", line 118, in run
    return self._loop.run_until_complete(task)
           ^^^^^^^^^^^^^^^^^^^^^^^^^^^^^^^^^^^
  File "uvloop/loop.pyx", line 1518, in uvloop.loop.Loop.run_until_complete
  File "/opt/automacoes/cliquedf/estoque/venv/lib/python3.12/site-packages/uvicorn/server.py", line 79, in serve
    await self._serve(sockets)
  File "/opt/automacoes/cliquedf/estoque/venv/lib/python3.12/site-packages/uvicorn/server.py", line 86, in _serve
    config.load()
  File "/opt/automacoes/cliquedf/estoque/venv/lib/python3.12/site-packages/uvicorn/config.py", line 449, in load
    self.loaded_app = import_from_string(self.app)
                      ^^^^^^^^^^^^^^^^^^^^^^^^^^^^
  File "/opt/automacoes/cliquedf/estoque/venv/lib/python3.12/site-packages/uvicorn/importer.py", line 19, in import_from_string
    module = importlib.import_module(module_str)
             ^^^^^^^^^^^^^^^^^^^^^^^^^^^^^^^^^^^
  File "/usr/lib/python3.12/importlib/__init__.py", line 90, in import_module
    return _bootstrap._gcd_import(name[level:], package, level)
           ^^^^^^^^^^^^^^^^^^^^^^^^^^^^^^^^^^^^^^^^^^^^^^^^^^^^
  File "<frozen importlib._bootstrap>", line 1387, in _gcd_import
  File "<frozen importlib._bootstrap>", line 1360, in _find_and_load
  File "<frozen importlib._bootstrap>", line 1331, in _find_and_load_unlocked
  File "<frozen importlib._bootstrap>", line 935, in _load_unlocked
  File "<frozen importlib._bootstrap_external>", line 995, in exec_module
  File "<frozen importlib._bootstrap>", line 488, in _call_with_frames_removed
  File "/opt/automacoes/cliquedf/estoque/main.py", line 16, in <module>
    from app.routes import auth, estoque, compras, admin as admin_router
  File "/opt/automacoes/cliquedf/estoque/app/routes/compras.py", line 70
    linhas = [f"🛒 <b>Novo Pedido de Compra</b> — {agora}
              ^
SyntaxError: unterminated f-string literal (detected at line 70)
Traceback (most recent call last):
  File "/opt/automacoes/cliquedf/estoque/venv/bin/uvicorn", line 6, in <module>
    sys.exit(main())
             ^^^^^^
  File "/opt/automacoes/cliquedf/estoque/venv/lib/python3.12/site-packages/click/core.py", line 1514, in __call__
    return self.main(*args, **kwargs)
           ^^^^^^^^^^^^^^^^^^^^^^^^^^
  File "/opt/automacoes/cliquedf/estoque/venv/lib/python3.12/site-packages/click/core.py", line 1435, in main
    rv = self.invoke(ctx)
         ^^^^^^^^^^^^^^^^
  File "/opt/automacoes/cliquedf/estoque/venv/lib/python3.12/site-packages/click/core.py", line 1298, in invoke
    return ctx.invoke(self.callback, **ctx.params)
           ^^^^^^^^^^^^^^^^^^^^^^^^^^^^^^^^^^^^^^^
  File "/opt/automacoes/cliquedf/estoque/venv/lib/python3.12/site-packages/click/core.py", line 853, in invoke
    return callback(*args, **kwargs)
           ^^^^^^^^^^^^^^^^^^^^^^^^^
  File "/opt/automacoes/cliquedf/estoque/venv/lib/python3.12/site-packages/uvicorn/main.py", line 441, in main
    run(
  File "/opt/automacoes/cliquedf/estoque/venv/lib/python3.12/site-packages/uvicorn/main.py", line 617, in run
    server.run()
  File "/opt/automacoes/cliquedf/estoque/venv/lib/python3.12/site-packages/uvicorn/server.py", line 75, in run
    return asyncio_run(self.serve(sockets=sockets), loop_factory=self.config.get_loop_factory())
           ^^^^^^^^^^^^^^^^^^^^^^^^^^^^^^^^^^^^^^^^^^^^^^^^^^^^^^^^^^^^^^^^^^^^^^^^^^^^^^^^^^^^^
  File "/usr/lib/python3.12/asyncio/runners.py", line 194, in run
    return runner.run(main)
           ^^^^^^^^^^^^^^^^
  File "/usr/lib/python3.12/asyncio/runners.py", line 118, in run
    return self._loop.run_until_complete(task)
           ^^^^^^^^^^^^^^^^^^^^^^^^^^^^^^^^^^^
  File "uvloop/loop.pyx", line 1518, in uvloop.loop.Loop.run_until_complete
  File "/opt/automacoes/cliquedf/estoque/venv/lib/python3.12/site-packages/uvicorn/server.py", line 79, in serve
    await self._serve(sockets)
  File "/opt/automacoes/cliquedf/estoque/venv/lib/python3.12/site-packages/uvicorn/server.py", line 86, in _serve
    config.load()
  File "/opt/automacoes/cliquedf/estoque/venv/lib/python3.12/site-packages/uvicorn/config.py", line 449, in load
    self.loaded_app = import_from_string(self.app)
                      ^^^^^^^^^^^^^^^^^^^^^^^^^^^^
  File "/opt/automacoes/cliquedf/estoque/venv/lib/python3.12/site-packages/uvicorn/importer.py", line 19, in import_from_string
    module = importlib.import_module(module_str)
             ^^^^^^^^^^^^^^^^^^^^^^^^^^^^^^^^^^^
  File "/usr/lib/python3.12/importlib/__init__.py", line 90, in import_module
    return _bootstrap._gcd_import(name[level:], package, level)
           ^^^^^^^^^^^^^^^^^^^^^^^^^^^^^^^^^^^^^^^^^^^^^^^^^^^^
  File "<frozen importlib._bootstrap>", line 1387, in _gcd_import
  File "<frozen importlib._bootstrap>", line 1360, in _find_and_load
  File "<frozen importlib._bootstrap>", line 1331, in _find_and_load_unlocked
  File "<frozen importlib._bootstrap>", line 935, in _load_unlocked
  File "<frozen importlib._bootstrap_external>", line 995, in exec_module
  File "<frozen importlib._bootstrap>", line 488, in _call_with_frames_removed
  File "/opt/automacoes/cliquedf/estoque/main.py", line 16, in <module>
    from app.routes import auth, estoque, compras, admin as admin_router
  File "/opt/automacoes/cliquedf/estoque/app/routes/compras.py", line 70
    linhas = [f"🛒 <b>Novo Pedido de Compra</b> — {agora}
              ^
SyntaxError: unterminated f-string literal (detected at line 70)
Traceback (most recent call last):
  File "/opt/automacoes/cliquedf/estoque/venv/bin/uvicorn", line 6, in <module>
    sys.exit(main())
             ^^^^^^
  File "/opt/automacoes/cliquedf/estoque/venv/lib/python3.12/site-packages/click/core.py", line 1514, in __call__
    return self.main(*args, **kwargs)
           ^^^^^^^^^^^^^^^^^^^^^^^^^^
  File "/opt/automacoes/cliquedf/estoque/venv/lib/python3.12/site-packages/click/core.py", line 1435, in main
    rv = self.invoke(ctx)
         ^^^^^^^^^^^^^^^^
  File "/opt/automacoes/cliquedf/estoque/venv/lib/python3.12/site-packages/click/core.py", line 1298, in invoke
    return ctx.invoke(self.callback, **ctx.params)
           ^^^^^^^^^^^^^^^^^^^^^^^^^^^^^^^^^^^^^^^
  File "/opt/automacoes/cliquedf/estoque/venv/lib/python3.12/site-packages/click/core.py", line 853, in invoke
    return callback(*args, **kwargs)
           ^^^^^^^^^^^^^^^^^^^^^^^^^
  File "/opt/automacoes/cliquedf/estoque/venv/lib/python3.12/site-packages/uvicorn/main.py", line 441, in main
    run(
  File "/opt/automacoes/cliquedf/estoque/venv/lib/python3.12/site-packages/uvicorn/main.py", line 617, in run
    server.run()
  File "/opt/automacoes/cliquedf/estoque/venv/lib/python3.12/site-packages/uvicorn/server.py", line 75, in run
    return asyncio_run(self.serve(sockets=sockets), loop_factory=self.config.get_loop_factory())
           ^^^^^^^^^^^^^^^^^^^^^^^^^^^^^^^^^^^^^^^^^^^^^^^^^^^^^^^^^^^^^^^^^^^^^^^^^^^^^^^^^^^^^
  File "/usr/lib/python3.12/asyncio/runners.py", line 194, in run
    return runner.run(main)
           ^^^^^^^^^^^^^^^^
  File "/usr/lib/python3.12/asyncio/runners.py", line 118, in run
    return self._loop.run_until_complete(task)
           ^^^^^^^^^^^^^^^^^^^^^^^^^^^^^^^^^^^
  File "uvloop/loop.pyx", line 1518, in uvloop.loop.Loop.run_until_complete
  File "/opt/automacoes/cliquedf/estoque/venv/lib/python3.12/site-packages/uvicorn/server.py", line 79, in serve
    await self._serve(sockets)
  File "/opt/automacoes/cliquedf/estoque/venv/lib/python3.12/site-packages/uvicorn/server.py", line 86, in _serve
    config.load()
  File "/opt/automacoes/cliquedf/estoque/venv/lib/python3.12/site-packages/uvicorn/config.py", line 449, in load
    self.loaded_app = import_from_string(self.app)
                      ^^^^^^^^^^^^^^^^^^^^^^^^^^^^
  File "/opt/automacoes/cliquedf/estoque/venv/lib/python3.12/site-packages/uvicorn/importer.py", line 19, in import_from_string
    module = importlib.import_module(module_str)
             ^^^^^^^^^^^^^^^^^^^^^^^^^^^^^^^^^^^
  File "/usr/lib/python3.12/importlib/__init__.py", line 90, in import_module
    return _bootstrap._gcd_import(name[level:], package, level)
           ^^^^^^^^^^^^^^^^^^^^^^^^^^^^^^^^^^^^^^^^^^^^^^^^^^^^
  File "<frozen importlib._bootstrap>", line 1387, in _gcd_import
  File "<frozen importlib._bootstrap>", line 1360, in _find_and_load
  File "<frozen importlib._bootstrap>", line 1331, in _find_and_load_unlocked
  File "<frozen importlib._bootstrap>", line 935, in _load_unlocked
  File "<frozen importlib._bootstrap_external>", line 995, in exec_module
  File "<frozen importlib._bootstrap>", line 488, in _call_with_frames_removed
  File "/opt/automacoes/cliquedf/estoque/main.py", line 16, in <module>
    from app.routes import auth, estoque, compras, admin as admin_router
  File "/opt/automacoes/cliquedf/estoque/app/routes/compras.py", line 70
    linhas = [f"🛒 <b>Novo Pedido de Compra</b> — {agora}
              ^
SyntaxError: unterminated f-string literal (detected at line 70)
Traceback (most recent call last):
  File "/opt/automacoes/cliquedf/estoque/venv/bin/uvicorn", line 6, in <module>
    sys.exit(main())
             ^^^^^^
  File "/opt/automacoes/cliquedf/estoque/venv/lib/python3.12/site-packages/click/core.py", line 1514, in __call__
    return self.main(*args, **kwargs)
           ^^^^^^^^^^^^^^^^^^^^^^^^^^
  File "/opt/automacoes/cliquedf/estoque/venv/lib/python3.12/site-packages/click/core.py", line 1435, in main
    rv = self.invoke(ctx)
         ^^^^^^^^^^^^^^^^
  File "/opt/automacoes/cliquedf/estoque/venv/lib/python3.12/site-packages/click/core.py", line 1298, in invoke
    return ctx.invoke(self.callback, **ctx.params)
           ^^^^^^^^^^^^^^^^^^^^^^^^^^^^^^^^^^^^^^^
  File "/opt/automacoes/cliquedf/estoque/venv/lib/python3.12/site-packages/click/core.py", line 853, in invoke
    return callback(*args, **kwargs)
           ^^^^^^^^^^^^^^^^^^^^^^^^^
  File "/opt/automacoes/cliquedf/estoque/venv/lib/python3.12/site-packages/uvicorn/main.py", line 441, in main
    run(
  File "/opt/automacoes/cliquedf/estoque/venv/lib/python3.12/site-packages/uvicorn/main.py", line 617, in run
    server.run()
  File "/opt/automacoes/cliquedf/estoque/venv/lib/python3.12/site-packages/uvicorn/server.py", line 75, in run
    return asyncio_run(self.serve(sockets=sockets), loop_factory=self.config.get_loop_factory())
           ^^^^^^^^^^^^^^^^^^^^^^^^^^^^^^^^^^^^^^^^^^^^^^^^^^^^^^^^^^^^^^^^^^^^^^^^^^^^^^^^^^^^^
  File "/usr/lib/python3.12/asyncio/runners.py", line 194, in run
    return runner.run(main)
           ^^^^^^^^^^^^^^^^
  File "/usr/lib/python3.12/asyncio/runners.py", line 118, in run
    return self._loop.run_until_complete(task)
           ^^^^^^^^^^^^^^^^^^^^^^^^^^^^^^^^^^^
  File "uvloop/loop.pyx", line 1518, in uvloop.loop.Loop.run_until_complete
  File "/opt/automacoes/cliquedf/estoque/venv/lib/python3.12/site-packages/uvicorn/server.py", line 79, in serve
    await self._serve(sockets)
  File "/opt/automacoes/cliquedf/estoque/venv/lib/python3.12/site-packages/uvicorn/server.py", line 86, in _serve
    config.load()
  File "/opt/automacoes/cliquedf/estoque/venv/lib/python3.12/site-packages/uvicorn/config.py", line 449, in load
    self.loaded_app = import_from_string(self.app)
                      ^^^^^^^^^^^^^^^^^^^^^^^^^^^^
  File "/opt/automacoes/cliquedf/estoque/venv/lib/python3.12/site-packages/uvicorn/importer.py", line 19, in import_from_string
    module = importlib.import_module(module_str)
             ^^^^^^^^^^^^^^^^^^^^^^^^^^^^^^^^^^^
  File "/usr/lib/python3.12/importlib/__init__.py", line 90, in import_module
    return _bootstrap._gcd_import(name[level:], package, level)
           ^^^^^^^^^^^^^^^^^^^^^^^^^^^^^^^^^^^^^^^^^^^^^^^^^^^^
  File "<frozen importlib._bootstrap>", line 1387, in _gcd_import
  File "<frozen importlib._bootstrap>", line 1360, in _find_and_load
  File "<frozen importlib._bootstrap>", line 1331, in _find_and_load_unlocked
  File "<frozen importlib._bootstrap>", line 935, in _load_unlocked
  File "<frozen importlib._bootstrap_external>", line 995, in exec_module
  File "<frozen importlib._bootstrap>", line 488, in _call_with_frames_removed
  File "/opt/automacoes/cliquedf/estoque/main.py", line 16, in <module>
    from app.routes import auth, estoque, compras, admin as admin_router
  File "/opt/automacoes/cliquedf/estoque/app/routes/compras.py", line 70
    linhas = [f"🛒 <b>Novo Pedido de Compra</b> — {agora}
              ^
SyntaxError: unterminated f-string literal (detected at line 70)
Traceback (most recent call last):
  File "/opt/automacoes/cliquedf/estoque/venv/bin/uvicorn", line 6, in <module>
    sys.exit(main())
             ^^^^^^
  File "/opt/automacoes/cliquedf/estoque/venv/lib/python3.12/site-packages/click/core.py", line 1514, in __call__
    return self.main(*args, **kwargs)
           ^^^^^^^^^^^^^^^^^^^^^^^^^^
  File "/opt/automacoes/cliquedf/estoque/venv/lib/python3.12/site-packages/click/core.py", line 1435, in main
    rv = self.invoke(ctx)
         ^^^^^^^^^^^^^^^^
  File "/opt/automacoes/cliquedf/estoque/venv/lib/python3.12/site-packages/click/core.py", line 1298, in invoke
    return ctx.invoke(self.callback, **ctx.params)
           ^^^^^^^^^^^^^^^^^^^^^^^^^^^^^^^^^^^^^^^
  File "/opt/automacoes/cliquedf/estoque/venv/lib/python3.12/site-packages/click/core.py", line 853, in invoke
    return callback(*args, **kwargs)
           ^^^^^^^^^^^^^^^^^^^^^^^^^
  File "/opt/automacoes/cliquedf/estoque/venv/lib/python3.12/site-packages/uvicorn/main.py", line 441, in main
    run(
  File "/opt/automacoes/cliquedf/estoque/venv/lib/python3.12/site-packages/uvicorn/main.py", line 617, in run
    server.run()
  File "/opt/automacoes/cliquedf/estoque/venv/lib/python3.12/site-packages/uvicorn/server.py", line 75, in run
    return asyncio_run(self.serve(sockets=sockets), loop_factory=self.config.get_loop_factory())
           ^^^^^^^^^^^^^^^^^^^^^^^^^^^^^^^^^^^^^^^^^^^^^^^^^^^^^^^^^^^^^^^^^^^^^^^^^^^^^^^^^^^^^
  File "/usr/lib/python3.12/asyncio/runners.py", line 194, in run
    return runner.run(main)
           ^^^^^^^^^^^^^^^^
  File "/usr/lib/python3.12/asyncio/runners.py", line 118, in run
    return self._loop.run_until_complete(task)
           ^^^^^^^^^^^^^^^^^^^^^^^^^^^^^^^^^^^
  File "uvloop/loop.pyx", line 1518, in uvloop.loop.Loop.run_until_complete
  File "/opt/automacoes/cliquedf/estoque/venv/lib/python3.12/site-packages/uvicorn/server.py", line 79, in serve
    await self._serve(sockets)
  File "/opt/automacoes/cliquedf/estoque/venv/lib/python3.12/site-packages/uvicorn/server.py", line 86, in _serve
    config.load()
  File "/opt/automacoes/cliquedf/estoque/venv/lib/python3.12/site-packages/uvicorn/config.py", line 449, in load
    self.loaded_app = import_from_string(self.app)
                      ^^^^^^^^^^^^^^^^^^^^^^^^^^^^
  File "/opt/automacoes/cliquedf/estoque/venv/lib/python3.12/site-packages/uvicorn/importer.py", line 19, in import_from_string
    module = importlib.import_module(module_str)
             ^^^^^^^^^^^^^^^^^^^^^^^^^^^^^^^^^^^
  File "/usr/lib/python3.12/importlib/__init__.py", line 90, in import_module
    return _bootstrap._gcd_import(name[level:], package, level)
           ^^^^^^^^^^^^^^^^^^^^^^^^^^^^^^^^^^^^^^^^^^^^^^^^^^^^
  File "<frozen importlib._bootstrap>", line 1387, in _gcd_import
  File "<frozen importlib._bootstrap>", line 1360, in _find_and_load
  File "<frozen importlib._bootstrap>", line 1331, in _find_and_load_unlocked
  File "<frozen importlib._bootstrap>", line 935, in _load_unlocked
  File "<frozen importlib._bootstrap_external>", line 995, in exec_module
  File "<frozen importlib._bootstrap>", line 488, in _call_with_frames_removed
  File "/opt/automacoes/cliquedf/estoque/main.py", line 16, in <module>
    from app.routes import auth, estoque, compras, admin as admin_router
  File "/opt/automacoes/cliquedf/estoque/app/routes/compras.py", line 70
    linhas = [f"🛒 <b>Novo Pedido de Compra</b> — {agora}
              ^
SyntaxError: unterminated f-string literal (detected at line 70)
Traceback (most recent call last):
  File "/opt/automacoes/cliquedf/estoque/venv/bin/uvicorn", line 6, in <module>
    sys.exit(main())
             ^^^^^^
  File "/opt/automacoes/cliquedf/estoque/venv/lib/python3.12/site-packages/click/core.py", line 1514, in __call__
    return self.main(*args, **kwargs)
           ^^^^^^^^^^^^^^^^^^^^^^^^^^
  File "/opt/automacoes/cliquedf/estoque/venv/lib/python3.12/site-packages/click/core.py", line 1435, in main
    rv = self.invoke(ctx)
         ^^^^^^^^^^^^^^^^
  File "/opt/automacoes/cliquedf/estoque/venv/lib/python3.12/site-packages/click/core.py", line 1298, in invoke
    return ctx.invoke(self.callback, **ctx.params)
           ^^^^^^^^^^^^^^^^^^^^^^^^^^^^^^^^^^^^^^^
  File "/opt/automacoes/cliquedf/estoque/venv/lib/python3.12/site-packages/click/core.py", line 853, in invoke
    return callback(*args, **kwargs)
           ^^^^^^^^^^^^^^^^^^^^^^^^^
  File "/opt/automacoes/cliquedf/estoque/venv/lib/python3.12/site-packages/uvicorn/main.py", line 441, in main
    run(
  File "/opt/automacoes/cliquedf/estoque/venv/lib/python3.12/site-packages/uvicorn/main.py", line 617, in run
    server.run()
  File "/opt/automacoes/cliquedf/estoque/venv/lib/python3.12/site-packages/uvicorn/server.py", line 75, in run
    return asyncio_run(self.serve(sockets=sockets), loop_factory=self.config.get_loop_factory())
           ^^^^^^^^^^^^^^^^^^^^^^^^^^^^^^^^^^^^^^^^^^^^^^^^^^^^^^^^^^^^^^^^^^^^^^^^^^^^^^^^^^^^^
  File "/usr/lib/python3.12/asyncio/runners.py", line 194, in run
    return runner.run(main)
           ^^^^^^^^^^^^^^^^
  File "/usr/lib/python3.12/asyncio/runners.py", line 118, in run
    return self._loop.run_until_complete(task)
           ^^^^^^^^^^^^^^^^^^^^^^^^^^^^^^^^^^^
  File "uvloop/loop.pyx", line 1518, in uvloop.loop.Loop.run_until_complete
  File "/opt/automacoes/cliquedf/estoque/venv/lib/python3.12/site-packages/uvicorn/server.py", line 79, in serve
    await self._serve(sockets)
  File "/opt/automacoes/cliquedf/estoque/venv/lib/python3.12/site-packages/uvicorn/server.py", line 86, in _serve
    config.load()
  File "/opt/automacoes/cliquedf/estoque/venv/lib/python3.12/site-packages/uvicorn/config.py", line 449, in load
    self.loaded_app = import_from_string(self.app)
                      ^^^^^^^^^^^^^^^^^^^^^^^^^^^^
  File "/opt/automacoes/cliquedf/estoque/venv/lib/python3.12/site-packages/uvicorn/importer.py", line 19, in import_from_string
    module = importlib.import_module(module_str)
             ^^^^^^^^^^^^^^^^^^^^^^^^^^^^^^^^^^^
  File "/usr/lib/python3.12/importlib/__init__.py", line 90, in import_module
    return _bootstrap._gcd_import(name[level:], package, level)
           ^^^^^^^^^^^^^^^^^^^^^^^^^^^^^^^^^^^^^^^^^^^^^^^^^^^^
  File "<frozen importlib._bootstrap>", line 1387, in _gcd_import
  File "<frozen importlib._bootstrap>", line 1360, in _find_and_load
  File "<frozen importlib._bootstrap>", line 1331, in _find_and_load_unlocked
  File "<frozen importlib._bootstrap>", line 935, in _load_unlocked
  File "<frozen importlib._bootstrap_external>", line 995, in exec_module
  File "<frozen importlib._bootstrap>", line 488, in _call_with_frames_removed
  File "/opt/automacoes/cliquedf/estoque/main.py", line 16, in <module>
    from app.routes import auth, estoque, compras, admin as admin_router
  File "/opt/automacoes/cliquedf/estoque/app/routes/compras.py", line 70
    linhas = [f"🛒 <b>Novo Pedido de Compra</b> — {agora}
              ^
SyntaxError: unterminated f-string literal (detected at line 70)
Traceback (most recent call last):
  File "/opt/automacoes/cliquedf/estoque/venv/bin/uvicorn", line 6, in <module>
    sys.exit(main())
             ^^^^^^
  File "/opt/automacoes/cliquedf/estoque/venv/lib/python3.12/site-packages/click/core.py", line 1514, in __call__
    return self.main(*args, **kwargs)
           ^^^^^^^^^^^^^^^^^^^^^^^^^^
  File "/opt/automacoes/cliquedf/estoque/venv/lib/python3.12/site-packages/click/core.py", line 1435, in main
    rv = self.invoke(ctx)
         ^^^^^^^^^^^^^^^^
  File "/opt/automacoes/cliquedf/estoque/venv/lib/python3.12/site-packages/click/core.py", line 1298, in invoke
    return ctx.invoke(self.callback, **ctx.params)
           ^^^^^^^^^^^^^^^^^^^^^^^^^^^^^^^^^^^^^^^
  File "/opt/automacoes/cliquedf/estoque/venv/lib/python3.12/site-packages/click/core.py", line 853, in invoke
    return callback(*args, **kwargs)
           ^^^^^^^^^^^^^^^^^^^^^^^^^
  File "/opt/automacoes/cliquedf/estoque/venv/lib/python3.12/site-packages/uvicorn/main.py", line 441, in main
    run(
  File "/opt/automacoes/cliquedf/estoque/venv/lib/python3.12/site-packages/uvicorn/main.py", line 617, in run
    server.run()
  File "/opt/automacoes/cliquedf/estoque/venv/lib/python3.12/site-packages/uvicorn/server.py", line 75, in run
    return asyncio_run(self.serve(sockets=sockets), loop_factory=self.config.get_loop_factory())
           ^^^^^^^^^^^^^^^^^^^^^^^^^^^^^^^^^^^^^^^^^^^^^^^^^^^^^^^^^^^^^^^^^^^^^^^^^^^^^^^^^^^^^
  File "/usr/lib/python3.12/asyncio/runners.py", line 194, in run
    return runner.run(main)
           ^^^^^^^^^^^^^^^^
  File "/usr/lib/python3.12/asyncio/runners.py", line 118, in run
    return self._loop.run_until_complete(task)
           ^^^^^^^^^^^^^^^^^^^^^^^^^^^^^^^^^^^
  File "uvloop/loop.pyx", line 1518, in uvloop.loop.Loop.run_until_complete
  File "/opt/automacoes/cliquedf/estoque/venv/lib/python3.12/site-packages/uvicorn/server.py", line 79, in serve
    await self._serve(sockets)
  File "/opt/automacoes/cliquedf/estoque/venv/lib/python3.12/site-packages/uvicorn/server.py", line 86, in _serve
    config.load()
  File "/opt/automacoes/cliquedf/estoque/venv/lib/python3.12/site-packages/uvicorn/config.py", line 449, in load
    self.loaded_app = import_from_string(self.app)
                      ^^^^^^^^^^^^^^^^^^^^^^^^^^^^
  File "/opt/automacoes/cliquedf/estoque/venv/lib/python3.12/site-packages/uvicorn/importer.py", line 19, in import_from_string
    module = importlib.import_module(module_str)
             ^^^^^^^^^^^^^^^^^^^^^^^^^^^^^^^^^^^
  File "/usr/lib/python3.12/importlib/__init__.py", line 90, in import_module
    return _bootstrap._gcd_import(name[level:], package, level)
           ^^^^^^^^^^^^^^^^^^^^^^^^^^^^^^^^^^^^^^^^^^^^^^^^^^^^
  File "<frozen importlib._bootstrap>", line 1387, in _gcd_import
  File "<frozen importlib._bootstrap>", line 1360, in _find_and_load
  File "<frozen importlib._bootstrap>", line 1331, in _find_and_load_unlocked
  File "<frozen importlib._bootstrap>", line 935, in _load_unlocked
  File "<frozen importlib._bootstrap_external>", line 995, in exec_module
  File "<frozen importlib._bootstrap>", line 488, in _call_with_frames_removed
  File "/opt/automacoes/cliquedf/estoque/main.py", line 16, in <module>
    from app.routes import auth, estoque, compras, admin as admin_router
  File "/opt/automacoes/cliquedf/estoque/app/routes/compras.py", line 70
    linhas = [f"🛒 <b>Novo Pedido de Compra</b> — {agora}
              ^
SyntaxError: unterminated f-string literal (detected at line 70)
Traceback (most recent call last):
  File "/opt/automacoes/cliquedf/estoque/venv/bin/uvicorn", line 6, in <module>
    sys.exit(main())
             ^^^^^^
  File "/opt/automacoes/cliquedf/estoque/venv/lib/python3.12/site-packages/click/core.py", line 1514, in __call__
    return self.main(*args, **kwargs)
           ^^^^^^^^^^^^^^^^^^^^^^^^^^
  File "/opt/automacoes/cliquedf/estoque/venv/lib/python3.12/site-packages/click/core.py", line 1435, in main
    rv = self.invoke(ctx)
         ^^^^^^^^^^^^^^^^
  File "/opt/automacoes/cliquedf/estoque/venv/lib/python3.12/site-packages/click/core.py", line 1298, in invoke
    return ctx.invoke(self.callback, **ctx.params)
           ^^^^^^^^^^^^^^^^^^^^^^^^^^^^^^^^^^^^^^^
  File "/opt/automacoes/cliquedf/estoque/venv/lib/python3.12/site-packages/click/core.py", line 853, in invoke
    return callback(*args, **kwargs)
           ^^^^^^^^^^^^^^^^^^^^^^^^^
  File "/opt/automacoes/cliquedf/estoque/venv/lib/python3.12/site-packages/uvicorn/main.py", line 441, in main
    run(
  File "/opt/automacoes/cliquedf/estoque/venv/lib/python3.12/site-packages/uvicorn/main.py", line 617, in run
    server.run()
  File "/opt/automacoes/cliquedf/estoque/venv/lib/python3.12/site-packages/uvicorn/server.py", line 75, in run
    return asyncio_run(self.serve(sockets=sockets), loop_factory=self.config.get_loop_factory())
           ^^^^^^^^^^^^^^^^^^^^^^^^^^^^^^^^^^^^^^^^^^^^^^^^^^^^^^^^^^^^^^^^^^^^^^^^^^^^^^^^^^^^^
  File "/usr/lib/python3.12/asyncio/runners.py", line 194, in run
    return runner.run(main)
           ^^^^^^^^^^^^^^^^
  File "/usr/lib/python3.12/asyncio/runners.py", line 118, in run
    return self._loop.run_until_complete(task)
           ^^^^^^^^^^^^^^^^^^^^^^^^^^^^^^^^^^^
  File "uvloop/loop.pyx", line 1518, in uvloop.loop.Loop.run_until_complete
  File "/opt/automacoes/cliquedf/estoque/venv/lib/python3.12/site-packages/uvicorn/server.py", line 79, in serve
    await self._serve(sockets)
  File "/opt/automacoes/cliquedf/estoque/venv/lib/python3.12/site-packages/uvicorn/server.py", line 86, in _serve
    config.load()
  File "/opt/automacoes/cliquedf/estoque/venv/lib/python3.12/site-packages/uvicorn/config.py", line 449, in load
    self.loaded_app = import_from_string(self.app)
                      ^^^^^^^^^^^^^^^^^^^^^^^^^^^^
  File "/opt/automacoes/cliquedf/estoque/venv/lib/python3.12/site-packages/uvicorn/importer.py", line 19, in import_from_string
    module = importlib.import_module(module_str)
             ^^^^^^^^^^^^^^^^^^^^^^^^^^^^^^^^^^^
  File "/usr/lib/python3.12/importlib/__init__.py", line 90, in import_module
    return _bootstrap._gcd_import(name[level:], package, level)
           ^^^^^^^^^^^^^^^^^^^^^^^^^^^^^^^^^^^^^^^^^^^^^^^^^^^^
  File "<frozen importlib._bootstrap>", line 1387, in _gcd_import
  File "<frozen importlib._bootstrap>", line 1360, in _find_and_load
  File "<frozen importlib._bootstrap>", line 1331, in _find_and_load_unlocked
  File "<frozen importlib._bootstrap>", line 935, in _load_unlocked
  File "<frozen importlib._bootstrap_external>", line 995, in exec_module
  File "<frozen importlib._bootstrap>", line 488, in _call_with_frames_removed
  File "/opt/automacoes/cliquedf/estoque/main.py", line 16, in <module>
    from app.routes import auth, estoque, compras, admin as admin_router
  File "/opt/automacoes/cliquedf/estoque/app/routes/compras.py", line 70
    linhas = [f"🛒 <b>Novo Pedido de Compra</b> — {agora}
              ^
SyntaxError: unterminated f-string literal (detected at line 70)
Traceback (most recent call last):
  File "/opt/automacoes/cliquedf/estoque/venv/bin/uvicorn", line 6, in <module>
    sys.exit(main())
             ^^^^^^
  File "/opt/automacoes/cliquedf/estoque/venv/lib/python3.12/site-packages/click/core.py", line 1514, in __call__
    return self.main(*args, **kwargs)
           ^^^^^^^^^^^^^^^^^^^^^^^^^^
  File "/opt/automacoes/cliquedf/estoque/venv/lib/python3.12/site-packages/click/core.py", line 1435, in main
    rv = self.invoke(ctx)
         ^^^^^^^^^^^^^^^^
  File "/opt/automacoes/cliquedf/estoque/venv/lib/python3.12/site-packages/click/core.py", line 1298, in invoke
    return ctx.invoke(self.callback, **ctx.params)
           ^^^^^^^^^^^^^^^^^^^^^^^^^^^^^^^^^^^^^^^
  File "/opt/automacoes/cliquedf/estoque/venv/lib/python3.12/site-packages/click/core.py", line 853, in invoke
    return callback(*args, **kwargs)
           ^^^^^^^^^^^^^^^^^^^^^^^^^
  File "/opt/automacoes/cliquedf/estoque/venv/lib/python3.12/site-packages/uvicorn/main.py", line 441, in main
    run(
  File "/opt/automacoes/cliquedf/estoque/venv/lib/python3.12/site-packages/uvicorn/main.py", line 617, in run
    server.run()
  File "/opt/automacoes/cliquedf/estoque/venv/lib/python3.12/site-packages/uvicorn/server.py", line 75, in run
    return asyncio_run(self.serve(sockets=sockets), loop_factory=self.config.get_loop_factory())
           ^^^^^^^^^^^^^^^^^^^^^^^^^^^^^^^^^^^^^^^^^^^^^^^^^^^^^^^^^^^^^^^^^^^^^^^^^^^^^^^^^^^^^
  File "/usr/lib/python3.12/asyncio/runners.py", line 194, in run
    return runner.run(main)
           ^^^^^^^^^^^^^^^^
  File "/usr/lib/python3.12/asyncio/runners.py", line 118, in run
    return self._loop.run_until_complete(task)
           ^^^^^^^^^^^^^^^^^^^^^^^^^^^^^^^^^^^
  File "uvloop/loop.pyx", line 1518, in uvloop.loop.Loop.run_until_complete
  File "/opt/automacoes/cliquedf/estoque/venv/lib/python3.12/site-packages/uvicorn/server.py", line 79, in serve
    await self._serve(sockets)
  File "/opt/automacoes/cliquedf/estoque/venv/lib/python3.12/site-packages/uvicorn/server.py", line 86, in _serve
    config.load()
  File "/opt/automacoes/cliquedf/estoque/venv/lib/python3.12/site-packages/uvicorn/config.py", line 449, in load
    self.loaded_app = import_from_string(self.app)
                      ^^^^^^^^^^^^^^^^^^^^^^^^^^^^
  File "/opt/automacoes/cliquedf/estoque/venv/lib/python3.12/site-packages/uvicorn/importer.py", line 19, in import_from_string
    module = importlib.import_module(module_str)
             ^^^^^^^^^^^^^^^^^^^^^^^^^^^^^^^^^^^
  File "/usr/lib/python3.12/importlib/__init__.py", line 90, in import_module
    return _bootstrap._gcd_import(name[level:], package, level)
           ^^^^^^^^^^^^^^^^^^^^^^^^^^^^^^^^^^^^^^^^^^^^^^^^^^^^
  File "<frozen importlib._bootstrap>", line 1387, in _gcd_import
  File "<frozen importlib._bootstrap>", line 1360, in _find_and_load
  File "<frozen importlib._bootstrap>", line 1331, in _find_and_load_unlocked
  File "<frozen importlib._bootstrap>", line 935, in _load_unlocked
  File "<frozen importlib._bootstrap_external>", line 995, in exec_module
  File "<frozen importlib._bootstrap>", line 488, in _call_with_frames_removed
  File "/opt/automacoes/cliquedf/estoque/main.py", line 16, in <module>
    from app.routes import auth, estoque, compras, admin as admin_router
  File "/opt/automacoes/cliquedf/estoque/app/routes/compras.py", line 70
    linhas = [f"🛒 <b>Novo Pedido de Compra</b> — {agora}
              ^
SyntaxError: unterminated f-string literal (detected at line 70)
Traceback (most recent call last):
  File "/opt/automacoes/cliquedf/estoque/venv/bin/uvicorn", line 6, in <module>
    sys.exit(main())
             ^^^^^^
  File "/opt/automacoes/cliquedf/estoque/venv/lib/python3.12/site-packages/click/core.py", line 1514, in __call__
    return self.main(*args, **kwargs)
           ^^^^^^^^^^^^^^^^^^^^^^^^^^
  File "/opt/automacoes/cliquedf/estoque/venv/lib/python3.12/site-packages/click/core.py", line 1435, in main
    rv = self.invoke(ctx)
         ^^^^^^^^^^^^^^^^
  File "/opt/automacoes/cliquedf/estoque/venv/lib/python3.12/site-packages/click/core.py", line 1298, in invoke
    return ctx.invoke(self.callback, **ctx.params)
           ^^^^^^^^^^^^^^^^^^^^^^^^^^^^^^^^^^^^^^^
  File "/opt/automacoes/cliquedf/estoque/venv/lib/python3.12/site-packages/click/core.py", line 853, in invoke
    return callback(*args, **kwargs)
           ^^^^^^^^^^^^^^^^^^^^^^^^^
  File "/opt/automacoes/cliquedf/estoque/venv/lib/python3.12/site-packages/uvicorn/main.py", line 441, in main
    run(
  File "/opt/automacoes/cliquedf/estoque/venv/lib/python3.12/site-packages/uvicorn/main.py", line 617, in run
    server.run()
  File "/opt/automacoes/cliquedf/estoque/venv/lib/python3.12/site-packages/uvicorn/server.py", line 75, in run
    return asyncio_run(self.serve(sockets=sockets), loop_factory=self.config.get_loop_factory())
           ^^^^^^^^^^^^^^^^^^^^^^^^^^^^^^^^^^^^^^^^^^^^^^^^^^^^^^^^^^^^^^^^^^^^^^^^^^^^^^^^^^^^^
  File "/usr/lib/python3.12/asyncio/runners.py", line 194, in run
    return runner.run(main)
           ^^^^^^^^^^^^^^^^
  File "/usr/lib/python3.12/asyncio/runners.py", line 118, in run
    return self._loop.run_until_complete(task)
           ^^^^^^^^^^^^^^^^^^^^^^^^^^^^^^^^^^^
  File "uvloop/loop.pyx", line 1518, in uvloop.loop.Loop.run_until_complete
  File "/opt/automacoes/cliquedf/estoque/venv/lib/python3.12/site-packages/uvicorn/server.py", line 79, in serve
    await self._serve(sockets)
  File "/opt/automacoes/cliquedf/estoque/venv/lib/python3.12/site-packages/uvicorn/server.py", line 86, in _serve
    config.load()
  File "/opt/automacoes/cliquedf/estoque/venv/lib/python3.12/site-packages/uvicorn/config.py", line 449, in load
    self.loaded_app = import_from_string(self.app)
                      ^^^^^^^^^^^^^^^^^^^^^^^^^^^^
  File "/opt/automacoes/cliquedf/estoque/venv/lib/python3.12/site-packages/uvicorn/importer.py", line 19, in import_from_string
    module = importlib.import_module(module_str)
             ^^^^^^^^^^^^^^^^^^^^^^^^^^^^^^^^^^^
  File "/usr/lib/python3.12/importlib/__init__.py", line 90, in import_module
    return _bootstrap._gcd_import(name[level:], package, level)
           ^^^^^^^^^^^^^^^^^^^^^^^^^^^^^^^^^^^^^^^^^^^^^^^^^^^^
  File "<frozen importlib._bootstrap>", line 1387, in _gcd_import
  File "<frozen importlib._bootstrap>", line 1360, in _find_and_load
  File "<frozen importlib._bootstrap>", line 1331, in _find_and_load_unlocked
  File "<frozen importlib._bootstrap>", line 935, in _load_unlocked
  File "<frozen importlib._bootstrap_external>", line 995, in exec_module
  File "<frozen importlib._bootstrap>", line 488, in _call_with_frames_removed
  File "/opt/automacoes/cliquedf/estoque/main.py", line 16, in <module>
    from app.routes import auth, estoque, compras, admin as admin_router
  File "/opt/automacoes/cliquedf/estoque/app/routes/compras.py", line 70
    linhas = [f"🛒 <b>Novo Pedido de Compra</b> — {agora}
              ^
SyntaxError: unterminated f-string literal (detected at line 70)
Traceback (most recent call last):
  File "/opt/automacoes/cliquedf/estoque/venv/bin/uvicorn", line 6, in <module>
    sys.exit(main())
             ^^^^^^
  File "/opt/automacoes/cliquedf/estoque/venv/lib/python3.12/site-packages/click/core.py", line 1514, in __call__
    return self.main(*args, **kwargs)
           ^^^^^^^^^^^^^^^^^^^^^^^^^^
  File "/opt/automacoes/cliquedf/estoque/venv/lib/python3.12/site-packages/click/core.py", line 1435, in main
    rv = self.invoke(ctx)
         ^^^^^^^^^^^^^^^^
  File "/opt/automacoes/cliquedf/estoque/venv/lib/python3.12/site-packages/click/core.py", line 1298, in invoke
    return ctx.invoke(self.callback, **ctx.params)
           ^^^^^^^^^^^^^^^^^^^^^^^^^^^^^^^^^^^^^^^
  File "/opt/automacoes/cliquedf/estoque/venv/lib/python3.12/site-packages/click/core.py", line 853, in invoke
    return callback(*args, **kwargs)
           ^^^^^^^^^^^^^^^^^^^^^^^^^
  File "/opt/automacoes/cliquedf/estoque/venv/lib/python3.12/site-packages/uvicorn/main.py", line 441, in main
    run(
  File "/opt/automacoes/cliquedf/estoque/venv/lib/python3.12/site-packages/uvicorn/main.py", line 617, in run
    server.run()
  File "/opt/automacoes/cliquedf/estoque/venv/lib/python3.12/site-packages/uvicorn/server.py", line 75, in run
    return asyncio_run(self.serve(sockets=sockets), loop_factory=self.config.get_loop_factory())
           ^^^^^^^^^^^^^^^^^^^^^^^^^^^^^^^^^^^^^^^^^^^^^^^^^^^^^^^^^^^^^^^^^^^^^^^^^^^^^^^^^^^^^
  File "/usr/lib/python3.12/asyncio/runners.py", line 194, in run
    return runner.run(main)
           ^^^^^^^^^^^^^^^^
  File "/usr/lib/python3.12/asyncio/runners.py", line 118, in run
    return self._loop.run_until_complete(task)
           ^^^^^^^^^^^^^^^^^^^^^^^^^^^^^^^^^^^
  File "uvloop/loop.pyx", line 1518, in uvloop.loop.Loop.run_until_complete
  File "/opt/automacoes/cliquedf/estoque/venv/lib/python3.12/site-packages/uvicorn/server.py", line 79, in serve
    await self._serve(sockets)
  File "/opt/automacoes/cliquedf/estoque/venv/lib/python3.12/site-packages/uvicorn/server.py", line 86, in _serve
    config.load()
  File "/opt/automacoes/cliquedf/estoque/venv/lib/python3.12/site-packages/uvicorn/config.py", line 449, in load
    self.loaded_app = import_from_string(self.app)
                      ^^^^^^^^^^^^^^^^^^^^^^^^^^^^
  File "/opt/automacoes/cliquedf/estoque/venv/lib/python3.12/site-packages/uvicorn/importer.py", line 19, in import_from_string
    module = importlib.import_module(module_str)
             ^^^^^^^^^^^^^^^^^^^^^^^^^^^^^^^^^^^
  File "/usr/lib/python3.12/importlib/__init__.py", line 90, in import_module
    return _bootstrap._gcd_import(name[level:], package, level)
           ^^^^^^^^^^^^^^^^^^^^^^^^^^^^^^^^^^^^^^^^^^^^^^^^^^^^
  File "<frozen importlib._bootstrap>", line 1387, in _gcd_import
  File "<frozen importlib._bootstrap>", line 1360, in _find_and_load
  File "<frozen importlib._bootstrap>", line 1331, in _find_and_load_unlocked
  File "<frozen importlib._bootstrap>", line 935, in _load_unlocked
  File "<frozen importlib._bootstrap_external>", line 995, in exec_module
  File "<frozen importlib._bootstrap>", line 488, in _call_with_frames_removed
  File "/opt/automacoes/cliquedf/estoque/main.py", line 16, in <module>
    from app.routes import auth, estoque, compras, admin as admin_router
  File "/opt/automacoes/cliquedf/estoque/app/routes/compras.py", line 70
    linhas = [f"🛒 <b>Novo Pedido de Compra</b> — {agora}
              ^
SyntaxError: unterminated f-string literal (detected at line 70)
Traceback (most recent call last):
  File "/opt/automacoes/cliquedf/estoque/venv/bin/uvicorn", line 6, in <module>
    sys.exit(main())
             ^^^^^^
  File "/opt/automacoes/cliquedf/estoque/venv/lib/python3.12/site-packages/click/core.py", line 1514, in __call__
    return self.main(*args, **kwargs)
           ^^^^^^^^^^^^^^^^^^^^^^^^^^
  File "/opt/automacoes/cliquedf/estoque/venv/lib/python3.12/site-packages/click/core.py", line 1435, in main
    rv = self.invoke(ctx)
         ^^^^^^^^^^^^^^^^
  File "/opt/automacoes/cliquedf/estoque/venv/lib/python3.12/site-packages/click/core.py", line 1298, in invoke
    return ctx.invoke(self.callback, **ctx.params)
           ^^^^^^^^^^^^^^^^^^^^^^^^^^^^^^^^^^^^^^^
  File "/opt/automacoes/cliquedf/estoque/venv/lib/python3.12/site-packages/click/core.py", line 853, in invoke
    return callback(*args, **kwargs)
           ^^^^^^^^^^^^^^^^^^^^^^^^^
  File "/opt/automacoes/cliquedf/estoque/venv/lib/python3.12/site-packages/uvicorn/main.py", line 441, in main
    run(
  File "/opt/automacoes/cliquedf/estoque/venv/lib/python3.12/site-packages/uvicorn/main.py", line 617, in run
    server.run()
  File "/opt/automacoes/cliquedf/estoque/venv/lib/python3.12/site-packages/uvicorn/server.py", line 75, in run
    return asyncio_run(self.serve(sockets=sockets), loop_factory=self.config.get_loop_factory())
           ^^^^^^^^^^^^^^^^^^^^^^^^^^^^^^^^^^^^^^^^^^^^^^^^^^^^^^^^^^^^^^^^^^^^^^^^^^^^^^^^^^^^^
  File "/usr/lib/python3.12/asyncio/runners.py", line 194, in run
    return runner.run(main)
           ^^^^^^^^^^^^^^^^
  File "/usr/lib/python3.12/asyncio/runners.py", line 118, in run
    return self._loop.run_until_complete(task)
           ^^^^^^^^^^^^^^^^^^^^^^^^^^^^^^^^^^^
  File "uvloop/loop.pyx", line 1518, in uvloop.loop.Loop.run_until_complete
  File "/opt/automacoes/cliquedf/estoque/venv/lib/python3.12/site-packages/uvicorn/server.py", line 79, in serve
    await self._serve(sockets)
  File "/opt/automacoes/cliquedf/estoque/venv/lib/python3.12/site-packages/uvicorn/server.py", line 86, in _serve
    config.load()
  File "/opt/automacoes/cliquedf/estoque/venv/lib/python3.12/site-packages/uvicorn/config.py", line 449, in load
    self.loaded_app = import_from_string(self.app)
                      ^^^^^^^^^^^^^^^^^^^^^^^^^^^^
  File "/opt/automacoes/cliquedf/estoque/venv/lib/python3.12/site-packages/uvicorn/importer.py", line 19, in import_from_string
    module = importlib.import_module(module_str)
             ^^^^^^^^^^^^^^^^^^^^^^^^^^^^^^^^^^^
  File "/usr/lib/python3.12/importlib/__init__.py", line 90, in import_module
    return _bootstrap._gcd_import(name[level:], package, level)
           ^^^^^^^^^^^^^^^^^^^^^^^^^^^^^^^^^^^^^^^^^^^^^^^^^^^^
  File "<frozen importlib._bootstrap>", line 1387, in _gcd_import
  File "<frozen importlib._bootstrap>", line 1360, in _find_and_load
  File "<frozen importlib._bootstrap>", line 1331, in _find_and_load_unlocked
  File "<frozen importlib._bootstrap>", line 935, in _load_unlocked
  File "<frozen importlib._bootstrap_external>", line 995, in exec_module
  File "<frozen importlib._bootstrap>", line 488, in _call_with_frames_removed
  File "/opt/automacoes/cliquedf/estoque/main.py", line 16, in <module>
    from app.routes import auth, estoque, compras, admin as admin_router
  File "/opt/automacoes/cliquedf/estoque/app/routes/compras.py", line 70
    linhas = [f"🛒 <b>Novo Pedido de Compra</b> — {agora}
              ^
SyntaxError: unterminated f-string literal (detected at line 70)
Traceback (most recent call last):
  File "/opt/automacoes/cliquedf/estoque/venv/bin/uvicorn", line 6, in <module>
    sys.exit(main())
             ^^^^^^
  File "/opt/automacoes/cliquedf/estoque/venv/lib/python3.12/site-packages/click/core.py", line 1514, in __call__
    return self.main(*args, **kwargs)
           ^^^^^^^^^^^^^^^^^^^^^^^^^^
  File "/opt/automacoes/cliquedf/estoque/venv/lib/python3.12/site-packages/click/core.py", line 1435, in main
    rv = self.invoke(ctx)
         ^^^^^^^^^^^^^^^^
  File "/opt/automacoes/cliquedf/estoque/venv/lib/python3.12/site-packages/click/core.py", line 1298, in invoke
    return ctx.invoke(self.callback, **ctx.params)
           ^^^^^^^^^^^^^^^^^^^^^^^^^^^^^^^^^^^^^^^
  File "/opt/automacoes/cliquedf/estoque/venv/lib/python3.12/site-packages/click/core.py", line 853, in invoke
    return callback(*args, **kwargs)
           ^^^^^^^^^^^^^^^^^^^^^^^^^
  File "/opt/automacoes/cliquedf/estoque/venv/lib/python3.12/site-packages/uvicorn/main.py", line 441, in main
    run(
  File "/opt/automacoes/cliquedf/estoque/venv/lib/python3.12/site-packages/uvicorn/main.py", line 617, in run
    server.run()
  File "/opt/automacoes/cliquedf/estoque/venv/lib/python3.12/site-packages/uvicorn/server.py", line 75, in run
    return asyncio_run(self.serve(sockets=sockets), loop_factory=self.config.get_loop_factory())
           ^^^^^^^^^^^^^^^^^^^^^^^^^^^^^^^^^^^^^^^^^^^^^^^^^^^^^^^^^^^^^^^^^^^^^^^^^^^^^^^^^^^^^
  File "/usr/lib/python3.12/asyncio/runners.py", line 194, in run
    return runner.run(main)
           ^^^^^^^^^^^^^^^^
  File "/usr/lib/python3.12/asyncio/runners.py", line 118, in run
    return self._loop.run_until_complete(task)
           ^^^^^^^^^^^^^^^^^^^^^^^^^^^^^^^^^^^
  File "uvloop/loop.pyx", line 1518, in uvloop.loop.Loop.run_until_complete
  File "/opt/automacoes/cliquedf/estoque/venv/lib/python3.12/site-packages/uvicorn/server.py", line 79, in serve
    await self._serve(sockets)
  File "/opt/automacoes/cliquedf/estoque/venv/lib/python3.12/site-packages/uvicorn/server.py", line 86, in _serve
    config.load()
  File "/opt/automacoes/cliquedf/estoque/venv/lib/python3.12/site-packages/uvicorn/config.py", line 449, in load
    self.loaded_app = import_from_string(self.app)
                      ^^^^^^^^^^^^^^^^^^^^^^^^^^^^
  File "/opt/automacoes/cliquedf/estoque/venv/lib/python3.12/site-packages/uvicorn/importer.py", line 19, in import_from_string
    module = importlib.import_module(module_str)
             ^^^^^^^^^^^^^^^^^^^^^^^^^^^^^^^^^^^
  File "/usr/lib/python3.12/importlib/__init__.py", line 90, in import_module
    return _bootstrap._gcd_import(name[level:], package, level)
           ^^^^^^^^^^^^^^^^^^^^^^^^^^^^^^^^^^^^^^^^^^^^^^^^^^^^
  File "<frozen importlib._bootstrap>", line 1387, in _gcd_import
  File "<frozen importlib._bootstrap>", line 1360, in _find_and_load
  File "<frozen importlib._bootstrap>", line 1331, in _find_and_load_unlocked
  File "<frozen importlib._bootstrap>", line 935, in _load_unlocked
  File "<frozen importlib._bootstrap_external>", line 995, in exec_module
  File "<frozen importlib._bootstrap>", line 488, in _call_with_frames_removed
  File "/opt/automacoes/cliquedf/estoque/main.py", line 16, in <module>
    from app.routes import auth, estoque, compras, admin as admin_router
  File "/opt/automacoes/cliquedf/estoque/app/routes/compras.py", line 70
    linhas = [f"🛒 <b>Novo Pedido de Compra</b> — {agora}
              ^
SyntaxError: unterminated f-string literal (detected at line 70)
Traceback (most recent call last):
  File "/opt/automacoes/cliquedf/estoque/venv/bin/uvicorn", line 6, in <module>
    sys.exit(main())
             ^^^^^^
  File "/opt/automacoes/cliquedf/estoque/venv/lib/python3.12/site-packages/click/core.py", line 1514, in __call__
    return self.main(*args, **kwargs)
           ^^^^^^^^^^^^^^^^^^^^^^^^^^
  File "/opt/automacoes/cliquedf/estoque/venv/lib/python3.12/site-packages/click/core.py", line 1435, in main
    rv = self.invoke(ctx)
         ^^^^^^^^^^^^^^^^
  File "/opt/automacoes/cliquedf/estoque/venv/lib/python3.12/site-packages/click/core.py", line 1298, in invoke
    return ctx.invoke(self.callback, **ctx.params)
           ^^^^^^^^^^^^^^^^^^^^^^^^^^^^^^^^^^^^^^^
  File "/opt/automacoes/cliquedf/estoque/venv/lib/python3.12/site-packages/click/core.py", line 853, in invoke
    return callback(*args, **kwargs)
           ^^^^^^^^^^^^^^^^^^^^^^^^^
  File "/opt/automacoes/cliquedf/estoque/venv/lib/python3.12/site-packages/uvicorn/main.py", line 441, in main
    run(
  File "/opt/automacoes/cliquedf/estoque/venv/lib/python3.12/site-packages/uvicorn/main.py", line 617, in run
    server.run()
  File "/opt/automacoes/cliquedf/estoque/venv/lib/python3.12/site-packages/uvicorn/server.py", line 75, in run
    return asyncio_run(self.serve(sockets=sockets), loop_factory=self.config.get_loop_factory())
           ^^^^^^^^^^^^^^^^^^^^^^^^^^^^^^^^^^^^^^^^^^^^^^^^^^^^^^^^^^^^^^^^^^^^^^^^^^^^^^^^^^^^^
  File "/usr/lib/python3.12/asyncio/runners.py", line 194, in run
    return runner.run(main)
           ^^^^^^^^^^^^^^^^
  File "/usr/lib/python3.12/asyncio/runners.py", line 118, in run
    return self._loop.run_until_complete(task)
           ^^^^^^^^^^^^^^^^^^^^^^^^^^^^^^^^^^^
  File "uvloop/loop.pyx", line 1518, in uvloop.loop.Loop.run_until_complete
  File "/opt/automacoes/cliquedf/estoque/venv/lib/python3.12/site-packages/uvicorn/server.py", line 79, in serve
    await self._serve(sockets)
  File "/opt/automacoes/cliquedf/estoque/venv/lib/python3.12/site-packages/uvicorn/server.py", line 86, in _serve
    config.load()
  File "/opt/automacoes/cliquedf/estoque/venv/lib/python3.12/site-packages/uvicorn/config.py", line 449, in load
    self.loaded_app = import_from_string(self.app)
                      ^^^^^^^^^^^^^^^^^^^^^^^^^^^^
  File "/opt/automacoes/cliquedf/estoque/venv/lib/python3.12/site-packages/uvicorn/importer.py", line 19, in import_from_string
    module = importlib.import_module(module_str)
             ^^^^^^^^^^^^^^^^^^^^^^^^^^^^^^^^^^^
  File "/usr/lib/python3.12/importlib/__init__.py", line 90, in import_module
    return _bootstrap._gcd_import(name[level:], package, level)
           ^^^^^^^^^^^^^^^^^^^^^^^^^^^^^^^^^^^^^^^^^^^^^^^^^^^^
  File "<frozen importlib._bootstrap>", line 1387, in _gcd_import
  File "<frozen importlib._bootstrap>", line 1360, in _find_and_load
  File "<frozen importlib._bootstrap>", line 1331, in _find_and_load_unlocked
  File "<frozen importlib._bootstrap>", line 935, in _load_unlocked
  File "<frozen importlib._bootstrap_external>", line 995, in exec_module
  File "<frozen importlib._bootstrap>", line 488, in _call_with_frames_removed
  File "/opt/automacoes/cliquedf/estoque/main.py", line 16, in <module>
    from app.routes import auth, estoque, compras, admin as admin_router
  File "/opt/automacoes/cliquedf/estoque/app/routes/compras.py", line 70
    linhas = [f"🛒 <b>Novo Pedido de Compra</b> — {agora}
              ^
SyntaxError: unterminated f-string literal (detected at line 70)
Traceback (most recent call last):
  File "/opt/automacoes/cliquedf/estoque/venv/bin/uvicorn", line 6, in <module>
    sys.exit(main())
             ^^^^^^
  File "/opt/automacoes/cliquedf/estoque/venv/lib/python3.12/site-packages/click/core.py", line 1514, in __call__
    return self.main(*args, **kwargs)
           ^^^^^^^^^^^^^^^^^^^^^^^^^^
  File "/opt/automacoes/cliquedf/estoque/venv/lib/python3.12/site-packages/click/core.py", line 1435, in main
    rv = self.invoke(ctx)
         ^^^^^^^^^^^^^^^^
  File "/opt/automacoes/cliquedf/estoque/venv/lib/python3.12/site-packages/click/core.py", line 1298, in invoke
    return ctx.invoke(self.callback, **ctx.params)
           ^^^^^^^^^^^^^^^^^^^^^^^^^^^^^^^^^^^^^^^
  File "/opt/automacoes/cliquedf/estoque/venv/lib/python3.12/site-packages/click/core.py", line 853, in invoke
    return callback(*args, **kwargs)
           ^^^^^^^^^^^^^^^^^^^^^^^^^
  File "/opt/automacoes/cliquedf/estoque/venv/lib/python3.12/site-packages/uvicorn/main.py", line 441, in main
    run(
  File "/opt/automacoes/cliquedf/estoque/venv/lib/python3.12/site-packages/uvicorn/main.py", line 617, in run
    server.run()
  File "/opt/automacoes/cliquedf/estoque/venv/lib/python3.12/site-packages/uvicorn/server.py", line 75, in run
    return asyncio_run(self.serve(sockets=sockets), loop_factory=self.config.get_loop_factory())
           ^^^^^^^^^^^^^^^^^^^^^^^^^^^^^^^^^^^^^^^^^^^^^^^^^^^^^^^^^^^^^^^^^^^^^^^^^^^^^^^^^^^^^
  File "/usr/lib/python3.12/asyncio/runners.py", line 194, in run
    return runner.run(main)
           ^^^^^^^^^^^^^^^^
  File "/usr/lib/python3.12/asyncio/runners.py", line 118, in run
    return self._loop.run_until_complete(task)
           ^^^^^^^^^^^^^^^^^^^^^^^^^^^^^^^^^^^
  File "uvloop/loop.pyx", line 1518, in uvloop.loop.Loop.run_until_complete
  File "/opt/automacoes/cliquedf/estoque/venv/lib/python3.12/site-packages/uvicorn/server.py", line 79, in serve
    await self._serve(sockets)
  File "/opt/automacoes/cliquedf/estoque/venv/lib/python3.12/site-packages/uvicorn/server.py", line 86, in _serve
    config.load()
  File "/opt/automacoes/cliquedf/estoque/venv/lib/python3.12/site-packages/uvicorn/config.py", line 449, in load
    self.loaded_app = import_from_string(self.app)
                      ^^^^^^^^^^^^^^^^^^^^^^^^^^^^
  File "/opt/automacoes/cliquedf/estoque/venv/lib/python3.12/site-packages/uvicorn/importer.py", line 19, in import_from_string
    module = importlib.import_module(module_str)
             ^^^^^^^^^^^^^^^^^^^^^^^^^^^^^^^^^^^
  File "/usr/lib/python3.12/importlib/__init__.py", line 90, in import_module
    return _bootstrap._gcd_import(name[level:], package, level)
           ^^^^^^^^^^^^^^^^^^^^^^^^^^^^^^^^^^^^^^^^^^^^^^^^^^^^
  File "<frozen importlib._bootstrap>", line 1387, in _gcd_import
  File "<frozen importlib._bootstrap>", line 1360, in _find_and_load
  File "<frozen importlib._bootstrap>", line 1331, in _find_and_load_unlocked
  File "<frozen importlib._bootstrap>", line 935, in _load_unlocked
  File "<frozen importlib._bootstrap_external>", line 995, in exec_module
  File "<frozen importlib._bootstrap>", line 488, in _call_with_frames_removed
  File "/opt/automacoes/cliquedf/estoque/main.py", line 16, in <module>
    from app.routes import auth, estoque, compras, admin as admin_router
  File "/opt/automacoes/cliquedf/estoque/app/routes/compras.py", line 70
    linhas = [f"🛒 <b>Novo Pedido de Compra</b> — {agora}
              ^
SyntaxError: unterminated f-string literal (detected at line 70)
Traceback (most recent call last):
  File "/opt/automacoes/cliquedf/estoque/venv/bin/uvicorn", line 6, in <module>
    sys.exit(main())
             ^^^^^^
  File "/opt/automacoes/cliquedf/estoque/venv/lib/python3.12/site-packages/click/core.py", line 1514, in __call__
    return self.main(*args, **kwargs)
           ^^^^^^^^^^^^^^^^^^^^^^^^^^
  File "/opt/automacoes/cliquedf/estoque/venv/lib/python3.12/site-packages/click/core.py", line 1435, in main
    rv = self.invoke(ctx)
         ^^^^^^^^^^^^^^^^
  File "/opt/automacoes/cliquedf/estoque/venv/lib/python3.12/site-packages/click/core.py", line 1298, in invoke
    return ctx.invoke(self.callback, **ctx.params)
           ^^^^^^^^^^^^^^^^^^^^^^^^^^^^^^^^^^^^^^^
  File "/opt/automacoes/cliquedf/estoque/venv/lib/python3.12/site-packages/click/core.py", line 853, in invoke
    return callback(*args, **kwargs)
           ^^^^^^^^^^^^^^^^^^^^^^^^^
  File "/opt/automacoes/cliquedf/estoque/venv/lib/python3.12/site-packages/uvicorn/main.py", line 441, in main
    run(
  File "/opt/automacoes/cliquedf/estoque/venv/lib/python3.12/site-packages/uvicorn/main.py", line 617, in run
    server.run()
  File "/opt/automacoes/cliquedf/estoque/venv/lib/python3.12/site-packages/uvicorn/server.py", line 75, in run
    return asyncio_run(self.serve(sockets=sockets), loop_factory=self.config.get_loop_factory())
           ^^^^^^^^^^^^^^^^^^^^^^^^^^^^^^^^^^^^^^^^^^^^^^^^^^^^^^^^^^^^^^^^^^^^^^^^^^^^^^^^^^^^^
  File "/usr/lib/python3.12/asyncio/runners.py", line 194, in run
    return runner.run(main)
           ^^^^^^^^^^^^^^^^
  File "/usr/lib/python3.12/asyncio/runners.py", line 118, in run
    return self._loop.run_until_complete(task)
           ^^^^^^^^^^^^^^^^^^^^^^^^^^^^^^^^^^^
  File "uvloop/loop.pyx", line 1518, in uvloop.loop.Loop.run_until_complete
  File "/opt/automacoes/cliquedf/estoque/venv/lib/python3.12/site-packages/uvicorn/server.py", line 79, in serve
    await self._serve(sockets)
  File "/opt/automacoes/cliquedf/estoque/venv/lib/python3.12/site-packages/uvicorn/server.py", line 86, in _serve
    config.load()
  File "/opt/automacoes/cliquedf/estoque/venv/lib/python3.12/site-packages/uvicorn/config.py", line 449, in load
    self.loaded_app = import_from_string(self.app)
                      ^^^^^^^^^^^^^^^^^^^^^^^^^^^^
  File "/opt/automacoes/cliquedf/estoque/venv/lib/python3.12/site-packages/uvicorn/importer.py", line 19, in import_from_string
    module = importlib.import_module(module_str)
             ^^^^^^^^^^^^^^^^^^^^^^^^^^^^^^^^^^^
  File "/usr/lib/python3.12/importlib/__init__.py", line 90, in import_module
    return _bootstrap._gcd_import(name[level:], package, level)
           ^^^^^^^^^^^^^^^^^^^^^^^^^^^^^^^^^^^^^^^^^^^^^^^^^^^^
  File "<frozen importlib._bootstrap>", line 1387, in _gcd_import
  File "<frozen importlib._bootstrap>", line 1360, in _find_and_load
  File "<frozen importlib._bootstrap>", line 1331, in _find_and_load_unlocked
  File "<frozen importlib._bootstrap>", line 935, in _load_unlocked
  File "<frozen importlib._bootstrap_external>", line 995, in exec_module
  File "<frozen importlib._bootstrap>", line 488, in _call_with_frames_removed
  File "/opt/automacoes/cliquedf/estoque/main.py", line 16, in <module>
    from app.routes import auth, estoque, compras, admin as admin_router
  File "/opt/automacoes/cliquedf/estoque/app/routes/compras.py", line 117
    linhas = [f"❌ <b>Pedido Cancelado</b> — {agora}
              ^
SyntaxError: unterminated f-string literal (detected at line 117)
Traceback (most recent call last):
  File "/opt/automacoes/cliquedf/estoque/venv/bin/uvicorn", line 6, in <module>
    sys.exit(main())
             ^^^^^^
  File "/opt/automacoes/cliquedf/estoque/venv/lib/python3.12/site-packages/click/core.py", line 1514, in __call__
    return self.main(*args, **kwargs)
           ^^^^^^^^^^^^^^^^^^^^^^^^^^
  File "/opt/automacoes/cliquedf/estoque/venv/lib/python3.12/site-packages/click/core.py", line 1435, in main
    rv = self.invoke(ctx)
         ^^^^^^^^^^^^^^^^
  File "/opt/automacoes/cliquedf/estoque/venv/lib/python3.12/site-packages/click/core.py", line 1298, in invoke
    return ctx.invoke(self.callback, **ctx.params)
           ^^^^^^^^^^^^^^^^^^^^^^^^^^^^^^^^^^^^^^^
  File "/opt/automacoes/cliquedf/estoque/venv/lib/python3.12/site-packages/click/core.py", line 853, in invoke
    return callback(*args, **kwargs)
           ^^^^^^^^^^^^^^^^^^^^^^^^^
  File "/opt/automacoes/cliquedf/estoque/venv/lib/python3.12/site-packages/uvicorn/main.py", line 441, in main
    run(
  File "/opt/automacoes/cliquedf/estoque/venv/lib/python3.12/site-packages/uvicorn/main.py", line 617, in run
    server.run()
  File "/opt/automacoes/cliquedf/estoque/venv/lib/python3.12/site-packages/uvicorn/server.py", line 75, in run
    return asyncio_run(self.serve(sockets=sockets), loop_factory=self.config.get_loop_factory())
           ^^^^^^^^^^^^^^^^^^^^^^^^^^^^^^^^^^^^^^^^^^^^^^^^^^^^^^^^^^^^^^^^^^^^^^^^^^^^^^^^^^^^^
  File "/usr/lib/python3.12/asyncio/runners.py", line 194, in run
    return runner.run(main)
           ^^^^^^^^^^^^^^^^
  File "/usr/lib/python3.12/asyncio/runners.py", line 118, in run
    return self._loop.run_until_complete(task)
           ^^^^^^^^^^^^^^^^^^^^^^^^^^^^^^^^^^^
  File "uvloop/loop.pyx", line 1518, in uvloop.loop.Loop.run_until_complete
  File "/opt/automacoes/cliquedf/estoque/venv/lib/python3.12/site-packages/uvicorn/server.py", line 79, in serve
    await self._serve(sockets)
  File "/opt/automacoes/cliquedf/estoque/venv/lib/python3.12/site-packages/uvicorn/server.py", line 86, in _serve
    config.load()
  File "/opt/automacoes/cliquedf/estoque/venv/lib/python3.12/site-packages/uvicorn/config.py", line 449, in load
    self.loaded_app = import_from_string(self.app)
                      ^^^^^^^^^^^^^^^^^^^^^^^^^^^^
  File "/opt/automacoes/cliquedf/estoque/venv/lib/python3.12/site-packages/uvicorn/importer.py", line 19, in import_from_string
    module = importlib.import_module(module_str)
             ^^^^^^^^^^^^^^^^^^^^^^^^^^^^^^^^^^^
  File "/usr/lib/python3.12/importlib/__init__.py", line 90, in import_module
    return _bootstrap._gcd_import(name[level:], package, level)
           ^^^^^^^^^^^^^^^^^^^^^^^^^^^^^^^^^^^^^^^^^^^^^^^^^^^^
  File "<frozen importlib._bootstrap>", line 1387, in _gcd_import
  File "<frozen importlib._bootstrap>", line 1360, in _find_and_load
  File "<frozen importlib._bootstrap>", line 1331, in _find_and_load_unlocked
  File "<frozen importlib._bootstrap>", line 935, in _load_unlocked
  File "<frozen importlib._bootstrap_external>", line 995, in exec_module
  File "<frozen importlib._bootstrap>", line 488, in _call_with_frames_removed
  File "/opt/automacoes/cliquedf/estoque/main.py", line 16, in <module>
    from app.routes import auth, estoque, compras, admin as admin_router
  File "/opt/automacoes/cliquedf/estoque/app/routes/compras.py", line 117
    linhas = [f"❌ <b>Pedido Cancelado</b> — {agora}
              ^
SyntaxError: unterminated f-string literal (detected at line 117)
Traceback (most recent call last):
  File "/opt/automacoes/cliquedf/estoque/venv/bin/uvicorn", line 6, in <module>
    sys.exit(main())
             ^^^^^^
  File "/opt/automacoes/cliquedf/estoque/venv/lib/python3.12/site-packages/click/core.py", line 1514, in __call__
    return self.main(*args, **kwargs)
           ^^^^^^^^^^^^^^^^^^^^^^^^^^
  File "/opt/automacoes/cliquedf/estoque/venv/lib/python3.12/site-packages/click/core.py", line 1435, in main
    rv = self.invoke(ctx)
         ^^^^^^^^^^^^^^^^
  File "/opt/automacoes/cliquedf/estoque/venv/lib/python3.12/site-packages/click/core.py", line 1298, in invoke
    return ctx.invoke(self.callback, **ctx.params)
           ^^^^^^^^^^^^^^^^^^^^^^^^^^^^^^^^^^^^^^^
  File "/opt/automacoes/cliquedf/estoque/venv/lib/python3.12/site-packages/click/core.py", line 853, in invoke
    return callback(*args, **kwargs)
           ^^^^^^^^^^^^^^^^^^^^^^^^^
  File "/opt/automacoes/cliquedf/estoque/venv/lib/python3.12/site-packages/uvicorn/main.py", line 441, in main
    run(
  File "/opt/automacoes/cliquedf/estoque/venv/lib/python3.12/site-packages/uvicorn/main.py", line 617, in run
    server.run()
  File "/opt/automacoes/cliquedf/estoque/venv/lib/python3.12/site-packages/uvicorn/server.py", line 75, in run
    return asyncio_run(self.serve(sockets=sockets), loop_factory=self.config.get_loop_factory())
           ^^^^^^^^^^^^^^^^^^^^^^^^^^^^^^^^^^^^^^^^^^^^^^^^^^^^^^^^^^^^^^^^^^^^^^^^^^^^^^^^^^^^^
  File "/usr/lib/python3.12/asyncio/runners.py", line 194, in run
    return runner.run(main)
           ^^^^^^^^^^^^^^^^
  File "/usr/lib/python3.12/asyncio/runners.py", line 118, in run
    return self._loop.run_until_complete(task)
           ^^^^^^^^^^^^^^^^^^^^^^^^^^^^^^^^^^^
  File "uvloop/loop.pyx", line 1518, in uvloop.loop.Loop.run_until_complete
  File "/opt/automacoes/cliquedf/estoque/venv/lib/python3.12/site-packages/uvicorn/server.py", line 79, in serve
    await self._serve(sockets)
  File "/opt/automacoes/cliquedf/estoque/venv/lib/python3.12/site-packages/uvicorn/server.py", line 86, in _serve
    config.load()
  File "/opt/automacoes/cliquedf/estoque/venv/lib/python3.12/site-packages/uvicorn/config.py", line 449, in load
    self.loaded_app = import_from_string(self.app)
                      ^^^^^^^^^^^^^^^^^^^^^^^^^^^^
  File "/opt/automacoes/cliquedf/estoque/venv/lib/python3.12/site-packages/uvicorn/importer.py", line 19, in import_from_string
    module = importlib.import_module(module_str)
             ^^^^^^^^^^^^^^^^^^^^^^^^^^^^^^^^^^^
  File "/usr/lib/python3.12/importlib/__init__.py", line 90, in import_module
    return _bootstrap._gcd_import(name[level:], package, level)
           ^^^^^^^^^^^^^^^^^^^^^^^^^^^^^^^^^^^^^^^^^^^^^^^^^^^^
  File "<frozen importlib._bootstrap>", line 1387, in _gcd_import
  File "<frozen importlib._bootstrap>", line 1360, in _find_and_load
  File "<frozen importlib._bootstrap>", line 1331, in _find_and_load_unlocked
  File "<frozen importlib._bootstrap>", line 935, in _load_unlocked
  File "<frozen importlib._bootstrap_external>", line 995, in exec_module
  File "<frozen importlib._bootstrap>", line 488, in _call_with_frames_removed
  File "/opt/automacoes/cliquedf/estoque/main.py", line 16, in <module>
    from app.routes import auth, estoque, compras, admin as admin_router
  File "/opt/automacoes/cliquedf/estoque/app/routes/compras.py", line 117
    linhas = [f"❌ <b>Pedido Cancelado</b> — {agora}
              ^
SyntaxError: unterminated f-string literal (detected at line 117)
Traceback (most recent call last):
  File "/opt/automacoes/cliquedf/estoque/venv/bin/uvicorn", line 6, in <module>
    sys.exit(main())
             ^^^^^^
  File "/opt/automacoes/cliquedf/estoque/venv/lib/python3.12/site-packages/click/core.py", line 1514, in __call__
    return self.main(*args, **kwargs)
           ^^^^^^^^^^^^^^^^^^^^^^^^^^
  File "/opt/automacoes/cliquedf/estoque/venv/lib/python3.12/site-packages/click/core.py", line 1435, in main
    rv = self.invoke(ctx)
         ^^^^^^^^^^^^^^^^
  File "/opt/automacoes/cliquedf/estoque/venv/lib/python3.12/site-packages/click/core.py", line 1298, in invoke
    return ctx.invoke(self.callback, **ctx.params)
           ^^^^^^^^^^^^^^^^^^^^^^^^^^^^^^^^^^^^^^^
  File "/opt/automacoes/cliquedf/estoque/venv/lib/python3.12/site-packages/click/core.py", line 853, in invoke
    return callback(*args, **kwargs)
           ^^^^^^^^^^^^^^^^^^^^^^^^^
  File "/opt/automacoes/cliquedf/estoque/venv/lib/python3.12/site-packages/uvicorn/main.py", line 441, in main
    run(
  File "/opt/automacoes/cliquedf/estoque/venv/lib/python3.12/site-packages/uvicorn/main.py", line 617, in run
    server.run()
  File "/opt/automacoes/cliquedf/estoque/venv/lib/python3.12/site-packages/uvicorn/server.py", line 75, in run
    return asyncio_run(self.serve(sockets=sockets), loop_factory=self.config.get_loop_factory())
           ^^^^^^^^^^^^^^^^^^^^^^^^^^^^^^^^^^^^^^^^^^^^^^^^^^^^^^^^^^^^^^^^^^^^^^^^^^^^^^^^^^^^^
  File "/usr/lib/python3.12/asyncio/runners.py", line 194, in run
    return runner.run(main)
           ^^^^^^^^^^^^^^^^
  File "/usr/lib/python3.12/asyncio/runners.py", line 118, in run
    return self._loop.run_until_complete(task)
           ^^^^^^^^^^^^^^^^^^^^^^^^^^^^^^^^^^^
  File "uvloop/loop.pyx", line 1518, in uvloop.loop.Loop.run_until_complete
  File "/opt/automacoes/cliquedf/estoque/venv/lib/python3.12/site-packages/uvicorn/server.py", line 79, in serve
    await self._serve(sockets)
  File "/opt/automacoes/cliquedf/estoque/venv/lib/python3.12/site-packages/uvicorn/server.py", line 86, in _serve
    config.load()
  File "/opt/automacoes/cliquedf/estoque/venv/lib/python3.12/site-packages/uvicorn/config.py", line 449, in load
    self.loaded_app = import_from_string(self.app)
                      ^^^^^^^^^^^^^^^^^^^^^^^^^^^^
  File "/opt/automacoes/cliquedf/estoque/venv/lib/python3.12/site-packages/uvicorn/importer.py", line 19, in import_from_string
    module = importlib.import_module(module_str)
             ^^^^^^^^^^^^^^^^^^^^^^^^^^^^^^^^^^^
  File "/usr/lib/python3.12/importlib/__init__.py", line 90, in import_module
    return _bootstrap._gcd_import(name[level:], package, level)
           ^^^^^^^^^^^^^^^^^^^^^^^^^^^^^^^^^^^^^^^^^^^^^^^^^^^^
  File "<frozen importlib._bootstrap>", line 1387, in _gcd_import
  File "<frozen importlib._bootstrap>", line 1360, in _find_and_load
  File "<frozen importlib._bootstrap>", line 1331, in _find_and_load_unlocked
  File "<frozen importlib._bootstrap>", line 935, in _load_unlocked
  File "<frozen importlib._bootstrap_external>", line 995, in exec_module
  File "<frozen importlib._bootstrap>", line 488, in _call_with_frames_removed
  File "/opt/automacoes/cliquedf/estoque/main.py", line 16, in <module>
    from app.routes import auth, estoque, compras, admin as admin_router
  File "/opt/automacoes/cliquedf/estoque/app/routes/compras.py", line 117
    linhas = [f"❌ <b>Pedido Cancelado</b> — {agora}
              ^
SyntaxError: unterminated f-string literal (detected at line 117)
INFO:     Started server process [1616073]
INFO:     Waiting for application startup.
INFO:     Application startup complete.
INFO:     Uvicorn running on http://0.0.0.0:8011 (Press CTRL+C to quit)
INFO:     Shutting down
INFO:     Waiting for application shutdown.
INFO:     Application shutdown complete.
INFO:     Finished server process [1616073]
INFO:     Started server process [1616120]
INFO:     Waiting for application startup.
INFO:     Application startup complete.
INFO:     Uvicorn running on http://0.0.0.0:8011 (Press CTRL+C to quit)
ERROR:    Exception in ASGI application
Traceback (most recent call last):
  File "/opt/automacoes/cliquedf/estoque/venv/lib/python3.12/site-packages/uvicorn/protocols/http/httptools_impl.py", line 421, in run_asgi
    result = await app(  # type: ignore[func-returns-value]
             ^^^^^^^^^^^^^^^^^^^^^^^^^^^^^^^^^^^^^^^^^^^^^^
  File "/opt/automacoes/cliquedf/estoque/venv/lib/python3.12/site-packages/uvicorn/middleware/proxy_headers.py", line 56, in __call__
    return await self.app(scope, receive, send)
           ^^^^^^^^^^^^^^^^^^^^^^^^^^^^^^^^^^^^
  File "/opt/automacoes/cliquedf/estoque/venv/lib/python3.12/site-packages/fastapi/applications.py", line 1159, in __call__
    await super().__call__(scope, receive, send)
  File "/opt/automacoes/cliquedf/estoque/venv/lib/python3.12/site-packages/starlette/applications.py", line 90, in __call__
    await self.middleware_stack(scope, receive, send)
  File "/opt/automacoes/cliquedf/estoque/venv/lib/python3.12/site-packages/starlette/middleware/errors.py", line 186, in __call__
    raise exc
  File "/opt/automacoes/cliquedf/estoque/venv/lib/python3.12/site-packages/starlette/middleware/errors.py", line 164, in __call__
    await self.app(scope, receive, _send)
  File "/opt/automacoes/cliquedf/estoque/venv/lib/python3.12/site-packages/starlette/middleware/exceptions.py", line 63, in __call__
    await wrap_app_handling_exceptions(self.app, conn)(scope, receive, send)
  File "/opt/automacoes/cliquedf/estoque/venv/lib/python3.12/site-packages/starlette/_exception_handler.py", line 53, in wrapped_app
    raise exc
  File "/opt/automacoes/cliquedf/estoque/venv/lib/python3.12/site-packages/starlette/_exception_handler.py", line 42, in wrapped_app
    await app(scope, receive, sender)
  File "/opt/automacoes/cliquedf/estoque/venv/lib/python3.12/site-packages/fastapi/middleware/asyncexitstack.py", line 18, in __call__
    await self.app(scope, receive, send)
  File "/opt/automacoes/cliquedf/estoque/venv/lib/python3.12/site-packages/starlette/routing.py", line 660, in __call__
    await self.middleware_stack(scope, receive, send)
  File "/opt/automacoes/cliquedf/estoque/venv/lib/python3.12/site-packages/starlette/routing.py", line 680, in app
    await route.handle(scope, receive, send)
  File "/opt/automacoes/cliquedf/estoque/venv/lib/python3.12/site-packages/starlette/routing.py", line 276, in handle
    await self.app(scope, receive, send)
  File "/opt/automacoes/cliquedf/estoque/venv/lib/python3.12/site-packages/fastapi/routing.py", line 134, in app
    await wrap_app_handling_exceptions(app, request)(scope, receive, send)
  File "/opt/automacoes/cliquedf/estoque/venv/lib/python3.12/site-packages/starlette/_exception_handler.py", line 53, in wrapped_app
    raise exc
  File "/opt/automacoes/cliquedf/estoque/venv/lib/python3.12/site-packages/starlette/_exception_handler.py", line 42, in wrapped_app
    await app(scope, receive, sender)
  File "/opt/automacoes/cliquedf/estoque/venv/lib/python3.12/site-packages/fastapi/routing.py", line 120, in app
    response = await f(request)
               ^^^^^^^^^^^^^^^^
  File "/opt/automacoes/cliquedf/estoque/venv/lib/python3.12/site-packages/fastapi/routing.py", line 674, in app
    raw_response = await run_endpoint_function(
                   ^^^^^^^^^^^^^^^^^^^^^^^^^^^^
  File "/opt/automacoes/cliquedf/estoque/venv/lib/python3.12/site-packages/fastapi/routing.py", line 330, in run_endpoint_function
    return await run_in_threadpool(dependant.call, **values)
           ^^^^^^^^^^^^^^^^^^^^^^^^^^^^^^^^^^^^^^^^^^^^^^^^^
  File "/opt/automacoes/cliquedf/estoque/venv/lib/python3.12/site-packages/starlette/concurrency.py", line 32, in run_in_threadpool
    return await anyio.to_thread.run_sync(func)
           ^^^^^^^^^^^^^^^^^^^^^^^^^^^^^^^^^^^^
  File "/opt/automacoes/cliquedf/estoque/venv/lib/python3.12/site-packages/anyio/to_thread.py", line 63, in run_sync
    return await get_async_backend().run_sync_in_worker_thread(
           ^^^^^^^^^^^^^^^^^^^^^^^^^^^^^^^^^^^^^^^^^^^^^^^^^^^^
  File "/opt/automacoes/cliquedf/estoque/venv/lib/python3.12/site-packages/anyio/_backends/_asyncio.py", line 2518, in run_sync_in_worker_thread
    return await future
           ^^^^^^^^^^^^
  File "/opt/automacoes/cliquedf/estoque/venv/lib/python3.12/site-packages/anyio/_backends/_asyncio.py", line 1002, in run
    result = context.run(func, *args)
             ^^^^^^^^^^^^^^^^^^^^^^^^
  File "/opt/automacoes/cliquedf/estoque/app/routes/estoque.py", line 316, in csv_infra
    return _gerar_csv(get_itens("%INFRA%", de, ate), "estoque_infra")
           ^^^^^^^^^^^^^^^^^^^^^^^^^^^^^^^^^^^^^^^^^^^^^^^^^^^^^^^^^^
  File "/opt/automacoes/cliquedf/estoque/app/routes/estoque.py", line 328, in _gerar_csv
    w.writerows(itens)
  File "/usr/lib/python3.12/csv.py", line 167, in writerows
    return self.writer.writerows(map(self._dict_to_list, rowdicts))
           ^^^^^^^^^^^^^^^^^^^^^^^^^^^^^^^^^^^^^^^^^^^^^^^^^^^^^^^^
  File "/usr/lib/python3.12/csv.py", line 159, in _dict_to_list
    raise ValueError("dict contains fields not in fieldnames: "
ValueError: dict contains fields not in fieldnames: 'estoque_minimo'
ERROR:    Exception in ASGI application
Traceback (most recent call last):
  File "/opt/automacoes/cliquedf/estoque/venv/lib/python3.12/site-packages/uvicorn/protocols/http/httptools_impl.py", line 421, in run_asgi
    result = await app(  # type: ignore[func-returns-value]
             ^^^^^^^^^^^^^^^^^^^^^^^^^^^^^^^^^^^^^^^^^^^^^^
  File "/opt/automacoes/cliquedf/estoque/venv/lib/python3.12/site-packages/uvicorn/middleware/proxy_headers.py", line 56, in __call__
    return await self.app(scope, receive, send)
           ^^^^^^^^^^^^^^^^^^^^^^^^^^^^^^^^^^^^
  File "/opt/automacoes/cliquedf/estoque/venv/lib/python3.12/site-packages/fastapi/applications.py", line 1159, in __call__
    await super().__call__(scope, receive, send)
  File "/opt/automacoes/cliquedf/estoque/venv/lib/python3.12/site-packages/starlette/applications.py", line 90, in __call__
    await self.middleware_stack(scope, receive, send)
  File "/opt/automacoes/cliquedf/estoque/venv/lib/python3.12/site-packages/starlette/middleware/errors.py", line 186, in __call__
    raise exc
  File "/opt/automacoes/cliquedf/estoque/venv/lib/python3.12/site-packages/starlette/middleware/errors.py", line 164, in __call__
    await self.app(scope, receive, _send)
  File "/opt/automacoes/cliquedf/estoque/venv/lib/python3.12/site-packages/starlette/middleware/exceptions.py", line 63, in __call__
    await wrap_app_handling_exceptions(self.app, conn)(scope, receive, send)
  File "/opt/automacoes/cliquedf/estoque/venv/lib/python3.12/site-packages/starlette/_exception_handler.py", line 53, in wrapped_app
    raise exc
  File "/opt/automacoes/cliquedf/estoque/venv/lib/python3.12/site-packages/starlette/_exception_handler.py", line 42, in wrapped_app
    await app(scope, receive, sender)
  File "/opt/automacoes/cliquedf/estoque/venv/lib/python3.12/site-packages/fastapi/middleware/asyncexitstack.py", line 18, in __call__
    await self.app(scope, receive, send)
  File "/opt/automacoes/cliquedf/estoque/venv/lib/python3.12/site-packages/starlette/routing.py", line 660, in __call__
    await self.middleware_stack(scope, receive, send)
  File "/opt/automacoes/cliquedf/estoque/venv/lib/python3.12/site-packages/starlette/routing.py", line 680, in app
    await route.handle(scope, receive, send)
  File "/opt/automacoes/cliquedf/estoque/venv/lib/python3.12/site-packages/starlette/routing.py", line 276, in handle
    await self.app(scope, receive, send)
  File "/opt/automacoes/cliquedf/estoque/venv/lib/python3.12/site-packages/fastapi/routing.py", line 134, in app
    await wrap_app_handling_exceptions(app, request)(scope, receive, send)
  File "/opt/automacoes/cliquedf/estoque/venv/lib/python3.12/site-packages/starlette/_exception_handler.py", line 53, in wrapped_app
    raise exc
  File "/opt/automacoes/cliquedf/estoque/venv/lib/python3.12/site-packages/starlette/_exception_handler.py", line 42, in wrapped_app
    await app(scope, receive, sender)
  File "/opt/automacoes/cliquedf/estoque/venv/lib/python3.12/site-packages/fastapi/routing.py", line 120, in app
    response = await f(request)
               ^^^^^^^^^^^^^^^^
  File "/opt/automacoes/cliquedf/estoque/venv/lib/python3.12/site-packages/fastapi/routing.py", line 674, in app
    raw_response = await run_endpoint_function(
                   ^^^^^^^^^^^^^^^^^^^^^^^^^^^^
  File "/opt/automacoes/cliquedf/estoque/venv/lib/python3.12/site-packages/fastapi/routing.py", line 330, in run_endpoint_function
    return await run_in_threadpool(dependant.call, **values)
           ^^^^^^^^^^^^^^^^^^^^^^^^^^^^^^^^^^^^^^^^^^^^^^^^^
  File "/opt/automacoes/cliquedf/estoque/venv/lib/python3.12/site-packages/starlette/concurrency.py", line 32, in run_in_threadpool
    return await anyio.to_thread.run_sync(func)
           ^^^^^^^^^^^^^^^^^^^^^^^^^^^^^^^^^^^^
  File "/opt/automacoes/cliquedf/estoque/venv/lib/python3.12/site-packages/anyio/to_thread.py", line 63, in run_sync
    return await get_async_backend().run_sync_in_worker_thread(
           ^^^^^^^^^^^^^^^^^^^^^^^^^^^^^^^^^^^^^^^^^^^^^^^^^^^^
  File "/opt/automacoes/cliquedf/estoque/venv/lib/python3.12/site-packages/anyio/_backends/_asyncio.py", line 2518, in run_sync_in_worker_thread
    return await future
           ^^^^^^^^^^^^
  File "/opt/automacoes/cliquedf/estoque/venv/lib/python3.12/site-packages/anyio/_backends/_asyncio.py", line 1002, in run
    result = context.run(func, *args)
             ^^^^^^^^^^^^^^^^^^^^^^^^
  File "/opt/automacoes/cliquedf/estoque/app/routes/estoque.py", line 316, in csv_infra
    return _gerar_csv(get_itens("%INFRA%", de, ate), "estoque_infra")
           ^^^^^^^^^^^^^^^^^^^^^^^^^^^^^^^^^^^^^^^^^^^^^^^^^^^^^^^^^^
  File "/opt/automacoes/cliquedf/estoque/app/routes/estoque.py", line 328, in _gerar_csv
    w.writerows(itens)
  File "/usr/lib/python3.12/csv.py", line 167, in writerows
    return self.writer.writerows(map(self._dict_to_list, rowdicts))
           ^^^^^^^^^^^^^^^^^^^^^^^^^^^^^^^^^^^^^^^^^^^^^^^^^^^^^^^^
  File "/usr/lib/python3.12/csv.py", line 159, in _dict_to_list
    raise ValueError("dict contains fields not in fieldnames: "
ValueError: dict contains fields not in fieldnames: 'estoque_minimo'
INFO:     Shutting down
INFO:     Waiting for application shutdown.
INFO:     Application shutdown complete.
INFO:     Finished server process [1616120]
INFO:     Started server process [1878414]
INFO:     Waiting for application startup.
INFO:     Application startup complete.
INFO:     Uvicorn running on http://0.0.0.0:8011 (Press CTRL+C to quit)
INFO:     Shutting down
INFO:     Waiting for application shutdown.
INFO:     Application shutdown complete.
INFO:     Finished server process [1878414]
INFO:     Started server process [1878702]
INFO:     Waiting for application startup.
INFO:     Application startup complete.
INFO:     Uvicorn running on http://0.0.0.0:8011 (Press CTRL+C to quit)
INFO:     Shutting down
INFO:     Waiting for application shutdown.
INFO:     Application shutdown complete.
INFO:     Finished server process [1878702]
INFO:     Started server process [1879020]
INFO:     Waiting for application startup.
INFO:     Application startup complete.
INFO:     Uvicorn running on http://0.0.0.0:8011 (Press CTRL+C to quit)
INFO:     Shutting down
INFO:     Waiting for application shutdown.
INFO:     Application shutdown complete.
INFO:     Finished server process [1879020]
INFO:     Started server process [1879226]
INFO:     Waiting for application startup.
INFO:     Application startup complete.
INFO:     Uvicorn running on http://0.0.0.0:8011 (Press CTRL+C to quit)
INFO:     Shutting down
INFO:     Waiting for application shutdown.
INFO:     Application shutdown complete.
INFO:     Finished server process [1879226]
INFO:     Started server process [1879412]
INFO:     Waiting for application startup.
INFO:     Application startup complete.
INFO:     Uvicorn running on http://0.0.0.0:8011 (Press CTRL+C to quit)
INFO:     Shutting down
INFO:     Waiting for application shutdown.
INFO:     Application shutdown complete.
INFO:     Finished server process [1879412]
INFO:     Started server process [1880188]
INFO:     Waiting for application startup.
INFO:     Application startup complete.
INFO:     Uvicorn running on http://0.0.0.0:8011 (Press CTRL+C to quit)
INFO:     Shutting down
INFO:     Waiting for application shutdown.
INFO:     Application shutdown complete.
INFO:     Finished server process [1880188]
INFO:     Started server process [1880474]
INFO:     Waiting for application startup.
INFO:     Application startup complete.
INFO:     Uvicorn running on http://0.0.0.0:8011 (Press CTRL+C to quit)
INFO:     Shutting down
INFO:     Waiting for application shutdown.
INFO:     Application shutdown complete.
INFO:     Finished server process [1880474]
INFO:     Started server process [1880600]
INFO:     Waiting for application startup.
INFO:     Application startup complete.
INFO:     Uvicorn running on http://0.0.0.0:8011 (Press CTRL+C to quit)
INFO:     Shutting down
INFO:     Waiting for application shutdown.
INFO:     Application shutdown complete.
INFO:     Finished server process [1880600]
INFO:     Started server process [1880769]
INFO:     Waiting for application startup.
INFO:     Application startup complete.
INFO:     Uvicorn running on http://0.0.0.0:8011 (Press CTRL+C to quit)
INFO:     Shutting down
INFO:     Waiting for application shutdown.
INFO:     Application shutdown complete.
INFO:     Finished server process [1880769]
INFO:     Started server process [1880899]
INFO:     Waiting for application startup.
INFO:     Application startup complete.
INFO:     Uvicorn running on http://0.0.0.0:8011 (Press CTRL+C to quit)
INFO:     Shutting down
INFO:     Waiting for application shutdown.
INFO:     Application shutdown complete.
INFO:     Finished server process [1880899]
INFO:     Started server process [1969587]
INFO:     Waiting for application startup.
INFO:     Application startup complete.
INFO:     Uvicorn running on http://0.0.0.0:8011 (Press CTRL+C to quit)
INFO:     Shutting down
INFO:     Waiting for application shutdown.
INFO:     Application shutdown complete.
INFO:     Finished server process [1969587]
INFO:     Started server process [1970645]
INFO:     Waiting for application startup.
INFO:     Application startup complete.
INFO:     Uvicorn running on http://0.0.0.0:8011 (Press CTRL+C to quit)
INFO:     Shutting down
INFO:     Waiting for application shutdown.
INFO:     Application shutdown complete.
INFO:     Finished server process [1970645]
INFO:     Started server process [1971906]
INFO:     Waiting for application startup.
INFO:     Application startup complete.
INFO:     Uvicorn running on http://0.0.0.0:8011 (Press CTRL+C to quit)
INFO:     Shutting down
INFO:     Waiting for application shutdown.
INFO:     Application shutdown complete.
INFO:     Finished server process [1971906]
INFO:     Started server process [1971950]
INFO:     Waiting for application startup.
INFO:     Application startup complete.
INFO:     Uvicorn running on http://0.0.0.0:8011 (Press CTRL+C to quit)
INFO:     Shutting down
INFO:     Waiting for application shutdown.
INFO:     Application shutdown complete.
INFO:     Finished server process [1971950]
INFO:     Started server process [1972361]
INFO:     Waiting for application startup.
INFO:     Application startup complete.
INFO:     Uvicorn running on http://0.0.0.0:8011 (Press CTRL+C to quit)
INFO:     Shutting down
INFO:     Waiting for application shutdown.
INFO:     Application shutdown complete.
INFO:     Finished server process [1972361]
INFO:     Started server process [1972453]
INFO:     Waiting for application startup.
INFO:     Application startup complete.
INFO:     Uvicorn running on http://0.0.0.0:8011 (Press CTRL+C to quit)
INFO:     Shutting down
INFO:     Waiting for application shutdown.
INFO:     Application shutdown complete.
INFO:     Finished server process [1972453]
INFO:     Started server process [1972575]
INFO:     Waiting for application startup.
INFO:     Application startup complete.
INFO:     Uvicorn running on http://0.0.0.0:8011 (Press CTRL+C to quit)
ERROR:    Exception in ASGI application
Traceback (most recent call last):
  File "/opt/automacoes/cliquedf/estoque/venv/lib/python3.12/site-packages/uvicorn/protocols/http/httptools_impl.py", line 421, in run_asgi
    result = await app(  # type: ignore[func-returns-value]
             ^^^^^^^^^^^^^^^^^^^^^^^^^^^^^^^^^^^^^^^^^^^^^^
  File "/opt/automacoes/cliquedf/estoque/venv/lib/python3.12/site-packages/uvicorn/middleware/proxy_headers.py", line 56, in __call__
    return await self.app(scope, receive, send)
           ^^^^^^^^^^^^^^^^^^^^^^^^^^^^^^^^^^^^
  File "/opt/automacoes/cliquedf/estoque/venv/lib/python3.12/site-packages/fastapi/applications.py", line 1159, in __call__
    await super().__call__(scope, receive, send)
  File "/opt/automacoes/cliquedf/estoque/venv/lib/python3.12/site-packages/starlette/applications.py", line 90, in __call__
    await self.middleware_stack(scope, receive, send)
  File "/opt/automacoes/cliquedf/estoque/venv/lib/python3.12/site-packages/starlette/middleware/errors.py", line 186, in __call__
    raise exc
  File "/opt/automacoes/cliquedf/estoque/venv/lib/python3.12/site-packages/starlette/middleware/errors.py", line 164, in __call__
    await self.app(scope, receive, _send)
  File "/opt/automacoes/cliquedf/estoque/venv/lib/python3.12/site-packages/starlette/middleware/exceptions.py", line 63, in __call__
    await wrap_app_handling_exceptions(self.app, conn)(scope, receive, send)
  File "/opt/automacoes/cliquedf/estoque/venv/lib/python3.12/site-packages/starlette/_exception_handler.py", line 53, in wrapped_app
    raise exc
  File "/opt/automacoes/cliquedf/estoque/venv/lib/python3.12/site-packages/starlette/_exception_handler.py", line 42, in wrapped_app
    await app(scope, receive, sender)
  File "/opt/automacoes/cliquedf/estoque/venv/lib/python3.12/site-packages/fastapi/middleware/asyncexitstack.py", line 18, in __call__
    await self.app(scope, receive, send)
  File "/opt/automacoes/cliquedf/estoque/venv/lib/python3.12/site-packages/starlette/routing.py", line 660, in __call__
    await self.middleware_stack(scope, receive, send)
  File "/opt/automacoes/cliquedf/estoque/venv/lib/python3.12/site-packages/starlette/routing.py", line 680, in app
    await route.handle(scope, receive, send)
  File "/opt/automacoes/cliquedf/estoque/venv/lib/python3.12/site-packages/starlette/routing.py", line 276, in handle
    await self.app(scope, receive, send)
  File "/opt/automacoes/cliquedf/estoque/venv/lib/python3.12/site-packages/fastapi/routing.py", line 134, in app
    await wrap_app_handling_exceptions(app, request)(scope, receive, send)
  File "/opt/automacoes/cliquedf/estoque/venv/lib/python3.12/site-packages/starlette/_exception_handler.py", line 53, in wrapped_app
    raise exc
  File "/opt/automacoes/cliquedf/estoque/venv/lib/python3.12/site-packages/starlette/_exception_handler.py", line 42, in wrapped_app
    await app(scope, receive, sender)
  File "/opt/automacoes/cliquedf/estoque/venv/lib/python3.12/site-packages/fastapi/routing.py", line 120, in app
    response = await f(request)
               ^^^^^^^^^^^^^^^^
  File "/opt/automacoes/cliquedf/estoque/venv/lib/python3.12/site-packages/fastapi/routing.py", line 674, in app
    raw_response = await run_endpoint_function(
                   ^^^^^^^^^^^^^^^^^^^^^^^^^^^^
  File "/opt/automacoes/cliquedf/estoque/venv/lib/python3.12/site-packages/fastapi/routing.py", line 330, in run_endpoint_function
    return await run_in_threadpool(dependant.call, **values)
           ^^^^^^^^^^^^^^^^^^^^^^^^^^^^^^^^^^^^^^^^^^^^^^^^^
  File "/opt/automacoes/cliquedf/estoque/venv/lib/python3.12/site-packages/starlette/concurrency.py", line 32, in run_in_threadpool
    return await anyio.to_thread.run_sync(func)
           ^^^^^^^^^^^^^^^^^^^^^^^^^^^^^^^^^^^^
  File "/opt/automacoes/cliquedf/estoque/venv/lib/python3.12/site-packages/anyio/to_thread.py", line 63, in run_sync
    return await get_async_backend().run_sync_in_worker_thread(
           ^^^^^^^^^^^^^^^^^^^^^^^^^^^^^^^^^^^^^^^^^^^^^^^^^^^^
  File "/opt/automacoes/cliquedf/estoque/venv/lib/python3.12/site-packages/anyio/_backends/_asyncio.py", line 2518, in run_sync_in_worker_thread
    return await future
           ^^^^^^^^^^^^
  File "/opt/automacoes/cliquedf/estoque/venv/lib/python3.12/site-packages/anyio/_backends/_asyncio.py", line 1002, in run
    result = context.run(func, *args)
             ^^^^^^^^^^^^^^^^^^^^^^^^
  File "/opt/automacoes/cliquedf/estoque/app/routes/estoque.py", line 311, in csv_casa
    return _gerar_csv(get_itens("%CASA%", de, ate), "estoque_casa")
           ^^^^^^^^^^^^^^^^^^^^^^^^^^^^^^^^^^^^^^^^^^^^^^^^^^^^^^^^
  File "/opt/automacoes/cliquedf/estoque/app/routes/estoque.py", line 328, in _gerar_csv
    w.writerows(itens)
  File "/usr/lib/python3.12/csv.py", line 167, in writerows
    return self.writer.writerows(map(self._dict_to_list, rowdicts))
           ^^^^^^^^^^^^^^^^^^^^^^^^^^^^^^^^^^^^^^^^^^^^^^^^^^^^^^^^
  File "/usr/lib/python3.12/csv.py", line 159, in _dict_to_list
    raise ValueError("dict contains fields not in fieldnames: "
ValueError: dict contains fields not in fieldnames: 'estoque_minimo'
ERROR:    Exception in ASGI application
Traceback (most recent call last):
  File "/opt/automacoes/cliquedf/estoque/venv/lib/python3.12/site-packages/uvicorn/protocols/http/httptools_impl.py", line 421, in run_asgi
    result = await app(  # type: ignore[func-returns-value]
             ^^^^^^^^^^^^^^^^^^^^^^^^^^^^^^^^^^^^^^^^^^^^^^
  File "/opt/automacoes/cliquedf/estoque/venv/lib/python3.12/site-packages/uvicorn/middleware/proxy_headers.py", line 56, in __call__
    return await self.app(scope, receive, send)
           ^^^^^^^^^^^^^^^^^^^^^^^^^^^^^^^^^^^^
  File "/opt/automacoes/cliquedf/estoque/venv/lib/python3.12/site-packages/fastapi/applications.py", line 1159, in __call__
    await super().__call__(scope, receive, send)
  File "/opt/automacoes/cliquedf/estoque/venv/lib/python3.12/site-packages/starlette/applications.py", line 90, in __call__
    await self.middleware_stack(scope, receive, send)
  File "/opt/automacoes/cliquedf/estoque/venv/lib/python3.12/site-packages/starlette/middleware/errors.py", line 186, in __call__
    raise exc
  File "/opt/automacoes/cliquedf/estoque/venv/lib/python3.12/site-packages/starlette/middleware/errors.py", line 164, in __call__
    await self.app(scope, receive, _send)
  File "/opt/automacoes/cliquedf/estoque/venv/lib/python3.12/site-packages/starlette/middleware/exceptions.py", line 63, in __call__
    await wrap_app_handling_exceptions(self.app, conn)(scope, receive, send)
  File "/opt/automacoes/cliquedf/estoque/venv/lib/python3.12/site-packages/starlette/_exception_handler.py", line 53, in wrapped_app
    raise exc
  File "/opt/automacoes/cliquedf/estoque/venv/lib/python3.12/site-packages/starlette/_exception_handler.py", line 42, in wrapped_app
    await app(scope, receive, sender)
  File "/opt/automacoes/cliquedf/estoque/venv/lib/python3.12/site-packages/fastapi/middleware/asyncexitstack.py", line 18, in __call__
    await self.app(scope, receive, send)
  File "/opt/automacoes/cliquedf/estoque/venv/lib/python3.12/site-packages/starlette/routing.py", line 660, in __call__
    await self.middleware_stack(scope, receive, send)
  File "/opt/automacoes/cliquedf/estoque/venv/lib/python3.12/site-packages/starlette/routing.py", line 680, in app
    await route.handle(scope, receive, send)
  File "/opt/automacoes/cliquedf/estoque/venv/lib/python3.12/site-packages/starlette/routing.py", line 276, in handle
    await self.app(scope, receive, send)
  File "/opt/automacoes/cliquedf/estoque/venv/lib/python3.12/site-packages/fastapi/routing.py", line 134, in app
    await wrap_app_handling_exceptions(app, request)(scope, receive, send)
  File "/opt/automacoes/cliquedf/estoque/venv/lib/python3.12/site-packages/starlette/_exception_handler.py", line 53, in wrapped_app
    raise exc
  File "/opt/automacoes/cliquedf/estoque/venv/lib/python3.12/site-packages/starlette/_exception_handler.py", line 42, in wrapped_app
    await app(scope, receive, sender)
  File "/opt/automacoes/cliquedf/estoque/venv/lib/python3.12/site-packages/fastapi/routing.py", line 120, in app
    response = await f(request)
               ^^^^^^^^^^^^^^^^
  File "/opt/automacoes/cliquedf/estoque/venv/lib/python3.12/site-packages/fastapi/routing.py", line 674, in app
    raw_response = await run_endpoint_function(
                   ^^^^^^^^^^^^^^^^^^^^^^^^^^^^
  File "/opt/automacoes/cliquedf/estoque/venv/lib/python3.12/site-packages/fastapi/routing.py", line 330, in run_endpoint_function
    return await run_in_threadpool(dependant.call, **values)
           ^^^^^^^^^^^^^^^^^^^^^^^^^^^^^^^^^^^^^^^^^^^^^^^^^
  File "/opt/automacoes/cliquedf/estoque/venv/lib/python3.12/site-packages/starlette/concurrency.py", line 32, in run_in_threadpool
    return await anyio.to_thread.run_sync(func)
           ^^^^^^^^^^^^^^^^^^^^^^^^^^^^^^^^^^^^
  File "/opt/automacoes/cliquedf/estoque/venv/lib/python3.12/site-packages/anyio/to_thread.py", line 63, in run_sync
    return await get_async_backend().run_sync_in_worker_thread(
           ^^^^^^^^^^^^^^^^^^^^^^^^^^^^^^^^^^^^^^^^^^^^^^^^^^^^
  File "/opt/automacoes/cliquedf/estoque/venv/lib/python3.12/site-packages/anyio/_backends/_asyncio.py", line 2518, in run_sync_in_worker_thread
    return await future
           ^^^^^^^^^^^^
  File "/opt/automacoes/cliquedf/estoque/venv/lib/python3.12/site-packages/anyio/_backends/_asyncio.py", line 1002, in run
    result = context.run(func, *args)
             ^^^^^^^^^^^^^^^^^^^^^^^^
  File "/opt/automacoes/cliquedf/estoque/app/routes/estoque.py", line 311, in csv_casa
    return _gerar_csv(get_itens("%CASA%", de, ate), "estoque_casa")
           ^^^^^^^^^^^^^^^^^^^^^^^^^^^^^^^^^^^^^^^^^^^^^^^^^^^^^^^^
  File "/opt/automacoes/cliquedf/estoque/app/routes/estoque.py", line 328, in _gerar_csv
    w.writerows(itens)
  File "/usr/lib/python3.12/csv.py", line 167, in writerows
    return self.writer.writerows(map(self._dict_to_list, rowdicts))
           ^^^^^^^^^^^^^^^^^^^^^^^^^^^^^^^^^^^^^^^^^^^^^^^^^^^^^^^^
  File "/usr/lib/python3.12/csv.py", line 159, in _dict_to_list
    raise ValueError("dict contains fields not in fieldnames: "
ValueError: dict contains fields not in fieldnames: 'estoque_minimo'
ERROR:    Exception in ASGI application
Traceback (most recent call last):
  File "/opt/automacoes/cliquedf/estoque/venv/lib/python3.12/site-packages/uvicorn/protocols/http/httptools_impl.py", line 421, in run_asgi
    result = await app(  # type: ignore[func-returns-value]
             ^^^^^^^^^^^^^^^^^^^^^^^^^^^^^^^^^^^^^^^^^^^^^^
  File "/opt/automacoes/cliquedf/estoque/venv/lib/python3.12/site-packages/uvicorn/middleware/proxy_headers.py", line 56, in __call__
    return await self.app(scope, receive, send)
           ^^^^^^^^^^^^^^^^^^^^^^^^^^^^^^^^^^^^
  File "/opt/automacoes/cliquedf/estoque/venv/lib/python3.12/site-packages/fastapi/applications.py", line 1159, in __call__
    await super().__call__(scope, receive, send)
  File "/opt/automacoes/cliquedf/estoque/venv/lib/python3.12/site-packages/starlette/applications.py", line 90, in __call__
    await self.middleware_stack(scope, receive, send)
  File "/opt/automacoes/cliquedf/estoque/venv/lib/python3.12/site-packages/starlette/middleware/errors.py", line 186, in __call__
    raise exc
  File "/opt/automacoes/cliquedf/estoque/venv/lib/python3.12/site-packages/starlette/middleware/errors.py", line 164, in __call__
    await self.app(scope, receive, _send)
  File "/opt/automacoes/cliquedf/estoque/venv/lib/python3.12/site-packages/starlette/middleware/exceptions.py", line 63, in __call__
    await wrap_app_handling_exceptions(self.app, conn)(scope, receive, send)
  File "/opt/automacoes/cliquedf/estoque/venv/lib/python3.12/site-packages/starlette/_exception_handler.py", line 53, in wrapped_app
    raise exc
  File "/opt/automacoes/cliquedf/estoque/venv/lib/python3.12/site-packages/starlette/_exception_handler.py", line 42, in wrapped_app
    await app(scope, receive, sender)
  File "/opt/automacoes/cliquedf/estoque/venv/lib/python3.12/site-packages/fastapi/middleware/asyncexitstack.py", line 18, in __call__
    await self.app(scope, receive, send)
  File "/opt/automacoes/cliquedf/estoque/venv/lib/python3.12/site-packages/starlette/routing.py", line 660, in __call__
    await self.middleware_stack(scope, receive, send)
  File "/opt/automacoes/cliquedf/estoque/venv/lib/python3.12/site-packages/starlette/routing.py", line 680, in app
    await route.handle(scope, receive, send)
  File "/opt/automacoes/cliquedf/estoque/venv/lib/python3.12/site-packages/starlette/routing.py", line 276, in handle
    await self.app(scope, receive, send)
  File "/opt/automacoes/cliquedf/estoque/venv/lib/python3.12/site-packages/fastapi/routing.py", line 134, in app
    await wrap_app_handling_exceptions(app, request)(scope, receive, send)
  File "/opt/automacoes/cliquedf/estoque/venv/lib/python3.12/site-packages/starlette/_exception_handler.py", line 53, in wrapped_app
    raise exc
  File "/opt/automacoes/cliquedf/estoque/venv/lib/python3.12/site-packages/starlette/_exception_handler.py", line 42, in wrapped_app
    await app(scope, receive, sender)
  File "/opt/automacoes/cliquedf/estoque/venv/lib/python3.12/site-packages/fastapi/routing.py", line 120, in app
    response = await f(request)
               ^^^^^^^^^^^^^^^^
  File "/opt/automacoes/cliquedf/estoque/venv/lib/python3.12/site-packages/fastapi/routing.py", line 674, in app
    raw_response = await run_endpoint_function(
                   ^^^^^^^^^^^^^^^^^^^^^^^^^^^^
  File "/opt/automacoes/cliquedf/estoque/venv/lib/python3.12/site-packages/fastapi/routing.py", line 330, in run_endpoint_function
    return await run_in_threadpool(dependant.call, **values)
           ^^^^^^^^^^^^^^^^^^^^^^^^^^^^^^^^^^^^^^^^^^^^^^^^^
  File "/opt/automacoes/cliquedf/estoque/venv/lib/python3.12/site-packages/starlette/concurrency.py", line 32, in run_in_threadpool
    return await anyio.to_thread.run_sync(func)
           ^^^^^^^^^^^^^^^^^^^^^^^^^^^^^^^^^^^^
  File "/opt/automacoes/cliquedf/estoque/venv/lib/python3.12/site-packages/anyio/to_thread.py", line 63, in run_sync
    return await get_async_backend().run_sync_in_worker_thread(
           ^^^^^^^^^^^^^^^^^^^^^^^^^^^^^^^^^^^^^^^^^^^^^^^^^^^^
  File "/opt/automacoes/cliquedf/estoque/venv/lib/python3.12/site-packages/anyio/_backends/_asyncio.py", line 2518, in run_sync_in_worker_thread
    return await future
           ^^^^^^^^^^^^
  File "/opt/automacoes/cliquedf/estoque/venv/lib/python3.12/site-packages/anyio/_backends/_asyncio.py", line 1002, in run
    result = context.run(func, *args)
             ^^^^^^^^^^^^^^^^^^^^^^^^
  File "/opt/automacoes/cliquedf/estoque/app/routes/estoque.py", line 311, in csv_casa
    return _gerar_csv(get_itens("%CASA%", de, ate), "estoque_casa")
           ^^^^^^^^^^^^^^^^^^^^^^^^^^^^^^^^^^^^^^^^^^^^^^^^^^^^^^^^
  File "/opt/automacoes/cliquedf/estoque/app/routes/estoque.py", line 328, in _gerar_csv
    w.writerows(itens)
  File "/usr/lib/python3.12/csv.py", line 167, in writerows
    return self.writer.writerows(map(self._dict_to_list, rowdicts))
           ^^^^^^^^^^^^^^^^^^^^^^^^^^^^^^^^^^^^^^^^^^^^^^^^^^^^^^^^
  File "/usr/lib/python3.12/csv.py", line 159, in _dict_to_list
    raise ValueError("dict contains fields not in fieldnames: "
ValueError: dict contains fields not in fieldnames: 'estoque_minimo'
ERROR:    Exception in ASGI application
Traceback (most recent call last):
  File "/opt/automacoes/cliquedf/estoque/venv/lib/python3.12/site-packages/uvicorn/protocols/http/httptools_impl.py", line 421, in run_asgi
    result = await app(  # type: ignore[func-returns-value]
             ^^^^^^^^^^^^^^^^^^^^^^^^^^^^^^^^^^^^^^^^^^^^^^
  File "/opt/automacoes/cliquedf/estoque/venv/lib/python3.12/site-packages/uvicorn/middleware/proxy_headers.py", line 56, in __call__
    return await self.app(scope, receive, send)
           ^^^^^^^^^^^^^^^^^^^^^^^^^^^^^^^^^^^^
  File "/opt/automacoes/cliquedf/estoque/venv/lib/python3.12/site-packages/fastapi/applications.py", line 1159, in __call__
    await super().__call__(scope, receive, send)
  File "/opt/automacoes/cliquedf/estoque/venv/lib/python3.12/site-packages/starlette/applications.py", line 90, in __call__
    await self.middleware_stack(scope, receive, send)
  File "/opt/automacoes/cliquedf/estoque/venv/lib/python3.12/site-packages/starlette/middleware/errors.py", line 186, in __call__
    raise exc
  File "/opt/automacoes/cliquedf/estoque/venv/lib/python3.12/site-packages/starlette/middleware/errors.py", line 164, in __call__
    await self.app(scope, receive, _send)
  File "/opt/automacoes/cliquedf/estoque/venv/lib/python3.12/site-packages/starlette/middleware/exceptions.py", line 63, in __call__
    await wrap_app_handling_exceptions(self.app, conn)(scope, receive, send)
  File "/opt/automacoes/cliquedf/estoque/venv/lib/python3.12/site-packages/starlette/_exception_handler.py", line 53, in wrapped_app
    raise exc
  File "/opt/automacoes/cliquedf/estoque/venv/lib/python3.12/site-packages/starlette/_exception_handler.py", line 42, in wrapped_app
    await app(scope, receive, sender)
  File "/opt/automacoes/cliquedf/estoque/venv/lib/python3.12/site-packages/fastapi/middleware/asyncexitstack.py", line 18, in __call__
    await self.app(scope, receive, send)
  File "/opt/automacoes/cliquedf/estoque/venv/lib/python3.12/site-packages/starlette/routing.py", line 660, in __call__
    await self.middleware_stack(scope, receive, send)
  File "/opt/automacoes/cliquedf/estoque/venv/lib/python3.12/site-packages/starlette/routing.py", line 680, in app
    await route.handle(scope, receive, send)
  File "/opt/automacoes/cliquedf/estoque/venv/lib/python3.12/site-packages/starlette/routing.py", line 276, in handle
    await self.app(scope, receive, send)
  File "/opt/automacoes/cliquedf/estoque/venv/lib/python3.12/site-packages/fastapi/routing.py", line 134, in app
    await wrap_app_handling_exceptions(app, request)(scope, receive, send)
  File "/opt/automacoes/cliquedf/estoque/venv/lib/python3.12/site-packages/starlette/_exception_handler.py", line 53, in wrapped_app
    raise exc
  File "/opt/automacoes/cliquedf/estoque/venv/lib/python3.12/site-packages/starlette/_exception_handler.py", line 42, in wrapped_app
    await app(scope, receive, sender)
  File "/opt/automacoes/cliquedf/estoque/venv/lib/python3.12/site-packages/fastapi/routing.py", line 120, in app
    response = await f(request)
               ^^^^^^^^^^^^^^^^
  File "/opt/automacoes/cliquedf/estoque/venv/lib/python3.12/site-packages/fastapi/routing.py", line 674, in app
    raw_response = await run_endpoint_function(
                   ^^^^^^^^^^^^^^^^^^^^^^^^^^^^
  File "/opt/automacoes/cliquedf/estoque/venv/lib/python3.12/site-packages/fastapi/routing.py", line 330, in run_endpoint_function
    return await run_in_threadpool(dependant.call, **values)
           ^^^^^^^^^^^^^^^^^^^^^^^^^^^^^^^^^^^^^^^^^^^^^^^^^
  File "/opt/automacoes/cliquedf/estoque/venv/lib/python3.12/site-packages/starlette/concurrency.py", line 32, in run_in_threadpool
    return await anyio.to_thread.run_sync(func)
           ^^^^^^^^^^^^^^^^^^^^^^^^^^^^^^^^^^^^
  File "/opt/automacoes/cliquedf/estoque/venv/lib/python3.12/site-packages/anyio/to_thread.py", line 63, in run_sync
    return await get_async_backend().run_sync_in_worker_thread(
           ^^^^^^^^^^^^^^^^^^^^^^^^^^^^^^^^^^^^^^^^^^^^^^^^^^^^
  File "/opt/automacoes/cliquedf/estoque/venv/lib/python3.12/site-packages/anyio/_backends/_asyncio.py", line 2518, in run_sync_in_worker_thread
    return await future
           ^^^^^^^^^^^^
  File "/opt/automacoes/cliquedf/estoque/venv/lib/python3.12/site-packages/anyio/_backends/_asyncio.py", line 1002, in run
    result = context.run(func, *args)
             ^^^^^^^^^^^^^^^^^^^^^^^^
  File "/opt/automacoes/cliquedf/estoque/app/routes/estoque.py", line 311, in csv_casa
    return _gerar_csv(get_itens("%CASA%", de, ate), "estoque_casa")
           ^^^^^^^^^^^^^^^^^^^^^^^^^^^^^^^^^^^^^^^^^^^^^^^^^^^^^^^^
  File "/opt/automacoes/cliquedf/estoque/app/routes/estoque.py", line 328, in _gerar_csv
    w.writerows(itens)
  File "/usr/lib/python3.12/csv.py", line 167, in writerows
    return self.writer.writerows(map(self._dict_to_list, rowdicts))
           ^^^^^^^^^^^^^^^^^^^^^^^^^^^^^^^^^^^^^^^^^^^^^^^^^^^^^^^^
  File "/usr/lib/python3.12/csv.py", line 159, in _dict_to_list
    raise ValueError("dict contains fields not in fieldnames: "
ValueError: dict contains fields not in fieldnames: 'estoque_minimo'
ERROR:    Exception in ASGI application
Traceback (most recent call last):
  File "/opt/automacoes/cliquedf/estoque/venv/lib/python3.12/site-packages/uvicorn/protocols/http/httptools_impl.py", line 421, in run_asgi
    result = await app(  # type: ignore[func-returns-value]
             ^^^^^^^^^^^^^^^^^^^^^^^^^^^^^^^^^^^^^^^^^^^^^^
  File "/opt/automacoes/cliquedf/estoque/venv/lib/python3.12/site-packages/uvicorn/middleware/proxy_headers.py", line 56, in __call__
    return await self.app(scope, receive, send)
           ^^^^^^^^^^^^^^^^^^^^^^^^^^^^^^^^^^^^
  File "/opt/automacoes/cliquedf/estoque/venv/lib/python3.12/site-packages/fastapi/applications.py", line 1159, in __call__
    await super().__call__(scope, receive, send)
  File "/opt/automacoes/cliquedf/estoque/venv/lib/python3.12/site-packages/starlette/applications.py", line 90, in __call__
    await self.middleware_stack(scope, receive, send)
  File "/opt/automacoes/cliquedf/estoque/venv/lib/python3.12/site-packages/starlette/middleware/errors.py", line 186, in __call__
    raise exc
  File "/opt/automacoes/cliquedf/estoque/venv/lib/python3.12/site-packages/starlette/middleware/errors.py", line 164, in __call__
    await self.app(scope, receive, _send)
  File "/opt/automacoes/cliquedf/estoque/venv/lib/python3.12/site-packages/starlette/middleware/exceptions.py", line 63, in __call__
    await wrap_app_handling_exceptions(self.app, conn)(scope, receive, send)
  File "/opt/automacoes/cliquedf/estoque/venv/lib/python3.12/site-packages/starlette/_exception_handler.py", line 53, in wrapped_app
    raise exc
  File "/opt/automacoes/cliquedf/estoque/venv/lib/python3.12/site-packages/starlette/_exception_handler.py", line 42, in wrapped_app
    await app(scope, receive, sender)
  File "/opt/automacoes/cliquedf/estoque/venv/lib/python3.12/site-packages/fastapi/middleware/asyncexitstack.py", line 18, in __call__
    await self.app(scope, receive, send)
  File "/opt/automacoes/cliquedf/estoque/venv/lib/python3.12/site-packages/starlette/routing.py", line 660, in __call__
    await self.middleware_stack(scope, receive, send)
  File "/opt/automacoes/cliquedf/estoque/venv/lib/python3.12/site-packages/starlette/routing.py", line 680, in app
    await route.handle(scope, receive, send)
  File "/opt/automacoes/cliquedf/estoque/venv/lib/python3.12/site-packages/starlette/routing.py", line 276, in handle
    await self.app(scope, receive, send)
  File "/opt/automacoes/cliquedf/estoque/venv/lib/python3.12/site-packages/fastapi/routing.py", line 134, in app
    await wrap_app_handling_exceptions(app, request)(scope, receive, send)
  File "/opt/automacoes/cliquedf/estoque/venv/lib/python3.12/site-packages/starlette/_exception_handler.py", line 53, in wrapped_app
    raise exc
  File "/opt/automacoes/cliquedf/estoque/venv/lib/python3.12/site-packages/starlette/_exception_handler.py", line 42, in wrapped_app
    await app(scope, receive, sender)
  File "/opt/automacoes/cliquedf/estoque/venv/lib/python3.12/site-packages/fastapi/routing.py", line 120, in app
    response = await f(request)
               ^^^^^^^^^^^^^^^^
  File "/opt/automacoes/cliquedf/estoque/venv/lib/python3.12/site-packages/fastapi/routing.py", line 674, in app
    raw_response = await run_endpoint_function(
                   ^^^^^^^^^^^^^^^^^^^^^^^^^^^^
  File "/opt/automacoes/cliquedf/estoque/venv/lib/python3.12/site-packages/fastapi/routing.py", line 330, in run_endpoint_function
    return await run_in_threadpool(dependant.call, **values)
           ^^^^^^^^^^^^^^^^^^^^^^^^^^^^^^^^^^^^^^^^^^^^^^^^^
  File "/opt/automacoes/cliquedf/estoque/venv/lib/python3.12/site-packages/starlette/concurrency.py", line 32, in run_in_threadpool
    return await anyio.to_thread.run_sync(func)
           ^^^^^^^^^^^^^^^^^^^^^^^^^^^^^^^^^^^^
  File "/opt/automacoes/cliquedf/estoque/venv/lib/python3.12/site-packages/anyio/to_thread.py", line 63, in run_sync
    return await get_async_backend().run_sync_in_worker_thread(
           ^^^^^^^^^^^^^^^^^^^^^^^^^^^^^^^^^^^^^^^^^^^^^^^^^^^^
  File "/opt/automacoes/cliquedf/estoque/venv/lib/python3.12/site-packages/anyio/_backends/_asyncio.py", line 2518, in run_sync_in_worker_thread
    return await future
           ^^^^^^^^^^^^
  File "/opt/automacoes/cliquedf/estoque/venv/lib/python3.12/site-packages/anyio/_backends/_asyncio.py", line 1002, in run
    result = context.run(func, *args)
             ^^^^^^^^^^^^^^^^^^^^^^^^
  File "/opt/automacoes/cliquedf/estoque/app/routes/estoque.py", line 311, in csv_casa
    return _gerar_csv(get_itens("%CASA%", de, ate), "estoque_casa")
           ^^^^^^^^^^^^^^^^^^^^^^^^^^^^^^^^^^^^^^^^^^^^^^^^^^^^^^^^
  File "/opt/automacoes/cliquedf/estoque/app/routes/estoque.py", line 328, in _gerar_csv
    w.writerows(itens)
  File "/usr/lib/python3.12/csv.py", line 167, in writerows
    return self.writer.writerows(map(self._dict_to_list, rowdicts))
           ^^^^^^^^^^^^^^^^^^^^^^^^^^^^^^^^^^^^^^^^^^^^^^^^^^^^^^^^
  File "/usr/lib/python3.12/csv.py", line 159, in _dict_to_list
    raise ValueError("dict contains fields not in fieldnames: "
ValueError: dict contains fields not in fieldnames: 'estoque_minimo'
ERROR:    Exception in ASGI application
Traceback (most recent call last):
  File "/opt/automacoes/cliquedf/estoque/venv/lib/python3.12/site-packages/uvicorn/protocols/http/httptools_impl.py", line 421, in run_asgi
    result = await app(  # type: ignore[func-returns-value]
             ^^^^^^^^^^^^^^^^^^^^^^^^^^^^^^^^^^^^^^^^^^^^^^
  File "/opt/automacoes/cliquedf/estoque/venv/lib/python3.12/site-packages/uvicorn/middleware/proxy_headers.py", line 56, in __call__
    return await self.app(scope, receive, send)
           ^^^^^^^^^^^^^^^^^^^^^^^^^^^^^^^^^^^^
  File "/opt/automacoes/cliquedf/estoque/venv/lib/python3.12/site-packages/fastapi/applications.py", line 1159, in __call__
    await super().__call__(scope, receive, send)
  File "/opt/automacoes/cliquedf/estoque/venv/lib/python3.12/site-packages/starlette/applications.py", line 90, in __call__
    await self.middleware_stack(scope, receive, send)
  File "/opt/automacoes/cliquedf/estoque/venv/lib/python3.12/site-packages/starlette/middleware/errors.py", line 186, in __call__
    raise exc
  File "/opt/automacoes/cliquedf/estoque/venv/lib/python3.12/site-packages/starlette/middleware/errors.py", line 164, in __call__
    await self.app(scope, receive, _send)
  File "/opt/automacoes/cliquedf/estoque/venv/lib/python3.12/site-packages/starlette/middleware/exceptions.py", line 63, in __call__
    await wrap_app_handling_exceptions(self.app, conn)(scope, receive, send)
  File "/opt/automacoes/cliquedf/estoque/venv/lib/python3.12/site-packages/starlette/_exception_handler.py", line 53, in wrapped_app
    raise exc
  File "/opt/automacoes/cliquedf/estoque/venv/lib/python3.12/site-packages/starlette/_exception_handler.py", line 42, in wrapped_app
    await app(scope, receive, sender)
  File "/opt/automacoes/cliquedf/estoque/venv/lib/python3.12/site-packages/fastapi/middleware/asyncexitstack.py", line 18, in __call__
    await self.app(scope, receive, send)
  File "/opt/automacoes/cliquedf/estoque/venv/lib/python3.12/site-packages/starlette/routing.py", line 660, in __call__
    await self.middleware_stack(scope, receive, send)
  File "/opt/automacoes/cliquedf/estoque/venv/lib/python3.12/site-packages/starlette/routing.py", line 680, in app
    await route.handle(scope, receive, send)
  File "/opt/automacoes/cliquedf/estoque/venv/lib/python3.12/site-packages/starlette/routing.py", line 276, in handle
    await self.app(scope, receive, send)
  File "/opt/automacoes/cliquedf/estoque/venv/lib/python3.12/site-packages/fastapi/routing.py", line 134, in app
    await wrap_app_handling_exceptions(app, request)(scope, receive, send)
  File "/opt/automacoes/cliquedf/estoque/venv/lib/python3.12/site-packages/starlette/_exception_handler.py", line 53, in wrapped_app
    raise exc
  File "/opt/automacoes/cliquedf/estoque/venv/lib/python3.12/site-packages/starlette/_exception_handler.py", line 42, in wrapped_app
    await app(scope, receive, sender)
  File "/opt/automacoes/cliquedf/estoque/venv/lib/python3.12/site-packages/fastapi/routing.py", line 120, in app
    response = await f(request)
               ^^^^^^^^^^^^^^^^
  File "/opt/automacoes/cliquedf/estoque/venv/lib/python3.12/site-packages/fastapi/routing.py", line 674, in app
    raw_response = await run_endpoint_function(
                   ^^^^^^^^^^^^^^^^^^^^^^^^^^^^
  File "/opt/automacoes/cliquedf/estoque/venv/lib/python3.12/site-packages/fastapi/routing.py", line 330, in run_endpoint_function
    return await run_in_threadpool(dependant.call, **values)
           ^^^^^^^^^^^^^^^^^^^^^^^^^^^^^^^^^^^^^^^^^^^^^^^^^
  File "/opt/automacoes/cliquedf/estoque/venv/lib/python3.12/site-packages/starlette/concurrency.py", line 32, in run_in_threadpool
    return await anyio.to_thread.run_sync(func)
           ^^^^^^^^^^^^^^^^^^^^^^^^^^^^^^^^^^^^
  File "/opt/automacoes/cliquedf/estoque/venv/lib/python3.12/site-packages/anyio/to_thread.py", line 63, in run_sync
    return await get_async_backend().run_sync_in_worker_thread(
           ^^^^^^^^^^^^^^^^^^^^^^^^^^^^^^^^^^^^^^^^^^^^^^^^^^^^
  File "/opt/automacoes/cliquedf/estoque/venv/lib/python3.12/site-packages/anyio/_backends/_asyncio.py", line 2518, in run_sync_in_worker_thread
    return await future
           ^^^^^^^^^^^^
  File "/opt/automacoes/cliquedf/estoque/venv/lib/python3.12/site-packages/anyio/_backends/_asyncio.py", line 1002, in run
    result = context.run(func, *args)
             ^^^^^^^^^^^^^^^^^^^^^^^^
  File "/opt/automacoes/cliquedf/estoque/app/routes/estoque.py", line 316, in csv_infra
    return _gerar_csv(get_itens("%INFRA%", de, ate), "estoque_infra")
           ^^^^^^^^^^^^^^^^^^^^^^^^^^^^^^^^^^^^^^^^^^^^^^^^^^^^^^^^^^
  File "/opt/automacoes/cliquedf/estoque/app/routes/estoque.py", line 328, in _gerar_csv
    w.writerows(itens)
  File "/usr/lib/python3.12/csv.py", line 167, in writerows
    return self.writer.writerows(map(self._dict_to_list, rowdicts))
           ^^^^^^^^^^^^^^^^^^^^^^^^^^^^^^^^^^^^^^^^^^^^^^^^^^^^^^^^
  File "/usr/lib/python3.12/csv.py", line 159, in _dict_to_list
    raise ValueError("dict contains fields not in fieldnames: "
ValueError: dict contains fields not in fieldnames: 'estoque_minimo'
INFO:     Shutting down
INFO:     Waiting for application shutdown.
INFO:     Application shutdown complete.
INFO:     Finished server process [1972575]
INFO:     Started server process [2042532]
INFO:     Waiting for application startup.
INFO:     Application startup complete.
INFO:     Uvicorn running on http://0.0.0.0:8011 (Press CTRL+C to quit)
INFO:     Shutting down
INFO:     Waiting for application shutdown.
INFO:     Application shutdown complete.
INFO:     Finished server process [2042532]
INFO:     Started server process [2043708]
INFO:     Waiting for application startup.
INFO:     Application startup complete.
INFO:     Uvicorn running on http://0.0.0.0:8011 (Press CTRL+C to quit)
INFO:     Shutting down
INFO:     Waiting for application shutdown.
INFO:     Application shutdown complete.
INFO:     Finished server process [2043708]
INFO:     Started server process [2045585]
INFO:     Waiting for application startup.
INFO:     Application startup complete.
INFO:     Uvicorn running on http://0.0.0.0:8011 (Press CTRL+C to quit)
INFO:     Shutting down
INFO:     Waiting for application shutdown.
INFO:     Application shutdown complete.
INFO:     Finished server process [2045585]
INFO:     Started server process [2045795]
INFO:     Waiting for application startup.
INFO:     Application startup complete.
INFO:     Uvicorn running on http://0.0.0.0:8011 (Press CTRL+C to quit)
INFO:     Shutting down
INFO:     Waiting for application shutdown.
INFO:     Application shutdown complete.
INFO:     Finished server process [2045795]
INFO:     Started server process [2107845]
INFO:     Waiting for application startup.
INFO:     Application startup complete.
INFO:     Uvicorn running on http://0.0.0.0:8011 (Press CTRL+C to quit)
INFO:     Shutting down
INFO:     Waiting for application shutdown.
INFO:     Application shutdown complete.
INFO:     Finished server process [2107845]
INFO:     Started server process [2107924]
INFO:     Waiting for application startup.
INFO:     Application startup complete.
INFO:     Uvicorn running on http://0.0.0.0:8011 (Press CTRL+C to quit)
INFO:     Shutting down
INFO:     Waiting for application shutdown.
INFO:     Application shutdown complete.
INFO:     Finished server process [2107924]
INFO:     Started server process [2131281]
INFO:     Waiting for application startup.
INFO:     Application startup complete.
INFO:     Uvicorn running on http://0.0.0.0:8011 (Press CTRL+C to quit)
INFO:     Shutting down
INFO:     Waiting for application shutdown.
INFO:     Application shutdown complete.
INFO:     Finished server process [2131281]
INFO:     Started server process [2131466]
INFO:     Waiting for application startup.
INFO:     Application startup complete.
INFO:     Uvicorn running on http://0.0.0.0:8011 (Press CTRL+C to quit)
INFO:     Shutting down
INFO:     Waiting for application shutdown.
INFO:     Application shutdown complete.
INFO:     Finished server process [2131466]
INFO:     Started server process [2132926]
INFO:     Waiting for application startup.
INFO:     Application startup complete.
INFO:     Uvicorn running on http://0.0.0.0:8011 (Press CTRL+C to quit)
INFO:     Shutting down
INFO:     Waiting for application shutdown.
INFO:     Application shutdown complete.
INFO:     Finished server process [2132926]
INFO:     Started server process [2133132]
INFO:     Waiting for application startup.
INFO:     Application startup complete.
INFO:     Uvicorn running on http://0.0.0.0:8011 (Press CTRL+C to quit)
INFO:     Shutting down
INFO:     Waiting for application shutdown.
INFO:     Application shutdown complete.
INFO:     Finished server process [2133132]
INFO:     Started server process [2133460]
INFO:     Waiting for application startup.
INFO:     Application startup complete.
INFO:     Uvicorn running on http://0.0.0.0:8011 (Press CTRL+C to quit)
INFO:     Shutting down
INFO:     Waiting for application shutdown.
INFO:     Application shutdown complete.
INFO:     Finished server process [2133460]
INFO:     Started server process [2133551]
INFO:     Waiting for application startup.
INFO:     Application startup complete.
INFO:     Uvicorn running on http://0.0.0.0:8011 (Press CTRL+C to quit)
INFO:     Shutting down
INFO:     Waiting for application shutdown.
INFO:     Application shutdown complete.
INFO:     Finished server process [2133551]
INFO:     Started server process [2133998]
INFO:     Waiting for application startup.
INFO:     Application startup complete.
INFO:     Uvicorn running on http://0.0.0.0:8011 (Press CTRL+C to quit)
INFO:     Shutting down
INFO:     Waiting for application shutdown.
INFO:     Application shutdown complete.
INFO:     Finished server process [2133998]
INFO:     Started server process [2134171]
INFO:     Waiting for application startup.
INFO:     Application startup complete.
INFO:     Uvicorn running on http://0.0.0.0:8011 (Press CTRL+C to quit)
